Taxon orig,OTU_BCG_NortheastLakes_v1,modified_BCG,Slash,Questionable,Notes
Achnanthes spp.,Achnanthes,yes,,,
Achnanthes sp. 9 ?,Achnanthes,yes,,,
Achnanthes sp. 8 ?,Achnanthes,yes,,,
Achnanthes sp. 7 ?,Achnanthes,yes,,,
Achnanthes sp. 6 ?,Achnanthes,yes,,,
Achnanthes sp. 5 ?,Achnanthes,yes,,,
Achnanthes sp. 4 ?,Achnanthes,yes,,,
Achnanthes sp. 3 ?,Achnanthes,yes,,,
Achnanthes sp. 2 ?,Achnanthes,yes,,,
Achnanthes sp. 1?,Achnanthes,yes,,,
Achnanthes sp. 1 ?,Achnanthes,yes,,,
Achnanthes sp. 1,Achnanthes,yes,,,
Achnanthes sp.,Achnanthes,yes,,,
Achnanthes,Achnanthes,no,,,
Achnanthes acares,Achnanthes acares,no,,,
Achnanthes gracilis,Achnanthes gracilis,no,,,
Achnanthes helvetica var. alpina,Achnanthes helvetica var. alpina,no,,,
Achnanthes kryophila,Achnanthes kryophila,no,,,
Achnanthes lanceolata var. elliptica,Achnanthes lanceolata var. elliptica,no,,,
Achnanthes lapidosa var. appalachiana,Achnanthes lapidosa var. appalachiana,no,,,
Achnanthes lapidosa var. lanceolata,Achnanthes lapidosa var. lanceolata,no,,,
Achnanthes marginulata var. sublaevis,Achnanthes marginulata var. sublaevis,no,,,
Achnanthes parvula,Achnanthes parvula,no,,,
Achnanthes pinnata,Achnanthes pinnata,no,,,
Achnanthes sp. 1 NLS EAM,Achnanthes sp. 1 NLS EAM,no,,,
Achnanthes sp. 1 PIRLA,Achnanthes sp. 1 PIRLA,no,,,
Achnanthes sp. 2 PIRLA,Achnanthes sp. 2 PIRLA,no,,,
Achnanthes sp. 5 PIRLA,Achnanthes sp. 5 PIRLA,no,,,
Achnanthes sp. 6 PIRLA,Achnanthes sp. 6 PIRLA,no,,,
Achnanthes sp. 7 PIRLA,Achnanthes sp. 7 PIRLA,no,,,
Achnanthes sp. 8 PIRLA,Achnanthes sp. 8 PIRLA,no,,,
Achnanthes stolida,Achnanthes stolida,no,,,
Achnanthidium subhudsonis var. kraeuselii (Cholnoky) Cantonati and Lange-Bert.,Achnanthes subhudsonis var. kraeuselii,yes,,,
Achnanthes subhudsonis var. kraeuselii,Achnanthes subhudsonis var. kraeuselii,no,,,
Achnanthidium,Achnanthidium,no,,,
Achnanthidium biasolettianum,Achnanthidium biasolettianum,no,,,
Achnanthes biasolettiana,Achnanthidium biasolettianum,yes,,,
Achnanthidium caledonicum,Achnanthidium caledonicum,no,,,
Achnanthidium catenatum,Achnanthidium catenatum,no,,,
Achnanthidium crassum,Achnanthidium crassum,no,,,
Achnanthidium deflexum (Reimer) Kingston,Achnanthidium deflexum,yes,,,
Achnanthidium deflexum,Achnanthidium deflexum,no,,,
"Achnanthidium delmontii Pérés, Le Cohu & Barthés",Achnanthidium delmontii,yes,,,
Achnanthidium delmontii,Achnanthidium delmontii,no,,,
Achnanthidium duthiei,Achnanthidium duthiei,no,,,
Achnanthidium eutrophilum (Lange-Bertalot) Lange-Bertalot,Achnanthidium eutrophilum,yes,,,
Achnanthidium eutrophilum,Achnanthidium eutrophilum,no,,,
Achnanthidium exiguum,Achnanthidium exiguum,no,,,
Achnanthidium exiguum var. constrictum,Achnanthidium exiguum var. constrictum,no,,,
Achnanthidium exiguum var. elliptica,Achnanthidium exiguum var. elliptica,no,,,
Achnanthes exigua var. elliptica,Achnanthidium exiguum var. elliptica,yes,,,
Achnanthidium exiguum var. heterovalvum,Achnanthidium exiguum var. heterovalvum,no,,,
Achnanthidium gracillimum,Achnanthidium gracillimum,no,,,
Achnanthidium altergracillima,Achnanthidium gracillimum,yes,,,
Achnanthidium alteragracillimum,Achnanthidium gracillimum,yes,,,
Achnanthidium jackii,Achnanthidium jackii,no,,,
Achnanthidium latecephalum,Achnanthidium latecephalum,no,,,
Achnanthidium lineare,Achnanthidium lineare,no,,,
Achnanthes linearis var. pusilla,Achnanthidium lineare,yes,,,
Achnanthidium microcephalum,Achnanthidium microcephalum,no,,,
Achnanthes microcephala,Achnanthidium microcephalum,yes,,,
Achnanthidium minutissimum narrow linear morph,Achnanthidium minutissimum,yes,,,
Achnanthidium minutissimum capitate morph,Achnanthidium minutissimum,yes,,,
"Achnanthidium minutissimum \capitate form\""",Achnanthidium minutissimum,yes,,,
Achnanthidium minutissimum (Kützing) Czarnecki,Achnanthidium minutissimum,yes,,,
"Achnanthidium minutissimum ""capitate form""",Achnanthidium minutissimum,yes,,,
Achnanthidium minutissimum,Achnanthidium minutissimum,no,,,
Achnanthes minutissima,Achnanthidium minutissimum,yes,,,
Achnanthidium pyrenaicum (Hustedt) Kobayashi,Achnanthidium pyrenaicum,yes,,,
Achnanthidium pyrenaicum,Achnanthidium pyrenaicum,no,,,
Achnanthes linearis fo. curta,Achnanthidium pyrenaicum,yes,,,
Achnanthes linearis f. curta,Achnanthidium pyrenaicum,yes,,,
Achnanthidium reimeri (Camburn) Ponader et Potapova,Achnanthidium reimeri,yes,,,
Achnanthidium reimeri,Achnanthidium reimeri,no,,,
Achnanthes reimeri,Achnanthidium reimeri,yes,,,
Achnanthidium rivulare Potapova et Ponader,Achnanthidium rivulare,yes,,,
Achnanthidium rivulare,Achnanthidium rivulare,no,,,
Achnanthidium rosenstockii (Lange-Bertalot) Lange-Bertalot,Achnanthidium rosenstockii,yes,,,
Achnanthidium rosenstockii,Achnanthidium rosenstockii,no,,,
Achnanthidium saprophilum,Achnanthidium saprophilum,no,,,
Achnanthidium sp. 1 NAWQA MP,Achnanthidium sp. 1 NAWQA MP,no,,,
Achnanthidium sp. 1 NE Lakes,Achnanthidium sp. 1 NE Lakes,no,,,
Achnanthidium sp. 1 VTEC Lakes,Achnanthidium sp. 1 VTEC Lakes,no,,,
Achnanthidium sp. 2 NE Lakes,Achnanthidium sp. 2 NE Lakes,no,,,
Achnanthidium sp. 3 NE Lakes,Achnanthidium sp. 3 NE Lakes,no,,,
Achnanthidium sp. 5 NE Lakes,Achnanthidium sp. 5 NE Lakes,no,,,
Achnanthidium trinode,Achnanthidium trinode,no,,,
Achnanthes trinodis,Achnanthidium trinode,yes,,,
Actinella punctata,Actinella punctata,no,,,
Actinocyclus cf. normanii NJSS DME,Actinocyclus cf. normanii NJSS DME,no,,,
Actinocyclus normanii,Actinocyclus normanii,no,,,
Actinocyclus normanii fo. subsalsus,Actinocyclus normanii fo. subsalsus,no,,,
Actinoptychus senarius,Actinoptychus senarius,no,,,
Adlafia sp. 1 SABINE MORALES,Adlafia,yes,,,
Adlafia,Adlafia,no,,,
Adlafia bryophila,Adlafia bryophila,no,,,
Adlafia detenta (Hust.) Heudre et al.,Adlafia detenta,yes,,,
Adlafia detenta,Adlafia detenta,no,,,
Adlafia minuscula,Adlafia minuscula,no,,,
Navicula muralis,Adlafia minuscula var. muralis,yes,,,
Adlafia minuscula var. muralis,Adlafia minuscula var. muralis,no,,,
Adlafia multnomahii,Adlafia multnomahii,no,,,
Adlafia sp. 1 NE Lakes,Adlafia sp. 1 NE Lakes,no,,,
Adlafia sp. 2 NE Lakes,Adlafia sp. 2 NE Lakes,no,,,
Adlafia sp. 3 NE Lakes,Adlafia sp. 3 NE Lakes,no,,,
Adlafia suchlandtii,Adlafia suchlandtii,no,,,
Amphipleura,Amphipleura,no,,,
Amphipleura pellucida (Kützing) Kützing,Amphipleura pellucida,yes,,,
Amphipleura pellucida,Amphipleura pellucida,no,,,
Amphipleura rutilans,Amphipleura rutilans,no,,,
Amphora spp.,Amphora,yes,,,
Amphora sp. 5 NAWQA EAM,Amphora,yes,,,
Amphora sp. 2 ?,Amphora,yes,,,
Amphora sp. 1?,Amphora,yes,,,
Amphora sp. 1 ANS WRC,Amphora,yes,,,
Amphora,Amphora,no,,,
Amphora aequalis,Amphora aequalis,no,,,
Amphora cimbrica,Amphora cimbrica,no,,,
Amphora copulata (Kützing) Schoeman et Archibald,Amphora copulata,yes,,,
Amphora copulata,Amphora copulata,no,,,
Amphora delphinea var. minor,Amphora delphinea var. minor,no,,,
Amphora eximia,Amphora eximia,no,,,
Amphora fogediana,Amphora fogediana,no,,,
Amphora inariensis Krammer,Amphora inariensis,yes,,,
Amphora inariensis,Amphora inariensis,no,,yes,might be Amphora pediculus but not enough certainty to change it
Amphora ovalis (Kützing) Kützing,Amphora ovalis,yes,,,
Amphora ovalis,Amphora ovalis,no,,,
Amphora ovalis var. affinis,Amphora ovalis var. affinis,no,,,
Halamphora perpusilla,Amphora pediculus,yes,,,
Amphora pediculus (Kützing) Grunow,Amphora pediculus,yes,,,
Amphora pediculus,Amphora pediculus,no,,,
Amphora ovalis var. pediculus,Amphora pediculus,yes,,,
Aneumastus,Aneumastus,no,,,
Aneumastus pseudotusculus,Aneumastus pseudotusculus,no,,,
Aneumastus tuscula,Aneumastus tusculus,no,,,
Aneumastus tusculus,Aneumastus tusculus,no,,,
Anomoeoneis spp.,Anomoeoneis,yes,,,
Anomoeoneis sp. 1 ?,Anomoeoneis,yes,,,
Anomoeoneis,Anomoeoneis,no,,,
Anomoeoneis brachysira,Anomoeoneis brachysira,no,,,
Anomoeoneis sculpta,Anomoeoneis sculpta,no,,,
Anomoeoneis serians var. acuta,Anomoeoneis serians var. acuta,no,,,
Anomoeoneis sp. 2 PIRLA,Anomoeoneis sp. 2 PIRLA,no,,,
Anomoeoneis sp. 3 PIRLA,Anomoeoneis sp. 3 PIRLA,no,,,
Anomoeoneis sphaerophora,Anomoeoneis sphaerophora,no,,,
Anomoeoneis zellensis fo. difficilis,Anomoeoneis zellensis fo. difficilis,no,,,
Astartiella bahusiensis,Astartiella bahusiensis,no,,,
Asterionalla ralfsii var. americana,Asterionalla ralfsii var. americana,no,,,
Asterionella spp.,Asterionella,yes,,,
Asterionella sp. 3?,Asterionella,yes,,,
Asterionella sp. 2?,Asterionella,yes,,,
Asterionella,Asterionella,no,,,
Asterionella formosa Hassall,Asterionella formosa,yes,,,
Asterionella formosa,Asterionella formosa,no,,,
Asterionella formosa var. gracillima,Asterionella formosa var. gracillima,no,,,
Asterionella ralfsii,Asterionella ralfsii,no,,,
Asterionella ralfsii var. americana,Asterionella ralfsii var. americana,no,,,
Asterionella ralfsii var. americana (<45 µm),Asterionella ralfsii var. americana (<45 µm),no,,,
Asterionella ralfsii var. americana (>45 µm),Asterionella ralfsii var. americana (>45 µm),no,,,
Aulacoseira spp.,Aulacoseira,yes,,,
Aulacoseira sp. 3,Aulacoseira,yes,,,
Aulacoseira sp. 2 ?,Aulacoseira,yes,,,
Aulacoseira sp. 1 ?,Aulacoseira,yes,,,
Aulacoseira nygaardii/Aulacoseira occulta/Aulacoseira imparis,Aulacoseira,yes,,,
Aulacoseira nygaardii/A. occulta/A. imparis,Aulacoseira,yes,,,
Aulacoseira italica subsp. subarctica f. tenussima,Aulacoseira,yes,,,
Aulacoseira,Aulacoseira,no,,,
Melosira distans var. alpigena,Aulacoseira alpigena,yes,,,
Aulacoseira alpigena,Aulacoseira alpigena,no,,,
Aulacoseira alpigena/Aulacoseira subborealis/Aulacoseira sp. 3 NE Lakes,Aulacoseira alpigena/A. subborealis/A. sp. 3 NE Lakes,no,yes,,
Melosira ambigua,Aulacoseira ambigua,yes,,,
Aulacoseira ambigua (Grunow) Simonsen,Aulacoseira ambigua,yes,,,
Aulacoseira ambigua,Aulacoseira ambigua,no,,,
Aulacoseira canadensis,Aulacoseira canadensis,no,,,
Aulacoseira cf. goetzeana,Aulacoseira cf. goetzeana,no,,,
Aulacoseira coroniformis,Aulacoseira coroniformis,no,,,
Aulacoseira crassipunctata,Aulacoseira crassipunctata,no,,,
Melosira crenulata,Aulacoseira crenulata,yes,,,
Aulacoseira crenulata,Aulacoseira crenulata,no,,,
Melosira distans vars.,Aulacoseira distans,yes,,,
Melosira distans,Aulacoseira distans,yes,,,
Aulacoseira distans,Aulacoseira distans,no,,,
Melosira distans var. africana,Aulacoseira distans var. Africana,yes,,,
Aulacoseira distans var. Africana,Aulacoseira distans var. Africana,no,,,
Melosira granulata,Aulacoseira granulata,yes,,,
Aulacoseira granulata (Ehrenberg) Simonsen,Aulacoseira granulata,yes,,,
Aulacoseira granulata,Aulacoseira granulata,no,,,
Aulacoseira granulata var. angustissima (Müller) Simonsen,Aulacoseira granulata var. angustissima,yes,,,
Aulacoseira granulata var. angustissima,Aulacoseira granulata var. angustissima,no,,,
Aulacoseira granulata var. valida,Aulacoseira granulata var. valida,no,,,
Aulacoseira herzogii,Aulacoseira herzogii,no,,,
Melosira distans var. humilis,Aulacoseira humilis,yes,,,
Aulacoseira humilis (Cleve-Euler) Genkal et Trifonova,Aulacoseira humilis,yes,,,
Aulacoseira humilis,Aulacoseira humilis,no,,,
Aulacoseira imparis,Aulacoseira imparis,no,,,
Melosira islandica,Aulacoseira islandica,yes,,,
Aulacoseira islandica,Aulacoseira islandica,no,,,
Melosira italica,Aulacoseira italica,yes,,,
Aulacoseira italica (Ehrenberg) Simonsen,Aulacoseira italica,yes,,,
Aulacoseira italica,Aulacoseira italica,no,,,
Aulacoseira italica var. tenuissima,Aulacoseira italica var. tenuissima,no,,,
Melosira lirata var. lacustris,Aulacoseira lacustris,yes,,,
Aulacoseira lacustris,Aulacoseira lacustris,no,,,
Aulacoseira cf. lacustris,Aulacoseira lacustris,yes,,,
Aulacoseira laevissima,Aulacoseira laevissima,no,,,
Melosira lirata,Aulacoseira lirata,yes,,,
Melosira distans var. lirata,Aulacoseira lirata,yes,,,
Aulacoseira lirata (Ehrenberg) Ross,Aulacoseira lirata,yes,,,
Aulacoseira lirata,Aulacoseira lirata,no,,,
Melosira lirata fo. biseriata,Aulacoseira lirata var. biseriata,yes,,,
Aulacoseira lirata var. biseriata,Aulacoseira lirata var. biseriata,no,,,
Aulacoseira muzzanensis,Aulacoseira muzzanensis,no,,,
Melosira distans var. nivalis,Aulacoseira nivalis,yes,,,
Aulacoseira nivalis (W. Smith) English et Potapova,Aulacoseira nivalis,yes,,,
Aulacoseira nivalis,Aulacoseira nivalis,no,,,
Aulacoseira distans var. nivalis,Aulacoseira nivalis,yes,,,
Melosira distans var. nivaloides,Aulacoseira nivaloides,yes,,,
Aulacoseira nivaloides (Camburn) English et Potapova,Aulacoseira nivaloides,yes,,,
Aulacoseira nivaloides,Aulacoseira nivaloides,no,,,
Aulacoseira distans var. nivaloides,Aulacoseira nivaloides,yes,,,
Melosira nygaardii,Aulacoseira nygaardii,yes,,,
Aulacoseira nygaardii (Camburn) Camburn et Charles,Aulacoseira nygaardii,yes,,,
Aulacoseira nygaardii,Aulacoseira nygaardii,no,,,
Melosira perglabra,Aulacoseira perglabra,yes,,,
Aulacoseira perglabra,Aulacoseira perglabra,no,,,
Melosira perglabra var. floriniae,Aulacoseira perglabra var. florinae,yes,,,
Aulacoseira perglabra var. floriniae,Aulacoseira perglabra var. florinae,yes,,,
Aulacoseira perglabra var. florinae,Aulacoseira perglabra var. florinae,no,,,
Aulacoseira pfaffiana,Aulacoseira pfaffiana,no,,,
Aulacoseira pseudoamericana,Aulacoseira pseudoamericana,no,,,
Aulacoseira pusilla (Meister) Tuji et Houki,Aulacoseira pusilla,yes,,,
Aulacoseira pusilla,Aulacoseira pusilla,no,,,
Aulacoseira solida,Aulacoseira solida,no,,,
Achnanthes solida,Aulacoseira solida,yes,,,
Aulacoseira sp. 1 NE Lakes,Aulacoseira sp. 1 NE Lakes,no,,,
Aulacoseira sp. 1 NLS EAM,Aulacoseira sp. 1 NLS EAM,no,,,
Aulacoseira sp. 1 VTEC Lakes,Aulacoseira sp. 1 VTEC Lakes,no,,,
Aulacoseira sp. 10 NE Lakes,Aulacoseira sp. 10 NE Lakes,no,,,
Aulacoseira sp. 11 NE Lakes,Aulacoseira sp. 11 NE Lakes,no,,,
Aulacoseira sp. 13 NE Lakes,Aulacoseira sp. 13 NE Lakes,no,,,
Aulacoseira sp. 2 NE Lakes,Aulacoseira sp. 2 NE Lakes,no,,yes,are the sp. 2 NE Lakes and sp. 2VTEC Lakes the same taxon?
Aulacoseira sp. 2 VTEC Lakes,Aulacoseira sp. 2 VTEC Lakes,no,,yes,are the sp. 2 NE Lakes and sp. 2VTEC Lakes the same taxon?
Aulacoseira sp. 3 NE Lakes,Aulacoseira sp. 3 NE Lakes,no,,,
Aulacoseira sp. 4 NE Lakes,Aulacoseira sp. 4 NE Lakes,no,,yes,are the sp. 2 NE Lakes and sp. 2VTEC Lakes the same taxon?
Aulacoseira sp. 4 VTEC Lakes,Aulacoseira sp. 4 VTEC Lakes,no,,yes,are the sp. 2 NE Lakes and sp. 2VTEC Lakes the same taxon?
Aulacoseira sp. 5 NE Lakes,Aulacoseira sp. 5 NE Lakes,no,,,
Aulacoseira sp. 501 NE Lakes,Aulacoseira sp. 501 NE Lakes,no,,,
Aulacoseira sp. 6 NE Lakes,Aulacoseira sp. 6 NE Lakes,no,,,
Aulacoseira sp. 7 NE Lakes,Aulacoseira sp. 7 NE Lakes,no,,,
Aulacoseira sp. 8 NE Lakes,Aulacoseira sp. 8 NE Lakes,no,,,
Aulacoseira sp. 9 NE Lakes,Aulacoseira sp. 9 NE Lakes,no,,,
Aulacoseira sp. 9 PIRLA,Aulacoseira sp. 9 PIRLA,no,,,
Melosira italica subsp. subarctica,Aulacoseira subarctica,yes,,,
Aulacoseira subarctica (Müller) Haworth,Aulacoseira subarctica,yes,,,
Aulacoseira subarctica,Aulacoseira subarctica,no,,,
Aulacoseira subborealis,Aulacoseira subborealis,no,,,
Melosira distans var. tenella,Aulacoseira tenella,yes,,,
Aulacoseira tenella (Nygaard) Simonsen,Aulacoseira tenella,yes,,,
Aulacoseira tenella,Aulacoseira tenella,no,,,
Aulacoseira valida (Grunow) Krammer,Aulacoseira valida,yes,,,
Aulacoseira valida,Aulacoseira valida,no,,,
Bacillaria paxillifera (O.F.Müller) T.Marsson,Bacillaria paxillifera,yes,,,
Bacillaria paxillifera,Bacillaria paxillifera,no,,,
Bacillaria paradoxa,Bacillaria paxillifera,yes,,,
Bacillariophyta undet. (pennate),Bacillariophyta,yes,,,
Bacillariophyta undet. (centric) sp. 1?,Bacillariophyta,yes,,,
Bacillariophyta,Bacillariophyta,no,,,
Brachysira spp.,Brachysira,yes,,,
Brachysira sp. 1?,Brachysira,yes,,,
Brachysira sp. 1 ?,Brachysira,yes,,,
Brachysira,Brachysira,no,,,
Brachysira apiculata,Brachysira apiculata,no,,,
Brachysira aponina,Brachysira aponina,no,,,
Brachysira brebissonii Ross,Brachysira brebissonii,yes,,,
Brachysira brebissonii,Brachysira brebissonii,no,,,
Anomoeoneis serians var. brachysira fo. thermalis,Brachysira brebissonii,yes,,,
Anomoeoneis serians var. brachysira,Brachysira brebissonii,yes,,,
Brachysira elliptica,Brachysira elliptica,no,,,
Brachysira follis (Ehrenberg) Ross,Brachysira follis,yes,,,
Brachysira follis,Brachysira follis,no,,,
Anomoeoneis follis,Brachysira follis,yes,,,
Brachysira garrensis,Brachysira garrensis,no,,,
Brachysira gravida,Brachysira gravida,no,,,
Brachysira hannae,Brachysira hannae,no,,,
Brachysira intermedia,Brachysira intermedia,no,,,
Brachysira microcephala morphotype 2,Brachysira microcephala,yes,,,
Brachysira microcephala morphotype 1,Brachysira microcephala,yes,,,
Brachysira microcephala (Kützing) Compère,Brachysira microcephala,yes,,,
Brachysira microcephala,Brachysira microcephala,no,,,
Brachysira neoacuta,Brachysira neoacuta,no,,,
Brachysira ocalanensis Shayler et Siver,Brachysira ocalanensis,yes,,,
Brachysira ocalanensis,Brachysira ocalanensis,no,,,
Brachysira procera,Brachysira procera,no,,,
Brachysira serians,Brachysira serians,no,,,
Anomoeoneis serians,Brachysira serians,yes,,,
Brachysira sp. 1 NE Lakes,Brachysira sp. 1 NE Lakes,no,,,
Brachysira sp. 2 NE Lakes,Brachysira sp. 2 NE Lakes,no,,,
Brachysira sp. 3 NE Lakes,Brachysira sp. 3 NE Lakes,no,,,
Brachysira sp. 4 NE Lakes,Brachysira sp. 4 NE Lakes,no,,,
Brachysira sp. 5 NE Lakes,Brachysira sp. 5 NE Lakes,no,,,
Brachysira sp. 501 NE Lakes,Brachysira sp. 501 NE Lakes,no,,,
Brachysira sp. 6 NE Lakes,Brachysira sp. 6 NE Lakes,no,,,
Brachysira styriaca,Brachysira styriaca,no,,,
Anomoeoneis styriaca,Brachysira styriaca,yes,,,
Brachysira vitrea,Brachysira vitrea,no,,,
Anomoeoneis vitrea,Brachysira vitrea,yes,,,
Brachysira wygaschii,Brachysira wygaschii,no,,,
Brachysira zellensis,Brachysira zellensis,no,,,
Anomoeoneis zellensis,Brachysira zellensis,yes,,,
Melosira arentii,Brevisira arentii,yes,,,
Cyclotella arentii,Brevisira arentii,yes,,,
Brevisira arentii,Brevisira arentii,no,,,
Caloneis spp.,Caloneis,yes,,,
Caloneis sp. 2?,Caloneis,yes,,,
Caloneis sp. 2 ?,Caloneis,yes,,,
Caloneis sp. 1?,Caloneis,yes,,,
Caloneis sp. 1 VTEC Lakes,Caloneis,yes,,,
Caloneis sp. 1 PIRLA,Caloneis,yes,,,
Caloneis sp. 1 ?,Caloneis,yes,,,
Caloneis,Caloneis,no,,,
Caloneis amphisbaena,Caloneis amphisbaena,no,,,
Caloneis bacillum,Caloneis bacillum,no,,,
Caloneis bacillum var. fontinalis,Caloneis bacillum var. fontinalis,no,,,
Caloneis branderii,Caloneis branderii,no,,,
Caloneis hyalina,Caloneis hyalina,no,,,
Caloneis lancettula,Caloneis lancettula,no,,,
Caloneis lauta Carter,Caloneis lauta,yes,,,
Caloneis lauta,Caloneis lauta,no,,,
Caloneis leptosoma,Caloneis leptosoma,no,,,
Caloneis lewisii Patrick,Caloneis lewisii,yes,,,
Caloneis lewisii,Caloneis lewisii,no,,,
Caloneis lewisii var. inflata,Caloneis lewisii var. inflata,no,,,
Caloneis lewisii v. inflata,Caloneis lewisii var. inflata,yes,,,
Caloneis pulchra,Caloneis pulchra,no,,,
Caloneis schroederi,Caloneis schroederi,no,,,
Caloneis schumanniana,Caloneis schumanniana,no,,,
Caloneis schumanniana var. biconstricta,Caloneis schumanniana var. biconstricta,no,,,
Caloneis silicula,Caloneis silicula,no,,,
Caloneis sp. 1 NE Lakes,Caloneis sp. 1 NE Lakes,no,,,
Caloneis sp. 10 NE Lakes,Caloneis sp. 10 NE Lakes,no,,,
Caloneis sp. 11 NE Lakes,Caloneis sp. 11 NE Lakes,no,,,
Caloneis sp. 13 NE Lakes,Caloneis sp. 13 NE Lakes,no,,,
Caloneis sp. 14 NE Lakes,Caloneis sp. 14 NE Lakes,no,,,
Caloneis sp. 2 NE Lakes,Caloneis sp. 2 NE Lakes,no,,,
Caloneis sp. 3 NE Lakes,Caloneis sp. 3 NE Lakes,no,,,
Caloneis sp. 4 NE Lakes,Caloneis sp. 4 NE Lakes,no,,,
Caloneis sp. 5 NE Lakes,Caloneis sp. 5 NE Lakes,no,,,
Caloneis sp. 6 NE Lakes,Caloneis sp. 6 NE Lakes,no,,,
Caloneis sp. 7 NE Lakes,Caloneis sp. 7 NE Lakes,no,,,
Caloneis sp. 8 NE Lakes,Caloneis sp. 8 NE Lakes,no,,,
Caloneis sp. 9 NE Lakes,Caloneis sp. 9 NE Lakes,no,,,
Caloneis tenuis,Caloneis tenuis,no,,,
Caloneis thermalis,Caloneis thermalis,no,,,
Caloneis undulata,Caloneis undulata,no,,,
Caloneis ventricosa,Caloneis ventricosa,no,,,
Caloneis ventricosa var. minuta,Caloneis ventricosa var. minuta,no,,,
Caloneis ventricosa var. subundulata,Caloneis ventricosa var. subundulata,no,,,
Caloneis ventricosa var. truncatula,Caloneis ventricosa var. truncatula,no,,,
Campylodiscus hibernicus,Campylodiscus hibernicus,no,,,
Campylostylus normannianus,Campylostylus normannianus,no,,,
Capartogramma crucicula (Grunow ex Cleve) Ross,Capartogramma crucicula,yes,,,
Capartogramma crucicula,Capartogramma crucicula,no,,,
Cavinula,Cavinula,no,,,
Navicula cocconeiformis,Cavinula cocconeiformis,yes,,,
Cavinula cocconeiformis (Gregory ex Greville) Mann et Stickle,Cavinula cocconeiformis,yes,,,
Cavinula cocconeiformis,Cavinula cocconeiformis,no,,,
Cavinula cocconeiformis f. elliptica,Cavinula cocconeiformis f. elliptica,no,,,
Cavinula cocconeiformis Morphotype 1,Cavinula cocconeiformis Morphotype 1,no,,,
Cavinula cocconeiformis Morphotype 2,Cavinula cocconeiformis Morphotype 2,no,,,
Cavinula jaernefeltii (Hustedt) Mann et Stickle,Cavinula jaernefeltii,yes,,,
Cavinula jaernefeltii,Cavinula jaernefeltii,no,,,
Cavinula lapidosa,Cavinula lapidosa,no,,,
Navicula pseudoscutiformis,Cavinula pseudoscutiformis,yes,,,
Cavinula pseudoscutiformis (Hustedt) Mann et Stickle,Cavinula pseudoscutiformis,yes,,,
Cavinula pseudoscutiformis,Cavinula pseudoscutiformis,no,,,
Navicula scutelloides,Cavinula scutelloides,yes,,,
Cavinula scutelloides,Cavinula scutelloides,no,,,
Cavinula scutiformis,Cavinula scutiformis,no,,,
Cavinula sp. 1 NE Lakes,Cavinula sp. 1 NE Lakes,no,,,
Cavinula variostriata (Krasske) Mann,Cavinula variostriata,yes,,,
Cavinula variostriata,Cavinula variostriata,no,,,
Cavinula vincentii Antoniades et Hamilton,Cavinula vincentii,yes,,,
Cavinula vincentii,Cavinula vincentii,no,,,
Chamaepinnularia sp. 1?,Chamaepinnularia,yes,,,
Chamaepinnularia sp. 1 NYNJ DME,Chamaepinnularia,yes,,,
Chamaepinnularia,Chamaepinnularia,no,,,
Chamaepinnularia begeri,Chamaepinnularia begeri,no,,,
Navicula bremensis,Chamaepinnularia bremensis,yes,,,
Chamaepinnularia bremensis,Chamaepinnularia bremensis,no,,,
Chamaepinnularia evanida,Chamaepinnularia evanida,no,,,
Navicula soehrensis var. hassiaca,Chamaepinnularia hassiaca,yes,,,
Chamaepinnularia soehrensis var. hassiaca,Chamaepinnularia hassiaca,yes,,,
Chamaepinnularia hassiaca,Chamaepinnularia hassiaca,no,,,
Chamaepinnularia krookii,Chamaepinnularia krookii,no,,,
Navicula mediocris,Chamaepinnularia mediocris,yes,,,
Chamaepinnularia mediocris (Krasske) Lange-Bertalot,Chamaepinnularia mediocris,yes,,,
Chamaepinnularia mediocris,Chamaepinnularia mediocris,no,,,
Chamaepinnularia muscicola,Chamaepinnularia muscicola,no,,,
Chamaepinnularia parsura,Chamaepinnularia parsura,no,,,
Navicula soehrensis,Chamaepinnularia soehrensis,yes,,,
Chamaepinnularia soehrensis,Chamaepinnularia soehrensis,no,,,
Chamaepinnularia sp. 501 NE Lakes,Chamaepinnularia sp. 501 NE Lakes,no,,,
Chamaepinnularia sp. 506 NE Lakes,Chamaepinnularia sp. 506 NE Lakes,no,,,
Chamaepinnularia vyvermanii,Chamaepinnularia vyvermanii,no,,,
Chamaepinnularia witkowski,Chamaepinnularia witkowskii,yes,,,
Chamaepinnularia witkowskii,Chamaepinnularia witkowskii,no,,,
Cocconeis spp.,Cocconeis,yes,,,
Cocconeis sp. 2 ?,Cocconeis,yes,,,
Cocconeis sp. 1 ?,Cocconeis,yes,,,
Cocconeis,Cocconeis,no,,,
Cocconeis diminuta,Cocconeis diminuta,no,,,
Cocconeis disculus,Cocconeis disculus,no,,,
Cocconeis fluviatilis,Cocconeis fluviatilis,no,,,
Cocconeis neodiminuta,Cocconeis neodiminuta,no,,,
Cocconeis neothumensis Krammer,Cocconeis neothumensis,yes,,,
Cocconeis neothumensis,Cocconeis neothumensis,no,,,
Cocconeis pediculus,Cocconeis pediculus,no,,,
Cocconeis placentula Ehrenberg,Cocconeis placentula,yes,,,
Cocconeis placentula,Cocconeis placentula,no,,,
Cocconeis cf. placentula,Cocconeis placentula,yes,,,
Cocconeis placentula var. lineata + euglypta,Cocconeis placentula sensu lato complex,yes,,,
Cocconeis placentula var. lineata (Ehrenberg) Van Heurck,Cocconeis placentula sensu lato complex,yes,,,
Cocconeis placentula var. lineata,Cocconeis placentula sensu lato complex,yes,,,
Cocconeis placentula var. euglypta,Cocconeis placentula sensu lato complex,yes,,,
Cocconeis placentula sensu lato complex,Cocconeis placentula sensu lato complex,no,,,
Cocconeis placentula sensu lato,Cocconeis placentula sensu lato complex,yes,,,
Cocconeis pseudothumensis,Cocconeis pseudothumensis,no,,,
Cocconeis sp. 1 NE Lakes,Cocconeis sp. 1 NE Lakes,no,,,
Thalassiosira weissflogii (Grunow) Fryxell et Hasle,Conticribra weissflogii,yes,,,
Thalassiosira weissflogii,Conticribra weissflogii,yes,,,
Conticribra weissflogii,Conticribra weissflogii,no,,,
Coscinodiscus spp.,Coscinodiscus,yes,,,
Coscinodiscus,Coscinodiscus,no,,,
Navicula pusilla,Cosmioneis pusilla,yes,,,
Cosmioneis pusilla,Cosmioneis pusilla,no,,,
Craticula sp. 2,Craticula,yes,,,
Craticula sp. 1 NJSS DME,Craticula,yes,,,
Craticula sp. 1 ?,Craticula,yes,,,
Craticula,Craticula,no,,,
Craticula accomoda,Craticula accomoda,no,,,
Craticula acidoclinata,Craticula acidoclinata,no,,,
Craticula ambigua,Craticula ambigua,no,,,
Craticula buderi,Craticula buderi,no,,,
Craticula citrus,Craticula citrus,no,,,
Navicula cuspidata,Craticula cuspidata,yes,,,
Craticula cuspidata (Kützing) Mann,Craticula cuspidata,yes,,,
Craticula cuspidata,Craticula cuspidata,no,,,
Navicula halophila,Craticula halophila,yes,,,
Craticula halophila,Craticula halophila,no,,,
Craticula halophilioides,Craticula halophilioides,no,,,
Craticula minusculoides,Craticula minusculoides,no,,,
Craticula molestiformis,Craticula molestiformis,no,,,
Craticula riparia,Craticula riparia,no,,,
Navicula subminuscula,Craticula subminuscula,yes,,,
Navicula aff. subminuscula,Craticula subminuscula,yes,,,
Craticula subminuscula,Craticula subminuscula,no,,,
Navicula submolesta,Craticula submolesta,yes,,,
Craticula submolesta,Craticula submolesta,no,,,
Crenotia gibberula,Crenotia gibberula,no,,,
Achnanthes gibberula,Crenotia gibberula,yes,,,
Synedra pulchella,Ctenophora pulchella,yes,,,
Ctenophora pulchella (Ralfs ex Kützing) Williams et Round,Ctenophora pulchella,yes,,,
Ctenophora pulchella,Ctenophora pulchella,no,,,
Ctenophora pulchella var. lacerata,Ctenophora pulchella var. lacerata,no,,,
Cyclostephanos sp. 1 ?,Cyclostephanos,yes,,,
Cyclostephanos,Cyclostephanos,no,,,
Cyclostephanos costatilimbus,Cyclostephanos costatilimbus,no,,,
Cyclostephanos dubius,Cyclostephanos dubius,no,,,
"Cyclostephanos invisitatus (Hohn et Hellerman) Theriot, Stoermer et Håkansson",Cyclostephanos invisitatus,yes,,,
Cyclostephanos invisitatus,Cyclostephanos invisitatus,no,,,
Cyclostephanos cf. invisitatus UMICH,Cyclostephanos invisitatus,yes,,,
Cyclostephanos tholiformis,Cyclostephanos tholiformis,no,,,
Cyclotella spp.,Cyclotella,yes,,,
Cyclotella sp. 2?,Cyclotella,yes,,,
Cyclotella sp. 1?,Cyclotella,yes,,,
Cyclotella,Cyclotella,no,,,
Cyclotella atomus Hustedt,Cyclotella atomus,yes,,,
Cyclotella atomus,Cyclotella atomus,no,,,
Cyclotella cf. comensis/rosii,Cyclotella cf. comensis/C. rosii,no,yes,,
Cyclotella cryptica,Cyclotella cryptica,no,,,
Cyclotella cf. cryptica,Cyclotella cryptica,yes,,,
Cyclotella cyclopuncta,Cyclotella cyclopuncta,no,,,
Cyclotella distinguenda Hustedt,Cyclotella distinguenda,yes,,,
Cyclotella distinguenda,Cyclotella distinguenda,no,,,
Cyclotella distinguenda var. unipunctata,Cyclotella distinguenda var. unipunctata,no,,,
Stephanocyclus gamma,Cyclotella gamma,yes,,,
Cyclotella gamma,Cyclotella gamma,no,,,
Cyclotella glomerata,Cyclotella glomerata,no,,,
Cyclotella gordonensis,Cyclotella gordonensis,no,,,
"Cyclotella kingstonii (J.R.Johansen, J.P.Kociolek & R.L.Lowe) M.L.Julius, K.M.Downey, et al.",Cyclotella kingstonii,yes,,,
Cyclotella kingstonii,Cyclotella kingstonii,no,,,
Cyclotella meduanae,Cyclotella meduanae,no,,,
Cyclotella plitvicensis,Cyclotella plitvicensis,no,,,
Cyclotella schumannii,Cyclotella schumannii,no,,,
Cyclotella schumanni,Cyclotella schumannii,yes,,,
Cyclotella sp. 1 NE Lakes,Cyclotella sp. 1 NE Lakes,no,,,
Cyclotella sp. 2 NE Lakes,Cyclotella sp. 2 NE Lakes,no,,,
Cyclotella sp. 3 NE Lakes,Cyclotella sp. 3 NE Lakes,no,,,
Cyclotella striata,Cyclotella striata,no,,,
Cyclotella subtilis,Cyclotella subtilis,no,,,
Cymatopleura,Cymatopleura,no,,,
Cymatopleura solea,Cymatopleura solea,no,,,
Cymatopleura solea var. apiculata,Cymatopleura solea var. apiculata,no,,,
Cymbella spp.,Cymbella,yes,,,
Cymbella sp. 7 ?,Cymbella,yes,,,
Cymbella sp. 5 ?,Cymbella,yes,,,
Cymbella sp. 4 ?,Cymbella,yes,,,
Cymbella sp. 3 ?,Cymbella,yes,,,
Cymbella sp. 2 ?,Cymbella,yes,,,
Cymbella sp. 1?,Cymbella,yes,,,
Cymbella sp.,Cymbella,yes,,,
Cymbella,Cymbella,no,,,
Cymbella affiniformis,Cymbella affiniformis,no,,,
Cymbella affinis,Cymbella affinis,no,,,
Cymbella aspera (Ehrenberg) Cleve,Cymbella aspera,yes,,,
Cymbella aspera,Cymbella aspera,no,,,
Cymbella blinnii,Cymbella blinnii,no,,,
Cymbella borealis,Cymbella borealis,no,,,
Cymbella brehmii,Cymbella brehmii,no,,,
Cymbella cf. schubartii,Cymbella cf. schubartii,no,,,
Cymbella cistula,Cymbella cistula,no,,,
Cymbella compacta,Cymbella compacta,no,,,
Cymbella cymbiformis,Cymbella cymbiformis,no,,,
Cymbella ehrenbergii,Cymbella ehrenbergii,no,,,
Cymbella elginensis,Cymbella elginensis,no,,,
Cymbella excisiformis,Cymbella excisiformis,no,,,
Cymbella gaeumannii,Cymbella gaeumannii,no,,,
Cymbella cf. gaeumannii,Cymbella gaeumannii,yes,,,
Cymbella gracilis,Cymbella gracilis,no,,yes,not in Potapova et al. 2022. PG: this most likely should be Encyonema neogracile. It's possible that there may be some Encyonema pergraciile but these are larger and wider.
Cymbella helvetica,Cymbella helvetica,no,,,
Cymbella heteropleura,Cymbella heteropleura,no,,,
Cymbella hustedtii Krasske,Cymbella hustedtii,yes,,,
Cymbella hustedtii,Cymbella hustedtii,no,,,
Cymbella hybrida var. 1 PIRLA,Cymbella hybrida var. 1 PIRLA,no,,,
Cymbella laevis,Cymbella laevis,no,,,
Cymbella lanceolata,Cymbella lanceolata,no,,,
Cymbella maggiana,Cymbella maggiana,no,,,
Cymbella mexicana,Cymbella mexicana,no,,,
Cymbella microcephala var. crassa,Cymbella microcephala var. crassa,no,,,
Cymbella minuta var. pseudogracilis,Cymbella minuta var. pseudogracilis,no,,,
Cymbella neocistula,Cymbella neocistula,no,,,
Cymbella neocistula var. islandica,Cymbella neocistula var. islandica,no,,,
Cymbella neoleptoceros,Cymbella neoleptoceros,no,,,
Cymbella ovalis,Cymbella ovalis,no,,,
Cymbella sp. 1 PIRLA,Cymbella perpusilla,yes,,,
Cymbella proxima Reimer,Cymbella proxima,yes,,,
Cymbella proxima,Cymbella proxima,no,,,
Cymbella rupicola,Cymbella rupicola,no,,,
Cymbella schubartoides,Cymbella schubartoides,no,,,
Cymbella sp. 1 JFord-ConeP,Cymbella sp. 1 JFord-ConeP,no,,,
Cymbella sp. 1 NE Lakes,Cymbella sp. 1 NE Lakes,no,,,
Cymbella sp. 10 PIRLA,Cymbella sp. 10 PIRLA,no,,,
Cymbella sp. 2 PIRLA,Cymbella sp. 2 PIRLA,no,,,
Cymbella sp. 5 PIRLA,Cymbella sp. 5 PIRLA,no,,,
Cymbella sp. 9 PIRLA,Cymbella sp. 9 PIRLA,no,,,
Cymbella subaequalis f. krasskei,Cymbella subaequalis f. krasskei,no,,,
Cymbella subleptoceros,Cymbella subleptoceros,no,,,
Cymbella subturgidula,Cymbella subturgidula,no,,,
Cymbella tropica,Cymbella tropica,no,,,
Cymbella tumida,Cymbella tumida,no,,,
Cymbella tumidula,Cymbella tumidula,no,,,
Cymbella turgidula,Cymbella turgidula,no,,,
Navicula diluviana,Cymbellafalsa diluviana,yes,,,
Cymbellafalsa diluviana,Cymbellafalsa diluviana,no,,,
Cymbella diluviana,Cymbellafalsa diluviana,yes,,,
Cymbellonitzschia diluviana,Cymbellonitzschia diluviana,no,,,
Cymbopleura spp.,Cymbopleura,yes,,,
Cymbopleura sp. 1 ?,Cymbopleura,yes,,,
Cymbopleura,Cymbopleura,no,,,
Cymbopleura amphicephala,Cymbopleura amphicephala,no,,,
Cymbella amphicephala,Cymbopleura amphicephala,yes,,,
Cymbopleura anglica,Cymbopleura anglica,no,,,
Cymbopleura angustata,Cymbopleura angustata,no,,,
Cymbella angustata,Cymbopleura angustata,yes,,,
Cymbopleura apiculata,Cymbopleura apiculata,no,,,
Cymbopleura cuspidata,Cymbopleura cuspidata,no,,,
Cymbella cuspidata,Cymbopleura cuspidata,yes,,,
Cymbopleura elliptica Krammer,Cymbopleura elliptica,yes,,,
Cymbopleura elliptica,Cymbopleura elliptica,no,,,
Cymbopleura fluminea,Cymbopleura fluminea,no,,,
Cymbopleura hauckii,Cymbopleura hauckii,no,,,
Cymbopleura heinii,Cymbopleura heinii,no,,,
Cymbopleura hercynica,Cymbopleura hercynica,no,,,
Cymbella amphicephala var. hercynica,Cymbopleura hercynica,yes,,,
Cymbopleura inaequalis,Cymbopleura inaequalis,no,,,
Cymbopleura incerta,Cymbopleura incerta,no,,,
Cymbella incerta,Cymbopleura incerta,yes,,,
Cymbopleura incertiformis,Cymbopleura incertiformis,no,,,
Cymbopleura incertiformis var. laterostrata,Cymbopleura incertiformis var. laterostrata,no,,,
Cymbopleura lapponica,Cymbopleura lapponica,no,,,
Cymbopleura naviculiformis (Auerswald) Krammer,Cymbopleura naviculiformis,yes,,,
Cymbopleura naviculiformis,Cymbopleura naviculiformis,no,,,
Cymbella naviculiformis,Cymbopleura naviculiformis,yes,,,
Cymbopleura perprocera,Cymbopleura perprocera,no,,,
Cymbopleura reinhardtii,Cymbopleura reinhardtii,no,,,
Cymbopleura rupicola,Cymbopleura rupicola,no,,,
Cymbopleura similis,Cymbopleura similis,no,,,
Cymbopleura sp. 1 NE Lakes,Cymbopleura sp. 1 NE Lakes,no,,,
Cymbopleura sp. 2 NE Lakes,Cymbopleura sp. 2 NE Lakes,no,,,
Cymbopleura subaequalis,Cymbopleura subaequalis,no,,,
Cymbopleura subcuspidata (Krammer) Krammer,Cymbopleura subcuspidata,yes,,,
Cymbopleura subcuspidata,Cymbopleura subcuspidata,no,,,
Cymbopleura sublanceolata,Cymbopleura sublanceolata,no,,,
Cymbopleura subrostrata,Cymbopleura subrostrata,no,,,
Cymbella heteropleura var. subrostrata,Cymbopleura subrostrata,yes,,,
Decussiphycus,Decussiphycus,no,,,
Decussiphycus placenta,Decussiphycus placenta,no,,,
Decussata placenta (Ehrenberg) Lange-Bertalot,Decussiphycus placenta,yes,,,
Decussata placenta,Decussiphycus placenta,yes,,,
Delicata sp. 1 NE Lakes,Delicata sp. 1 NE Lakes,no,,,
Delicatophycus delicatulus,Delicatophycus delicatulus,no,,,
Delicata delicatula (Kützing) Krammer,Delicatophycus delicatulus,yes,,,
Cymbella delicatula,Delicatophycus delicatulus,yes,,,
Delicatophycus sp. 1 NE Lakes,Delicatophycus sp. 1 NE Lakes,no,,,
Delphineis minutissima,Delphineis minutissima,no,,,
Denticula,Denticula,no,,,
Denticula elegans,Denticula elegans,no,,,
Nitzschia denticula,Denticula kuetzingii,yes,,,
Denticula kuetzingii Grunow,Denticula kuetzingii,yes,,,
Denticula kuetzingii,Denticula kuetzingii,no,,,
Denticula kuetzingii var. rumrichae,Denticula kuetzingii var. rumrichae,no,,,
Denticula tenuis,Denticula tenuis,no,,,
Denticula valida,Denticula valida,no,,,
Navicula confervacea,Diadesmis confervacea,yes,,,
Diadesmis confervacea,Diadesmis confervacea,no,,,
Diadesmis sp. 1 MONTANA,Diadesmis sp. 1 MONTANA,no,,,
Diatoma spp.,Diatoma,yes,,,
Diatoma sp. 2 ?,Diatoma,yes,,,
Diatoma,Diatoma,no,,,
Odontidium hyemale,Odontidium hyemale,no,,,
Diatoma hyemalis,Odontidium hyemale,yes,,,Diatoma hyemalis is not in the original dataset
Diatoma moniliformis Kützing,Diatoma moniliformis,yes,,,
Diatoma moniliformis,Diatoma moniliformis,no,,,
Diatoma tenuis Agardh,Diatoma tenuis,yes,,,
Diatoma tenuis,Diatoma tenuis,no,,,
Diatoma tenue,Diatoma tenuis,yes,,,
Diatoma tenue var. elongatum,Diatoma tenuis var. elongata,yes,,,
Diatoma vulgaris Bory,Diatoma vulgaris,yes,,,
Diatoma vulgaris,Diatoma vulgaris,no,,,
Diatoma vulgare,Diatoma vulgaris,yes,,,
Diploneis spp.,Diploneis,yes,,,
Diploneis sp. 1?,Diploneis,yes,,,
Diploneis sp. 1 ?,Diploneis,yes,,,
Diploneis,Diploneis,no,,,
Diploneis abscondita Lange-Bertalot & A.Fuhrmann,Diploneis abscondita,yes,,,
Diploneis abscondita,Diploneis abscondita,no,,,
Diploneis boldtiana,Diploneis boldtiana,no,,,
Diploneis calcilacustris Lange-Bertalot & A.Fuhrmann,Diploneis calcilacustris,yes,,,
Diploneis calcilacustris,Diploneis calcilacustris,no,,,
Diploneis dilatata,Diploneis dilatata,no,,,
Diploneis elliptica,Diploneis elliptica,no,,,
Diploneis finnica (Ehrenberg) Cleve,Diploneis finnica,yes,,,
Diploneis finnica,Diploneis finnica,no,,,
Diploneis fontanella,Diploneis fontanella,no,,,
Diploneis interrupta,Diploneis interrupta,no,,,
Diploneis krammeri Lange-Bertalot et Reichardt,Diploneis krammeri,yes,,,
Diploneis krammeri,Diploneis krammeri,no,,,
Diploneis marginestriata,Diploneis marginestriata,no,,,
Diploneis modica,Diploneis modica,no,,,
Diploneis oblongella,Diploneis oblongella,no,,,
Diploneis oblongellopsis,Diploneis oblongellopsis/D. oblongella,yes,yes,,
Diploneis oculata,Diploneis oculata,no,,,
Diploneis ovalis,Diploneis ovalis,no,,,
Diploneis parma,Diploneis parma,no,,,
Diploneis puella,Diploneis puella,no,,,
Diploneis puellafallax Lange-Bertalot & A.Fuhrmann,Diploneis puellafallax,yes,,,
Diploneis puellafallax,Diploneis puellafallax,no,,,
Diploneis smithii,Diploneis smithii,no,,,
Diploneis smithii var. dilatata,Diploneis smithii var. dilatata,no,,,
Diploneis sp. 1 NE Lakes,Diploneis sp. 1 NE Lakes,no,,,
"Diploneis submarginestriata Jovanovska, Lange-Bert. and Levkov",Diploneis submarginestriata,yes,,,
Diploneis submarginestriata,Diploneis submarginestriata,no,,,
Diploneis subovalis,Diploneis subovalis,no,,,
Discostella asterocostata,Discostella asterocostata,no,,,
Discostella glomerata,Discostella glomerata,no,,,
"Discostella lakuskarluki (Manguin ex Kociolek & Reviers) Potapova, Aycock & Bogan",Discostella lakuskarluki,yes,,,
Discostella lakuskarluki,Discostella lakuskarluki,no,,,
Discostella pseudostelligera (Hustedt) Houk et Klee,Discostella pseudostelligera,yes,,,
Discostella pseudostelligera,Discostella pseudostelligera,no,,,
Discostella sp. 1 VTEC Lakes,Discostella sp. 1 VTEC Lakes,no,,,confirmed/identified by Paul Garrison
Discostella sp. 2 VTEC Lakes,Discostella sp. 2 VTEC Lakes,no,,,
Discostella sp. 3 VTEC Lakes,Discostella sp. 3 VTEC Lakes,no,,,
Discostella sp. 4 VTEC Lakes,Discostella sp. 4 VTEC Lakes,no,,,
Discostella stelligera (Cleve et Grunow) Houk et Klee,Discostella stelligera,yes,,,
Discostella stelligera,Discostella stelligera,no,,,
Cyclotella stelligera,Discostella stelligera,yes,,,
Discostella stelligera/Discostella asterocostata,Discostella stelligera/D. asterocostata,yes,yes,,
Discostella stelligera/D. asterocostata,Discostella stelligera/D. asterocostata,no,yes,,
Discostella woltereckii,Discostella woltereckii,no,,,
Other diatom taxa,DNI,yes,,,
Dorofeyukea kotschyi,Dorofeyukea kotschyi,no,,,
Ellerbeckia arenaria,Ellerbeckia arenaria,no,,,
Encyonema sp. 601 NE Lakes_RAI_ENC601,Encyonema,yes,,,
Encyonema sp. 601 NE Lakes RAI ENC601,Encyonema,yes,,,
Encyonema sp. 3,Encyonema,yes,,,
Encyonema sp. 2,Encyonema,yes,,,
Encyonema sp. 1?,Encyonema,yes,,,
Encyonema sp. 1 ?,Encyonema,yes,,,
Encyonema,Encyonema,no,,,
Encyonema appalachianum,Encyonema appalachianum,no,,,
Encyonema auerswaldii,Encyonema auerswaldii,no,,,
Encyonema brehmii,Encyonema brehmii,no,,,
Encyonema brevicapitatum Krammer,Encyonema brevicapitatum,yes,,,
Encyonema brevicapitatum,Encyonema brevicapitatum,no,,,
Encyonema cespitosum,Encyonema cespitosum,no,,,
Encyonema evergladianum,Encyonema evergladianum,no,,,
Encyonema gaeumannii,Encyonema gaeumannii,no,,,
Encyonema hamsherae,Encyonema hamsherae,no,,,
Encyonema hebridicum,Encyonema hebridicum,no,,,
Cymbella hebridica,Encyonema hebridicum,yes,,,
Encyonema kalbei,Encyonema kalbei,no,,,
Encyonema lange-bertalotii Krammer,Encyonema lange-bertalotii,yes,,,
Encyonema lange-bertalotii,Encyonema lange-bertalotii,no,,,
Encyonema latens,Encyonema latens,no,,,
Cymbella minuta fo. latens,Encyonema latens,yes,,,
Encyonema leibleinii,Encyonema leibleinii,no,,,
Encyonema lunatum,Encyonema lunatum,no,,,
Cymbella lunata,Encyonema lunatum,yes,,,
Encyonema mesianum,Encyonema mesianum,no,,,
Cymbella mesiana,Encyonema mesianum,yes,,,
Encyonema minutum (Hilse) Mann,Encyonema minutum,yes,,,
Encyonema minutum,Encyonema minutum,no,,,
Cymbella minuta,Encyonema minutum,yes,,,
Encyonema neogracile Krammer,Encyonema neogracile,yes,,,
Encyonema neogracile,Encyonema neogracile,no,,,
Encyonema norvegicum,Encyonema norvegicum,no,,,
Encyonema obscurum,Encyonema obscurum,no,,,
Cymbella obscura,Encyonema obscurum,yes,,,
Encyonema pergracile Krammer,Encyonema pergracile,yes,,,
Encyonema pergracile,Encyonema pergracile,no,,,
Encyonema perminutum,Encyonema perminutum,no,,,
Encyonema perpusillum,Encyonema perpusillum,no,,,
Cymbella perpusilla,Encyonema perpusillum,yes,,,
Encyonema ponteanum,Encyonema ponteanum,no,,,
Encyonema reichardtii,Encyonema reichardtii,no,,,
Encyonema reimeri,Encyonema reimeri,no,,,
Encyonema silesiacum (Bleisch) Mann,Encyonema silesiacum,yes,,,
Encyonema silesiacum,Encyonema silesiacum,no,,,
Cymbella minuta var. silesiaca,Encyonema silesiacum,yes,,,
Encyonema sp. 1 NE Lakes,Encyonema sp. 1 NE Lakes,no,,,
Encyonema sp. 2 NE Lakes,Encyonema sp. 2 NE Lakes,no,,,
Encyonema sp. 2 VTEC Lakes,Encyonema sp. 2 VTEC Lakes,no,,,
Encyonema sp. 3 NE Lakes,Encyonema sp. 3 NE Lakes,no,,,
Encyonema sp. 505 NE Lakes,Encyonema sp. 505 NE Lakes,no,,,
Encyonema temperei,Encyonema temperei,no,,,
Encyonema tenuissimum,Encyonema tenuissimum,no,,,
Encyonema triangulum (Ehrenberg) Kützing,Encyonema triangulum,yes,,,
Encyonema triangulum,Encyonema triangulum,no,,,
Encyonema tumida,Encyonema tumida,no,,,
Encyonema ventricosum,Encyonema ventricosum,no,,,
Encyonema vulgare,Encyonema vulgare,no,,,
Encyonema vulgare sensu lato,Encyonema vulgare sensu lato,no,,,
Encyonopsis sp. 1 ?,Encyonopsis,yes,,,
Encyonopsis sp.,Encyonopsis,yes,,,
Encyonopsis,Encyonopsis,no,,,
Encyonopsis aff. cesatii EAM,Encyonopsis aff. cesatii EAM,no,,,
Encyonopsis albertana,Encyonopsis albertana,no,,,
Encyonopsis cesatiformis Krammer,Encyonopsis cesatiformis,yes,,,
Encyonopsis cesatiformis,Encyonopsis cesatiformis,no,,,
Encyonopsis cesatii,Encyonopsis cesatii,no,,,
Cymbella cesatii,Encyonopsis cesatii,yes,,,
Encyonopsis delicatissima,Encyonopsis delicatissima,no,,,
Encyonopsis descripta,Encyonopsis descripta,no,,,
Cymbella descripta,Encyonopsis descripta,yes,,,
Encyonopsis descriptiformis,Encyonopsis descriptiformis,no,,,
Encyonopsis falaisensis,Encyonopsis falaisensis,no,,,
Encyonopsis hustedtii,Encyonopsis hustedtii,no,,,
Encyonopsis krammeri Reichardt,Encyonopsis krammeri,yes,,,
Encyonopsis krammeri,Encyonopsis krammeri,no,,,
Encyonopsis microcephala,Encyonopsis microcephala,no,,,
Cymbella microcephala,Encyonopsis microcephala,yes,,,
Encyonopsis minuta,Encyonopsis minuta,no,,,
Encyonopsis montana,Encyonopsis montana,no,,,
Encyonopsis naviculacea,Encyonopsis naviculacea,no,,,
"Encyonopsis neerlandica Van de Vijver, Verweij, Van der Wal et Mertens",Encyonopsis neerlandica,yes,,,
Encyonopsis neerlandica,Encyonopsis neerlandica,no,,,
Encyonopsis sp. 1 NE Lakes,Encyonopsis sp. 1 NE Lakes,no,,,
Encyonopsis sp. 2 NE Lakes,Encyonopsis sp. 2 NE Lakes,no,,,
Encyonopsis sp. 501 NE Lakes,Encyonopsis sp. 501 NE Lakes,no,,,
Encyonopsis sp. 601 NE Lakes_RAI_ENS601,Encyonopsis sp. 601 NE Lakes,yes,,,
Encyonopsis sp. 601 NE Lakes RAI ENS601,Encyonopsis sp. 601 NE Lakes,yes,,,
Encyonopsis stafsholtii,Encyonopsis stafsholtii,no,,,
Encyonopsis subminuta,Encyonopsis subminuta,no,,,
Entomoneis spp.,Entomoneis,yes,,,
Entomoneis sp. 1 ?,Entomoneis,yes,,,
Entomoneis,Entomoneis,no,,,
Entomoneis ornata,Entomoneis ornata,no,,,
Entomoneis paludosa,Entomoneis paludosa,no,,,
Eolimna sp. 2 VTEC Lakes,Eolimna,yes,,,
Eolimna,Eolimna,no,,,
Navicula aboensis,Eolimna aboensis,yes,,,
Eolimna aboensis (Cleve) Genkal,Eolimna aboensis,yes,,,
Eolimna aboensis,Eolimna aboensis,no,,,
Navicula farta,Eolimna metafarta,yes,,,
Eolimna metafarta Kulikovskiy & Lange-Bertalot,Eolimna metafarta,yes,,,
Eolimna metafarta,Eolimna metafarta,no,,,
Navicula minima,Eolimna minima,yes,,,
Eolimna sp. 1 NE Lakes,Eolimna sp. 1 NE Lakes,no,,,
Eolimna sp. 2 NE Lakes,Eolimna sp. 2 NE Lakes,no,,,
Eolimna subadnata,Eolimna subadnata,no,,,
Navicula tantula,Eolimna tantula,yes,,,
Eolimna tantula,Eolimna tantula,no,,,
Epithemia spp.,Epithemia,yes,,,
Epithemia sp. 1?,Epithemia,yes,,,
Epithemia sp. 1 NLS DME,Epithemia,yes,,,
Epithemia sp.,Epithemia,yes,,,
Epithemia,Epithemia,no,,,
Epithemia adnata (Kützing) Brébisson,Epithemia adnata,yes,,,
Epithemia adnata,Epithemia adnata,no,,,
Epithemia argus,Epithemia argus,no,,,
Epithemia argus var. protracta,Epithemia argus var. protracta,no,,,
Epithemia argus cf. var. protracta,Epithemia argus var. protracta,yes,,,
Epithemia gibba (Ehrenberg) Kützing,Epithemia gibba,yes,,,
Epithemia gibba,Epithemia gibba,no,,,
Epithemia reichelti var. 1 ANS OZRK,Epithemia reichelti,yes,,,
Epithemia reichelti,Epithemia reichelti,no,,,
Epithemia smithii,Epithemia smithii,no,,,
Epithemia sorex,Epithemia sorex,no,,,
Epithemia sp. 2 NE Lakes,Epithemia sp. 2 NE Lakes,no,,,
Epithemia turgida (Ehrenberg) Kützing,Epithemia turgida,yes,,,
Epithemia turgida,Epithemia turgida,no,,,
Epithemia turgida var. granulata,Epithemia turgida var. granulata,no,,,
Epithemia turgida var. westermannii,Epithemia turgida var. westermannii,no,,,
Eucocconeis sp. 1 NRSA RI DME,Eucocconeis,yes,,,
Eucocconeis sp. 1,Eucocconeis,yes,,,
Eucocconeis,Eucocconeis,no,,,
Eucocconeis alpestris,Eucocconeis alpestris,no,,,
Achnanthes flexella var. alpestris,Eucocconeis alpestris,yes,,,
Eucocconeis americana,Eucocconeis americana,no,,,
Achnanthes lapponica var. 1 PIRLA,Eucocconeis americana,yes,,,
Achnanthes lapponica,Eucocconeis americana,yes,,,
Eucocconeis austriaca,Eucocconeis austriaca,no,,,
Achnanthes austriaca,Eucocconeis austriaca,yes,,,
Eucocconeis depressa,Eucocconeis depressa,no,,,
Eucocconeis flexella,Eucocconeis flexella,no,,,
Achnanthes flexella,Eucocconeis flexella,yes,,,
Eucocconeis laevis (Østrup) Lange-Bertalot,Eucocconeis laevis,yes,,,
Eucocconeis laevis,Eucocconeis laevis,no,,,
Eucocconeis lapponica,Eucocconeis lapponica,no,,,
Eucocconeis leptostriata,Eucocconeis leptostriata,no,,,
Eucocconeis sp. 1 NE Lakes,Eucocconeis sp. 1 NE Lakes,no,,,
Eucocconeis sp. 2 NE Lakes,Eucocconeis sp. 2 NE Lakes,no,,,
Eunotia spp. (long),Eunotia,yes,,,
Eunotia spp.,Eunotia,yes,,,
Eunotia sp. 9 ?,Eunotia,yes,,,
Eunotia sp. 8 ?,Eunotia,yes,,,
Eunotia sp. 7 ?,Eunotia,yes,,,
Eunotia sp. 6 ?,Eunotia,yes,,,
Eunotia sp. 5 ?,Eunotia,yes,,,
Eunotia sp. 4 ?,Eunotia,yes,,,
Eunotia sp. 3 ?,Eunotia,yes,,,
Eunotia sp. 2 ?,Eunotia,yes,,,
Eunotia sp. 11 ?,Eunotia,yes,,,
Eunotia sp. 10 ?,Eunotia,yes,,,
Eunotia sp. 1 ?,Eunotia,yes,,,
Eunotia sp.,Eunotia,yes,,,
Eunotia,Eunotia,no,,,
Eunotia ambivalens Lange-Bertalot et Tagliaventi,Eunotia ambivalens,yes,,,
Eunotia ambivalens,Eunotia ambivalens,no,,,
Eunotia arcubus,Eunotia arcubus,no,,,
Eunotia cf. arculus,Eunotia arculus,yes,,,
Eunotia arculus,Eunotia arculus,no,,,
Eunotia arcus,Eunotia arcus,no,,,
Eunotia arcus var. bidens,Eunotia arcus var. bidens,no,,,
Eunotia arcus var. fallax,Eunotia arcus var. fallax,no,,,
Eunotia assymetrica,Eunotia assymetrica,no,,,
Eunotia bactriana,Eunotia bactriana,no,,,
Eunotia bertrandii,Eunotia bertrandii,no,,,
Eunotia praerupta var. bidens,Eunotia bidens,yes,,,
Eunotia bidens,Eunotia bidens,no,,,
Eunotia bidens/E. richbuttensis,Eunotia bidens/E. richbuttensis,no,yes,,
Eunotia bidens/ Eunotia richbuttensis,Eunotia bidens/E. richbuttensis,yes,yes,,
Eunotia bidentula,Eunotia bidentula,no,,,
Eunotia bigibba,Eunotia bigibba,no,,,
Eunotia bigibba var. pumila,Eunotia bigibba var. pumila,no,,,
Eunotia bilunaris (Ehrenberg) Souza,Eunotia bilunaris,yes,,,
Eunotia bilunaris,Eunotia bilunaris,no,,,
Eunotia bilunaris var. linearis,Eunotia bilunaris var. linearis,no,,,
Eunotia boreoalpina,Eunotia boreoalpina,no,,,
Eunotia botuliformis,Eunotia botuliformis,no,,,
"Eunotia canicula Furey, Lowe et Johansen",Eunotia canicula,yes,,,
Eunotia canicula,Eunotia canicula,no,,,
Eunotia carolina,Eunotia carolina,no,,,
Eunotia carolina var. 1 PIRLA,Eunotia carolina var. 1 PIRLA,no,,,
Eunotia cataractarum,Eunotia cataractarum,no,,,
Eunotia cf. carolina NLS DME,Eunotia cf. carolina NLS DME,no,,,
Eunotia cf. pirla NLS DME,Eunotia cf. pirla NLS DME,no,,,
Eunotia charliereimeri,Eunotia charliereimeri,no,,,
Eunotia chelonia,Eunotia chelonia,no,,,
Eunotia circumborealis,Eunotia circumborealis,no,,,
Eunotia cisalpina,Eunotia cisalpina,no,,,
Eunotia compactarcus,Eunotia compactarcus,no,,,
Eunotia cristagalli,Eunotia cristagalli,no,,,
Eunotia curtagrunowii,Eunotia curtagrunowii,no,,,
Eunotia curvata,Eunotia curvata,no,,,
Eunotia curvata fo. bergii,Eunotia curvata fo. bergii,no,,,
Eunotia curvata var. capitata,Eunotia curvata var. capitata,no,,,
Eunotia curvata var. subarcuata,Eunotia curvata var. subarcuata,no,,,
Eunotia denticulata,Eunotia denticulata,no,,,
Eunotia serra var. diadema,Eunotia diadema,yes,,,
Eunotia diadema,Eunotia diadema,no,,,
Eunotia diodon,Eunotia diodon,no,,,
Eunotia elegans,Eunotia elegans,no,,,
Eunotia elena,Eunotia elena,no,,,
Eunotia flexuosa var. eurycephala,Eunotia eurycephala,yes,,,
Eunotia eurycephala,Eunotia eurycephala,no,,,
Eunotia exigua,Eunotia exigua,no,,,
Eunotia exigua var. bidens,Eunotia exigua var. bidens,no,,,
Eunotia exigua var. compacta,Eunotia exigua var. compacta,no,,,
Eunotia exigua var. tridentula,Eunotia exigua var. tridentula,no,,,
Eunotia vanheurckii,Eunotia faba,yes,,,
Eunotia faba,Eunotia faba,no,,,
Eunotia fallacoides,Eunotia fallacoides,no,,,
Eunotia fallax,Eunotia fallax,no,,,
Eunotia fallax var. gracillima,Eunotia fallax var. gracillima,no,,,
Eunotia flexuosa,Eunotia flexuosa,no,,,
Eunotia formica Ehrenberg,Eunotia formica,yes,,,
Eunotia formica,Eunotia formica,no,,,
Eunotia gallica Lange-Bertalot et Witkowski,Eunotia gallica,yes,,,
Eunotia gallica,Eunotia gallica,no,,,
Eunotia gibbosa,Eunotia gibbosa,no,,,
Eunotia glacialis,Eunotia glacialis,no,,,
Eunotia groenlandica,Eunotia groenlandica,no,,,
Eunotia hexaglyphis,Eunotia hexaglyphis,no,,,
Eunotia iatriaensis Foged,Eunotia iatriaensis,yes,,,
Eunotia iatriaensis,Eunotia iatriaensis,no,,,
"Eunotia implicata Nörpel, Alles et Lange-Bertalot",Eunotia implicata,yes,,,
Eunotia implicata,Eunotia implicata,no,,,
Eunotia incisa Smith ex Gregory,Eunotia incisa,yes,,,
Eunotia incisa sensu PIRLA,Eunotia incisa,yes,,,
Eunotia incisa,Eunotia incisa,no,,,
Eunotia incisa var. 1 PIRLA,Eunotia incisa var. 1 PIRLA,no,,,
Eunotia incisa var. 2 PIRLA,Eunotia incisa var. 2 PIRLA,no,,,
Eunotia incisa var. 4 PIRLA,Eunotia incisa var. 4 PIRLA,no,,,
Eunotia incisa var. 6 PIRLA,Eunotia incisa var. 6 PIRLA,no,,,
Eunotia incisa var. 8 PIRLA,Eunotia incisa var. 8 PIRLA,no,,,
Eunotia indica,Eunotia indica,no,,,
Eunotia intermedia,Eunotia intermedia,no,,,
Eunotia islandica,Eunotia islandica,no,,,
Eunotia kocheliensis,Eunotia kocheliensis,no,,,
Eunotia kruegeri,Eunotia kruegeri,no,,,
Eunotia kulikovskiyi,Eunotia kulikovskiyi,no,,,
Eunotia lapponica,Eunotia lapponica,no,,,
Eunotia latinasuta,Eunotia latinasuta,no,,,
Eunotia lunaris,Eunotia lunaris,no,,,
Eunotia lunaris var. attenuata,Eunotia lunaris var. attenuata,no,,,
Eunotia macroglossa,Eunotia macroglossa,no,,,
Eunotia maior,Eunotia maior,no,,,
Eunotia major,Eunotia major,no,,,
Eunotia meisteri,Eunotia meisteri,no,,,
Eunotia meisteri var. bidens,Eunotia meisteri var. bidens,no,,,
Eunotia meisteroides,Eunotia meisterioides,yes,,,
Eunotia meisterioides,Eunotia meisterioides,no,,,
Eunotia metamonodon Lange-Bertalot,Eunotia metamonodon,yes,,,
Eunotia metamonodon,Eunotia metamonodon,no,,,
Eunotia microcephala Krasske,Eunotia microcephala,yes,,,
Eunotia microcephala,Eunotia microcephala,no,,,
Eunotia microcephala var. tridentata,Eunotia microcephala var. tridentata,no,,,
Eunotia pectinalis var. minor,Eunotia minor,yes,,,
Eunotia minor (Kützing) Grunow,Eunotia minor,yes,,,
Eunotia minor,Eunotia minor,no,,,
Eunotia minor/Eunotia dorofeyukae,Eunotia minor/E. dorofeyukae,yes,yes,,
Eunotia minor/E. dorofeyukae,Eunotia minor/E. dorofeyukae,no,yes,,
Eunotia minutula,Eunotia minutula,no,,,
Eunotia monodon,Eunotia monodon,no,,,
Eunotia mucophila (Lange-Bertalot et Nörpel-Schempp) Lange-Bertalot,Eunotia mucophila,yes,,,
Eunotia mucophila,Eunotia mucophila,no,,,
Eunotia bilunaris var. mucophila,Eunotia mucophila,yes,,,
Eunotia muscicola var. tridentula,Eunotia muscicola var. tridentula,no,,,
Eunotia naegelii Migula,Eunotia naegelii,yes,,,
Eunotia naegelii,Eunotia naegelii,no,,,
Eunotia naegeli,Eunotia naegelii,yes,,,
Eunotia neocompacta var. vixcompacta,Eunotia neocompacta var. vixcompacta,no,,,
Eunotia neofallax,Eunotia neofallax,no,,,
Eunotia nivalis,Eunotia nivalis,no,,,
Eunotia novaeangliae,Eunotia novaeangliae,no,,,
Eunotia novascotica,Eunotia novascotica,no,,,
Eunotia nymanniana Grunow,Eunotia nymanniana,yes,,,
Eunotia nymanniana,Eunotia nymanniana,no,,,
Eunotia nymananniana,Eunotia nymanniana,yes,,,
Eunotia obtusinasuta,Eunotia obtusinasuta,no,,,
Eunotia paludosa,Eunotia paludosa,no,,,
Eunotia paludosa var. trinacria,Eunotia paludosa var. trinacria,no,,,
Eunotia pantropica,Eunotia pantropica,no,,,
Desmogonium rabenhorstianum var. elongatum,Eunotia pantropica,yes,,,
"Eunotia papilioforma Furey, Lowe et Johansen",Eunotia papilioforma,yes,,,
Eunotia papilioforma,Eunotia papilioforma,no,,,
Eunotia parallela,Eunotia parallela,no,,,
Eunotia pectinalis + vars.,Eunotia pectinalis,yes,,,
Eunotia pectinalis (Kützing) Rabenhorst,Eunotia pectinalis,yes,,,
Eunotia pectinalis,Eunotia pectinalis,no,,,
Eunotia pectinalis var. 4 PIRLA,Eunotia pectinalis var. 4 PIRLA,no,,,
Eunotia pectinalis var. undulata,Eunotia pectinalis var. undulata,no,,,
Eunotia pectinalis var. ventricosa,Eunotia pectinalis var. ventricosa,no,,,
Eunotia perpusilla,Eunotia perpusilla,no,,,
Eunotia pienitzii,Eunotia pienitzii,no,,,
Eunotia pirla Carter et Flower,Eunotia pirla,yes,,,
Eunotia pirla,Eunotia pirla,no,,,
Eunotia polydentula,Eunotia polydentula,no,,,
Eunotia praerupta Ehrenberg,Eunotia praerupta,yes,,,
Eunotia praerupta,Eunotia praerupta,no,,,
Eunotia praerupta var. monodon fo. polaris,Eunotia praerupta cf. var. monodon fo. polaris,yes,,,
Eunotia praerupta cf. var. monodon fo. polaris,Eunotia praerupta cf. var. monodon fo. polaris,no,,,
Eunotia praerupta cf. var. monodon f. polaris,Eunotia praerupta cf. var. monodon fo. polaris,yes,,,
Eunotia praerupta var. inflata,Eunotia praerupta var. inflata,no,,,
Eunotia praerupta var. muscicola,Eunotia praerupta var. muscicola,no,,,
Eunotia pseudogroenlandica,Eunotia pseudogroenlandica,no,,,
Eunotia punctastriatum,Eunotia punctastriata,yes,,,
Eunotia punctastriata,Eunotia punctastriata,no,,,
Eunotia quaternaria,Eunotia quaternaria,no,,,
Eunotia rabenhorstii,Eunotia rabenhorstii,no,,,
Eunotia reflexa fo. minores,Eunotia reflexa fo. minores,no,,,
Eunotia rhomboidea,Eunotia rhomboidea,no,,,
Eunotia rynchocephala,Eunotia rhynchocephala,yes,,,
Eunotia rhynchocephala,Eunotia rhynchocephala,no,,,
Eunotia romanowii,Eunotia romanowii,no,,,
Eunotia rostellata,Eunotia rostellata,no,,,
Eunotia satelles,Eunotia satelles,no,,,
Eunotia rhynchocephala var. satelles,Eunotia satelles,yes,,,
Eunotia septentrionalis,Eunotia septentrionalis,no,,,
Eunotia cf. septentrionalis,Eunotia septentrionalis,yes,,,
Eunotia serra,Eunotia serra,no,,,
Eunotia siolii,Eunotia siolii,no,,,
Eunotia soleirolii,Eunotia soleirolii,no,,,
Eunotia sp. 1 NE Lakes,Eunotia sp. 1 NE Lakes,no,,,
Eunotia sp. 1 NJSS DME,Eunotia sp. 1 NJSS DME,no,,,
Eunotia sp. 1 PIRLA,Eunotia sp. 1 PIRLA,no,,yes,Eunotia or Eunotia sp. # NE Lakes?
Eunotia sp. 1 VTEC Lakes,Eunotia sp. 1 VTEC Lakes,no,,,
Eunotia sp. 10 NE Lakes,Eunotia sp. 10 NE Lakes,no,,,
Eunotia sp. 10 PIRLA,Eunotia sp. 10 PIRLA,no,,,
Eunotia sp. 11 NE Lakes,Eunotia sp. 11 NE Lakes,no,,,
Eunotia sp. 11 PIRLA,Eunotia sp. 11 PIRLA,no,,,
Eunotia sp. 12 PIRLA,Eunotia sp. 12 PIRLA,no,,,
Eunotia sp. 13 NE Lakes,Eunotia sp. 13 NE Lakes,no,,,
Eunotia sp. 13 PIRLA,Eunotia sp. 13 PIRLA,no,,,
Eunotia sp. 14 NE Lakes,Eunotia sp. 14 NE Lakes,no,,,
Eunotia sp. 15 PIRLA,Eunotia sp. 15 PIRLA,no,,,
Eunotia sp. 16 NE Lakes,Eunotia sp. 16 NE Lakes,no,,,
Eunotia sp. 18 PIRLA,Eunotia sp. 18 PIRLA,no,,yes,Eunotia or Eunotia sp. # NE Lakes?
Eunotia sp. 19 PIRLA,Eunotia sp. 19 PIRLA,no,,,
Eunotia sp. 2 NE Lakes,Eunotia sp. 2 NE Lakes,no,,,
Eunotia sp. 2 NJSS DME,Eunotia sp. 2 NJSS DME,no,,,
Eunotia sp. 2 PIRLA,Eunotia sp. 2 PIRLA,no,,yes,Eunotia or Eunotia sp. # NE Lakes?
Eunotia sp. 2 VTEC Lakes,Eunotia sp. 2 VTEC Lakes,no,,,
Eunotia sp. 27 PIRLA,Eunotia sp. 27 PIRLA,no,,,
Eunotia sp. 3 NE Lakes,Eunotia sp. 3 NE Lakes,no,,,
Eunotia sp. 3 NJSS DME,Eunotia sp. 3 NJSS DME,no,,,
Eunotia sp. 30 PIRLA,Eunotia sp. 30 PIRLA,no,,,
Eunotia sp. 31 PIRLA,Eunotia sp. 31 PIRLA,no,,,
Eunotia sp. 35 PIRLA,Eunotia sp. 35 PIRLA,no,,,
Eunotia sp. 37 PIRLA,Eunotia sp. 37 PIRLA,no,,,
Eunotia sp. 38 PIRLA,Eunotia sp. 38 PIRLA,no,,,
Eunotia sp. 39 PIRLA,Eunotia sp. 39 PIRLA,no,,,
Eunotia sp. 4 NE Lakes,Eunotia sp. 4 NE Lakes,no,,,
Eunotia sp. 4 PIRLA,Eunotia sp. 4 PIRLA,no,,,
Eunotia sp. 40 PIRLA,Eunotia sp. 40 PIRLA,no,,,
Eunotia sp. 46 PIRLA,Eunotia sp. 46 PIRLA,no,,,
Eunotia sp. 48 PIRLA,Eunotia sp. 48 PIRLA,no,,yes,Eunotia or Eunotia sp. # NE Lakes?
Eunotia sp. 49 PIRLA,Eunotia sp. 49 PIRLA,no,,,
Eunotia sp. 5 NE Lakes,Eunotia sp. 5 NE Lakes,no,,,
Eunotia sp. 51 PIRLA,Eunotia sp. 51 PIRLA,no,,,
Eunotia sp. 52 PIRLA,Eunotia sp. 52 PIRLA,no,,,
Eunotia sp. 53 PIRLA,Eunotia sp. 53 PIRLA,no,,,
Eunotia sp. 54 PIRLA,Eunotia sp. 54 PIRLA,no,,,
Eunotia sp. 6 PIRLA,Eunotia sp. 6 PIRLA,no,,,
Eunotia sp. 7 NE Lakes,Eunotia sp. 7 NE Lakes,no,,,
Eunotia sp. 7 PIRLA,Eunotia sp. 7 PIRLA,no,,,
Eunotia sp. 8 NE Lakes,Eunotia sp. 8 NE Lakes,no,,,
Eunotia sp. 8 PIRLA,Eunotia sp. 8 PIRLA,no,,,
Eunotia sp. 9 NAWQA EAM,Eunotia sp. 9 NAWQA EAM,no,,,
Eunotia sp. 9 NE Lakes,Eunotia sp. 9 NE Lakes,no,,,
Eunotia steineckei,Eunotia steineckei,no,,,
Eunotia subarcuatoides,Eunotia subarcuatoides,no,,,
Eunotia subherkiniensis,Eunotia subherkiniensis,no,,,
Eunotia submonodon,Eunotia submonodon,no,,,
Eunotia sudetica,Eunotia sudetica,no,,,
Eunotia suecica,Eunotia suecica,no,,,
Eunotia superbidens Lange-Bertalot,Eunotia superbidens,yes,,,
Eunotia superbidens,Eunotia superbidens,no,,,
Eunotia tautoniensis,Eunotia tauntoniensis,yes,,,
Eunotia tauntoniensis,Eunotia tauntoniensis,no,,,
Eunotia tenella (Grunow) Hustedt,Eunotia tenella,yes,,,
Eunotia tenella,Eunotia tenella,no,,,
Eunotia tetraodon Ehrenberg,Eunotia tetraodon,yes,,,
Eunotia tetraodon,Eunotia tetraodon,no,,,
Eunotia tridentula,Eunotia tridentula,no,,,
Eunotia trinacria,Eunotia trinacria,no,,,
Eunotia trinacria var. undulata,Eunotia trinacria var. undulata,no,,,
Eunotia triodon,Eunotia triodon,no,,,
Eunotia ursamajoris,Eunotia ursamaioris,yes,,,
Eunotia ursamaioris Lange-Bertalot & Nörpel-Schempp,Eunotia ursamaioris,yes,,,
Eunotia ursamaioris,Eunotia ursamaioris,no,,,
Eunotia valida,Eunotia valida,no,,,
Eunotia vanheurckii var. intermedia,Eunotia vanheurckii var. intermedia,no,,,
Eunotia varioundulata,Eunotia varioundulata,no,,,
Eunotia weisingii,Eunotia weisingii,no,,,
Eunotia wiltschkorum,Eunotia wiltschkorum,no,,,
Eunotia yanomami,Eunotia yanomami,no,,,
Eunotia zasuminensis (Cabejszekowna) Körner,Eunotia zasuminensis,yes,,,
Eunotia zasuminensis,Eunotia zasuminensis,no,,,
Eunotia zygodon,Eunotia zygodon,no,,,
Fallacia,Fallacia,no,,,
Fallacia helensis,Fallacia helensis,no,,,
Fallacia indifferens,Fallacia indifferens,no,,,
Fallacia lenzii,Fallacia lenzii,no,,,
Fallacia monoculata,Fallacia monoculata,no,,,
Fallacia omissa,Fallacia omissa,no,,,
Fallacia pygmaea,Fallacia pygmaea,no,,,
Fallacia sp. 1 VTEC Lakes,Fallacia sp. 1 VTEC Lakes,no,,,
Fallacia subhamulata,Fallacia subhamulata,no,,,
Navicula sublucidula,Fallacia sublucidula,yes,,,
Navicula cf. sublucidula,Fallacia sublucidula,yes,,,
Fallacia sublucidula,Fallacia sublucidula,no,,,
Fallacia vitrea,Fallacia vitrea,no,,,
Navicula pelliculosa,Fistulifera pelliculosa,yes,,,
Fistulifera pelliculosa,Fistulifera pelliculosa,no,,,
Fragilaria spp. (small),Fragilaria,yes,,,
Fragilaria spp.,Fragilaria,yes,,,
Fragilaria sp. 7 ?,Fragilaria,yes,,,
Fragilaria sp. 6 ?,Fragilaria,yes,,,
Fragilaria sp. 5 ?,Fragilaria,yes,,,
Fragilaria sp. 4 ?,Fragilaria,yes,,,
Fragilaria sp. 3 ?,Fragilaria,yes,,,
Fragilaria sp. 2 ?,Fragilaria,yes,,,
Fragilaria sp. 1 ?,Fragilaria,yes,,,
Fragilaria sp. (girdle view),Fragilaria,yes,,,
Fragilaria sp.,Fragilaria,yes,,,
Fragilaria,Fragilaria,no,,,
Fragilaria alpestris,Fragilaria alpestris,no,,,
Synedra amphicephala,Fragilaria amphicephaloides,yes,,,
Fragilaria amphicephaloides,Fragilaria amphicephaloides,no,,,
Fragilaria amphicephala,Fragilaria amphicephaloides,yes,,,
Synedra amphicephala var. austriaca,Fragilaria austriaca,yes,,,
Fragilaria austriaca,Fragilaria austriaca,no,,,
Fragilaria brevistriata var. elliptica,Fragilaria brevistriata var. elliptica,no,,,
Fragilaria brevistriata var. trigona,Fragilaria brevistriata var. trigona,no,,,
Fragilaria capensis,Fragilaria capensis,no,,,
Fragilaria capucina Desmazières,Fragilaria capucina,yes,,,
Fragilaria capucina,Fragilaria capucina,no,,,
Fragilaria capucina var. fragilarioides,Fragilaria capucina var. fragilarioides,no,,,
Fragilaria capucina var. perminuta,Fragilaria capucina var. perminuta,no,,,
Fragilaria capucina var. rumpens,Fragilaria capucina var. rumpens,no,,,
Synedra cf. famelica,Fragilaria cf. famelica,yes,,,
Fragilaria cf. famelica,Fragilaria cf. famelica,no,,,
Fragilaria constricta var. tetranodis,Fragilaria constricta f. tetranodis,yes,,,
Fragilaria constricta f. tetranodis,Fragilaria constricta f. tetranodis,no,,,
Fragilaria constricta fo. stricta,Fragilaria constricta fo. stricta,no,,,
Fragilaria construens var. subsalina,Fragilaria construens var. subsalina,no,,,
Fragilaria construens var. trinodis,Fragilaria construens var. trinodis,no,,,
Fragilaria construens/F. brevistriata (girdle view),Fragilaria construens/F. brevistriata,yes,yes,,
Fragilaria construens/F. brevistriata,Fragilaria construens/F. brevistriata,no,yes,,
Fragilaria crotonensis Kitton,Fragilaria crotonensis,yes,,,
Fragilaria crotonensis,Fragilaria crotonensis,no,,,
Fragilaria crotonensis/F. amphicephala,Fragilaria crotonensis/F. amphicephala,no,yes,,
Synedra cyclopum,Fragilaria cycloplum,yes,,,
Fragilaria cycloplum,Fragilaria cycloplum,no,,,
Fragilaria demerarae,Fragilaria demerarae,no,,,
Fragilaria distans,Fragilaria distans,no,,,
Fragilaria exigua,Fragilaria exigua,no,,,
Fragilaria cf. exigua CODY,Fragilaria exigua,yes,,,
Synedra famelica,Fragilaria famelica,yes,,,
Fragilaria famelica,Fragilaria famelica,no,,,
Synedra filiformis,Fragilaria filiformis,yes,,,
Fragilaria filiformis,Fragilaria filiformis,no,,,
Synedra rumpens var. fragilarioides,Fragilaria fragilarioides,yes,,,
Fragilaria fragilarioides,Fragilaria fragilarioides,no,,,
Fragilaria gracilis Østrup,Fragilaria gracilis,yes,,,
Fragilaria gracilis,Fragilaria gracilis,no,,,
Fragilaria capucina var. gracilis,Fragilaria gracilis,yes,,,
Fragilaria heidenii,Fragilaria heidenii,no,,,
Synedra incisa,Fragilaria incisa,yes,,,
Fragilaria incisa,Fragilaria incisa,no,,,
Fragilaria lapponica,Fragilaria lapponica,no,,,
Fragilaria longifusiformis,Fragilaria longifusiformis,no,,,
Fragilaria mesolepta Rabenhorst,Fragilaria mesolepta,yes,,,
Fragilaria mesolepta,Fragilaria mesolepta,no,,,
Fragilaria capucina var. mesolepta,Fragilaria mesolepta,yes,,,
Fragilaria mesolepta/F. subconstricta,Fragilaria mesolepta/F. subconstricta,no,yes,,
Fragilaria microvaucheriae C.E.Wetzel & Ector,Fragilaria microvaucheriae,yes,,,
Fragilaria microvaucheriae,Fragilaria microvaucheriae,no,,,
Fragilaria nanana Lange-Bertalot,Fragilaria nanana,yes,,,
Fragilaria nanana,Fragilaria nanana,no,,,
"Fragilaria pararumpens Lange-Bertalot, G. Hofmann & Werum",Fragilaria pararumpens,yes,,,
Fragilaria pararumpens,Fragilaria pararumpens,no,,,
Fragilaria pectinalis,Fragilaria pectinalis,no,,,
Fragilaria perdelicatissima,Fragilaria perdelicatissima,no,,,
Fragilaria perminuta,Fragilaria perminuta,no,,,
Fragilaria pinnata var. acuminata,Fragilaria pinnata var. acuminata,no,,,
Fragilaria pinnata var. trigona,Fragilaria pinnata var. trigona,no,,,
Synedra radians,Fragilaria radians,yes,,,
Fragilaria radians,Fragilaria radians,no,,,
Fragilaria vaucheriae var. capitellata,Fragilaria recapitellata,yes,,,
Fragilaria recapitellata,Fragilaria recapitellata,no,,,
Synedra rumpens,Fragilaria rumpens,yes,,,
Fragilaria rumpens,Fragilaria rumpens,no,,,
Fragilaria saxoplanctonica Lange-Bertalot et Ulrich,Fragilaria saxoplanctonica,yes,,,
Fragilaria saxoplanctonica,Fragilaria saxoplanctonica,no,,,
Synedra rumpens var. scotica,Fragilaria scotica,yes,,,
Fragilaria scotica,Fragilaria scotica,no,,,
Fragilaria sepes,Fragilaria sepes,no,,,
Fragilaria sp. 1 NE Lakes,Fragilaria sp. 1 NE Lakes,no,,,
Fragilaria sp. 1 PIRLA,Fragilaria sp. 1 PIRLA,no,,,
Fragilaria sp. 11 NAWQA EAM,Fragilaria sp. 11 NAWQA EAM,no,,,
Fragilaria sp. 2 NE Lakes,Fragilaria sp. 2 NE Lakes,no,,,
Fragilaria sp. 2 PIRLA,Fragilaria sp. 2 PIRLA,no,,yes,Fragilaria or Fragilaria sp. # NE Lakes
Fragilaria sp. 3 NE Lakes,Fragilaria sp. 3 NE Lakes,no,,,
Fragilaria sp. 3 PIRLA,Fragilaria sp. 3 PIRLA,no,,,
Fragilaria sp. 4 NE Lakes,Fragilaria sp. 4 NE Lakes,no,,,
Fragilaria sp. 4 PIRLA,Fragilaria sp. 4 PIRLA,no,,,
Fragilaria sp. 5 NE Lakes,Fragilaria sp. 5 NE Lakes,no,,,
Fragilaria sp. 5 PIRLA,Fragilaria sp. 5 PIRLA,no,,,
Fragilaria sp. 6 PIRLA,Fragilaria sp. 6 PIRLA,no,,,
Fragilaria sp. 7 PIRLA,Fragilaria sp. 7 PIRLA,no,,,
Fragilaria sp. 8 PIRLA,Fragilaria sp. 8 PIRLA,no,,,
Fragilaria subconstricta Østrup,Fragilaria subconstricta,yes,,,
Fragilaria subconstricta,Fragilaria subconstricta,no,,,
Fragilaria suboldenburgiana,Fragilaria suboldenburgiana,no,,,
Fragilaria tenera (Smith) Lange-Bertalot,Fragilaria tenera,yes,,,
Fragilaria tenera,Fragilaria tenera,no,,,
Fragilaria vaucheriae (Kützing) Petersen,Fragilaria vaucheriae,yes,,,
Fragilaria vaucheriae,Fragilaria vaucheriae,no,,,
Fragilaria aff. vaucheriae EAM,Fragilaria vaucheriae,yes,,,
Fragilaria vaucheriae var. distans,Fragilaria vaucheriae var. distans,no,,,
Fragilaria virescens var. birostrata,Fragilaria virescens var. birostrata,no,,,
Fragilaria virescens var. oblongella,Fragilaria virescens var. oblongella,no,,,
Fragilaria virescens var. subsalina,Fragilaria virescens var. subsalina,no,,,
Fragilaria zeilleri,Fragilaria zeilleri,no,,,
Fragilaria zeilleri var. elliptica,Fragilaria zeilleri var. elliptica,no,,,
Fragilariforma sp.,Fragilariforma,yes,,,
Fragilariforma,Fragilariforma,no,,,
Fragilariforma acidobiontica (Charles) Williams et Round,Fragilariforma acidobiontica,yes,,,
Fragilariforma acidobiontica,Fragilariforma acidobiontica,no,,,
Fragilaria acidobiontica,Fragilariforma acidobiontica,yes,,,
Fragilariforma bicapitata (Mayer) Williams et Round,Fragilariforma bicapitata,yes,,,
Fragilariforma bicapitata,Fragilariforma bicapitata,no,,,
Fragilaria bicapitata,Fragilariforma bicapitata,yes,,,
Fragilariforma constricta (Ehrenberg) Williams et Round,Fragilariforma constricta,yes,,,
Fragilariforma constricta,Fragilariforma constricta,no,,,
Fragilaria constricta,Fragilariforma constricta,yes,,,
Fragilariforma constricta f. stricta,Fragilariforma constricta f. stricta,no,,,
Fragilariforma constricta var. trinodis,Fragilariforma constricta var. trinodis,no,,,
Fragilaria constricta var. trinodis,Fragilariforma constricta var. trinodis,yes,,,
Fragilaria constricta f. trinodis,Fragilariforma constricta var. trinodis,yes,,,
Fragilariforma constricta/Fragilariforma sp. 1 NE Lakes,Fragilariforma constricta/F. sp. 1 NE Lakes,yes,yes,,
Fragilariforma constricta/F. sp. 1 NE Lakes,Fragilariforma constricta/F. sp. 1 NE Lakes,no,yes,,
Fragilariforma constricta fo. stricta,Fragilariforma constricta/F. sp. 1 NE Lakes,yes,yes,,
Fragilariforma hungarica var. tumida,Fragilariforma hungarica var. tumida,no,,,
Fragilaria hungarica var. tumida,Fragilariforma hungarica var. tumida,yes,,,
Fragilariforma lata,Fragilariforma lata,no,,,
Fragilaria lata,Fragilariforma lata,yes,,,
Fragilariforma marylandica,Fragilariforma marylandica,no,,,
Fragilariforma neoproducta,Fragilariforma neoproducta,no,,,
Fragilariforma nitzschioides (Grunow) Lange-Bertalot,Fragilariforma nitzschioides,yes,,,
Fragilariforma nitzschioides,Fragilariforma nitzschioides,no,,,
Fragilaria nitzschioides,Fragilariforma nitzschioides,yes,,,
Fragilariforma polygonata,Fragilariforma polygonata,no,,,
Fragilaria polygonata,Fragilariforma polygonata,yes,,,
Fragilariforma sp. 1 NE Lakes,Fragilariforma sp. 1 NE Lakes,no,,,
Fragilariforma sp. 2 NE Lakes,Fragilariforma sp. 2 NE Lakes,no,,,
Fragilariforma sp. 3 NE Lakes,Fragilariforma sp. 3 NE Lakes,no,,,
Fragilariforma sp. 4 NE Lakes,Fragilariforma sp. 4 NE Lakes,no,,,
Fragilariforma sp. 5 NE Lakes,Fragilariforma sp. 5 NE Lakes,no,,,
Fragilariforma strangulata,Fragilariforma strangulata,no,,,
Fragilariforma virescens (Ralfs) Williams et Round,Fragilariforma virescens,yes,,,
Fragilariforma virescens,Fragilariforma virescens,no,,,
Fragilaria virescens var. 1 CP JF,Fragilariforma virescens,yes,,,
Fragilaria virescens var. 1,Fragilariforma virescens,yes,,,
Fragilaria virescens,Fragilariforma virescens,yes,,,
Fragilariforma virescens var. capitata,Fragilariforma virescens var. capitata,no,,,
Fragilaria virescens var. capitata,Fragilariforma virescens var. capitata,yes,,,
Frustulia sp. 2 ?,Frustulia,yes,,,
Frustulia sp. 1?,Frustulia,yes,,,
Frustulia sp. 1 ?,Frustulia,yes,,,
Frustulia,Frustulia,no,,,
Frustulia amphipleuroides,Frustulia amphipleuroides,no,,,
Frustulia bahlsii,Frustulia bahlsii,no,,,
Frustulia cf. magaliesmontana,Frustulia cf. magaliesmontana,no,,,
Frustulia rhomboides var. crassinervia,Frustulia crassinervia,yes,,,
Frustulia crassinervia (Brébisson) Lange-Bertalot et Krammer,Frustulia crassinervia,yes,,,
Frustulia crassinervia,Frustulia crassinervia,no,,,
Frustulia inculta,Frustulia inculta,no,,,
Frustulia krammeri,Frustulia krammeri,no,,,
Frustulia latita/Fr. vulgaris,Frustulia latita/F. vulgaris,yes,yes,,
Frustulia marginata,Frustulia marginata,no,,,
Frustulia pseudomagaliesmontana,Frustulia pseudomagaliesmontana,no,,,
Frustulia quadrisinuata,Frustulia quadrisinuata,no,,,
Frustulia rexii,Frustulia rexii,no,,,
Frustulia rhomboides vars.,Frustulia rhomboides,yes,,,
Frustulia rhomboides,Frustulia rhomboides,no,,,
Frustulia rhomboides var. amphipleuroides,Frustulia rhomboides var. amphipleuroides,no,,,
Frustulia rhomboides var. capitata,Frustulia rhomboides var. capitata,no,,,
Frustulia rhomboides var. viridula,Frustulia rhomboides var. viridula,no,,,
Frustulia saxonica,Frustulia saxonica,no,,,
Frustulia rhomboides var. saxonica,Frustulia saxonica,yes,,,
Frustulia sp. 1 NE Lakes,Frustulia sp. 1 NE Lakes,no,,,
Frustulia sp. 1 VTEC Lakes,Frustulia sp. 1 VTEC Lakes,no,,,
Frustulia sp. 2 NAWQA EAM,Frustulia sp. 2 NAWQA EAM,no,,,
Frustulia sp. 2 NE Lakes,Frustulia sp. 2 NE Lakes,no,,,
Frustulia vulgaris,Frustulia vulgaris,no,,,
Frustulia weinholdii,Frustulia weinholdii,no,,,
Geissleria sp. 1 ?,Geissleria,yes,,,
Geissleria,Geissleria,no,,,
Navicula acceptata,Geissleria acceptata,yes,,,
Geissleria acceptata (Hustedt) Lange-Bertalot et Metzeltin,Geissleria acceptata,yes,,,
Geissleria acceptata,Geissleria acceptata,no,,,
Navicula decussis,Geissleria decussis,yes,,,
Geissleria decussis (Østrup) Lange-Bertalot et Metzeltin,Geissleria decussis,yes,,,
Geissleria decussis,Geissleria decussis,no,,,
Geissleria ignota,Geissleria ignota,no,,,
Geissleria kriegeri (Krasske) Lange-Bertalot,Geissleria kriegeri,yes,,,
Geissleria kriegeri,Geissleria kriegeri,no,,,
Geissleria lateropunctata,Geissleria lateropunctata,no,,,
Geissleria paludosa,Geissleria paludosa,no,,,
Geissleria aikenensis,Geissleria punctifera,yes,,,updated per Paul Garrison (9/2026); AlgaeBase calls it Navigeia aikenensis
Geissleria schoenfeldii,Geissleria schoenfeldii,no,,,
Geissleria similis,Geissleria similis,no,,,
Geissleria sp. 1 NE Lakes,Geissleria sp. 1 NE Lakes,no,,,
Geissleria sp. 2 NE Lakes,Geissleria sp. 2 NE Lakes,no,,,
Geissleria sp. 3 NE Lakes,Geissleria sp. 3 NE Lakes,no,,,
Genkalia digitulus,Genkalia digitulus,no,,,
Genkalia sp. 1 NE Lakes,Genkalia sp. 1 NE Lakes,no,,,
Planothidium calcar,Gliwiczia calcar,yes,,,
Gliwiczia calcar,Gliwiczia calcar,no,,,
Gogorevia exilis (Kütz.) Kulikovskiy and Kociolek,Gogorevia exilis,yes,,,
Gogorevia exilis,Gogorevia exilis,no,,,
Achnanthes exigua,Gogorevia exilis,yes,,,
Gogorevia heterovalva,Gogorevia heterovalva,no,,,
Achnanthes exigua var. heterovalva,Gogorevia heterovalva,yes,,,
Gogorevia rostellata,Gogorevia rostellata,no,,,
Achnanthes rostellata,Gogorevia rostellata,yes,,,
Gomphoneis,Gomphoneis,no,,,
Gomphonella sp. 1,Gomphonella,yes,,,
Gomphonella,Gomphonella,no,,,
Gomphonella hutchinsoniana (R.M.Patrick) Tuji,Gomphonella hutchinsoniana,yes,,,
Gomphonella hutchinsoniana,Gomphonella hutchinsoniana,no,,,
Gomphonema olivaceum,Gomphonella olivacea,yes,,,
Gomphonella olivacea (Hornemann) Rabenhorst,Gomphonella olivacea,yes,,,
Gomphonella olivacea,Gomphonella olivacea,no,,,
Gomphonema spp.,Gomphonema,yes,,,
Gomphonema sp. 5 ?,Gomphonema,yes,,,
Gomphonema sp. 4 ?,Gomphonema,yes,,,
Gomphonema sp. 3 ?,Gomphonema,yes,,,
Gomphonema sp. 2 MONTANA HAGAN,Gomphonema,yes,,,
Gomphonema sp. 2 ?,Gomphonema,yes,,,
Gomphonema sp. 1 ?,Gomphonema,yes,,,
Gomphonema sp.,Gomphonema,yes,,,
Gomphonema,Gomphonema,no,,,
Gomphonema acuminatum,Gomphonema acuminatum,no,,,
Gomphonema acutiusculum,Gomphonema acutiusculum,no,,,
Gomphonema affine,Gomphonema affine,no,,,
Gomphonema amoenum Lange-Bertalot,Gomphonema amoenum,yes,,,
Gomphonema amoenum,Gomphonema amoenum,no,,,
Gomphonema angustatum,Gomphonema angustatum,no,,,
Gomphonema angustatum var. citera,Gomphonema angustatum var. citera,no,,,
Gomphonema angustum,Gomphonema angustum,no,,,
Gomphonema anjae,Gomphonema anjae,no,,,
Gomphonema apiculatum,Gomphonema apiculatum,no,,,
Gomphonema apuncto,Gomphonema apuncto,no,,,
Gomphonema augur,Gomphonema augur,no,,,
Gomphonema auritum,Gomphonema auritum,no,,,
Gomphonema blandiculum,Gomphonema blandiculum,no,,,
Gomphonema bohemicum,Gomphonema bohemicum,no,,,
Gomphonema brebissonii Kützing,Gomphonema brebissonii,yes,,,
Gomphonema brebissonii,Gomphonema brebissonii,no,,,
Gomphonema calcifugum,Gomphonema calcifugum,no,,,
Gomphonema camburnii,Gomphonema camburnii,no,,,
Gomphonema sp. 2 ANS NEW JERSEY KCP,Gomphonema caperatum,yes,,,
Gomphonema caperatum Ponader et Potapova,Gomphonema caperatum,yes,,,
Gomphonema caperatum,Gomphonema caperatum,no,,,
Gomphonema capitatum,Gomphonema capitatum,no,,,
Gomphonema cf. clevei UMICH,Gomphonema cf. clevei UMICH,no,,,
Gomphonema cf. cumrhis,Gomphonema cf. cumrhis,no,,,
Gomphonema clavatulum,Gomphonema clavatulum,no,,,
Gomphonema clavatum Ehrenberg,Gomphonema clavatum,yes,,,
Gomphonema clavatum,Gomphonema clavatum,no,,,
Gomphonema clevei,Gomphonema clevei,no,,,
Gomphonema consector,Gomphonema consector,no,,,
Gomphonema cf. consector,Gomphonema consector,yes,,,
Gomphonema coronatum Ehrenberg,Gomphonema coronatum,yes,,,
Gomphonema coronatum,Gomphonema coronatum,no,,,
Gomphonema cumrhis,Gomphonema cumrhis,no,,,
Gomphonema dichotomum,Gomphonema dichotomum,no,,,
Gomphonema drutelingense,Gomphonema drutelingense,no,,,
Gomphonema elegantissimum,Gomphonema elegantissimum,no,,,
Gomphonema elongatum,Gomphonema elongatum,no,,,
Gomphonema exilissimum (Grunow) Lange-Bertalot et Reichardt,Gomphonema exilissimum,yes,,,
Gomphonema exilissimum,Gomphonema exilissimum,no,,,
Gomphonema gracile,Gomphonema gracile,no,,,
Gomphonema gracile var. lanceolata,Gomphonema gracile var. lanceolata,no,,,
Gomphonema graciledictum Reichardt,Gomphonema graciledictum,yes,,,
Gomphonema graciledictum,Gomphonema graciledictum,no,,,
Gomphonema gregarium,Gomphonema gregarium,no,,,
Gomphonema grunowii,Gomphonema grunowii,no,,,
Gomphonema hebridense,Gomphonema hebridense,no,,,
Gomphonema innocens,Gomphonema innocens,no,,,
Gomphonema insigne,Gomphonema insigne,no,,,
Gomphonema intricatum,Gomphonema intricatum,no,,,
Gomphonema italicum,Gomphonema italicum,no,,,
Gomphonema kobayasii,Gomphonema kobayasii,no,,,
Gomphonema lagenula,Gomphonema lagenula,no,,,
Gomphonema lateripunctatum,Gomphonema lateripunctatum,no,,,
Gomphonema longilineare,Gomphonema longilineare,no,,,
Gomphonema patricki,Gomphonema louisiananum,yes,,,
Gomphonema louisiananum Kalinsky,Gomphonema louisiananum,yes,,,
Gomphonema louisiananum,Gomphonema louisiananum,no,,,
Gomphonema mexicanum,Gomphonema mexicanum,no,,,
Gomphonema micropus Kützing,Gomphonema micropus,yes,,,
Gomphonema micropus,Gomphonema micropus,no,,,
Gomphonema minusculum,Gomphonema minusculum,no,,,
Gomphonema minutum (Agardh) Agardh,Gomphonema minutum,yes,,,
Gomphonema minutum,Gomphonema minutum,no,,,
Gomphonema naviculoides W. Smith,Gomphonema naviculoides,yes,,,
Gomphonema naviculoides,Gomphonema naviculoides,no,,,
Gomphonema novacula,Gomphonema novacula,no,,,
Gomphonema olivaceoides,Gomphonema olivaceoides,no,,,
Gomphonema olivaceoides var. hutchinsoniana,Gomphonema olivaceoides var. hutchinsoniana,no,,,
Gomphonema pala,Gomphonema pala,no,,,
Gomphonema parvulius,Gomphonema parvulius,no,,,
Gomphonema parvulum (Kützing) Kützing,Gomphonema parvulum,yes,,,
Gomphonema parvulum,Gomphonema parvulum,no,,,
Gomphonema parvulum fo. Saprophilum,Gomphonema parvulum f. saprophilum,yes,,,
Gomphonema parvulum f. saprophilum,Gomphonema parvulum f. saprophilum,no,,,
Gomphonema procerum,Gomphonema procerum,no,,,
Gomphonema productum,Gomphonema productum,no,,,
Gomphonema angustatum var. productum,Gomphonema productum,yes,,,
Gomphonema pseudoaugur,Gomphonema pseudoaugur,no,,,
Gomphonema pseudosphaerophorum,Gomphonema pseudosphaerophorum,no,,,
Gomphonema puiggarianum var. aequatorialis,Gomphonema puiggarianum var. aequatorialis,no,,,
Gomphonema pumilum,Gomphonema pumilum,no,,,
Gomphonema cf. pumilum,Gomphonema pumilum,yes,,,
Gomphonema pumilum var. elegans,Gomphonema pumilum var. elegans,no,,,
Gomphonema pumilum var. rigidum Reichardt et Lange-Bertalot,Gomphonema pumilum var. rigidum,yes,,,
Gomphonema pumilum var. rigidum,Gomphonema pumilum var. rigidum,no,,,
Gomphonema pusillum,Gomphonema pusillum,no,,,
Gomphonema pygmaeum,Gomphonema pygmaeum,no,,,
Gomphonema rhombicum,Gomphonema rhombicum,no,,,
Gomphonema sarcophagus Gregory,Gomphonema sarcophagus,yes,,,
Gomphonema sarcophagus,Gomphonema sarcophagus,no,,,
Gomphonema sierranum,Gomphonema sierranum,no,,,
Gomphonema sp. 1 NE Lakes,Gomphonema sp. 1 NE Lakes,no,,,
Gomphonema sp. 1 PIRLA,Gomphonema sp. 1 PIRLA,no,,,
Gomphonema sp. 1 VTEC Lakes,Gomphonema sp. 1 VTEC Lakes,no,,,
Gomphonema sp. 10 NE Lakes,Gomphonema sp. 10 NE Lakes,no,,,
Gomphonema sp. 12 NE Lakes,Gomphonema sp. 12 NE Lakes,no,,,
Gomphonema sp. 13 NE Lakes,Gomphonema sp. 13 NE Lakes,no,,,
Gomphonema sp. 14 NE Lakes,Gomphonema sp. 14 NE Lakes,no,,,
Gomphonema sp. 15 NE Lakes,Gomphonema sp. 15 NE Lakes,no,,,
Gomphonema sp. 15 SAVANNAH EAM,Gomphonema sp. 15 SAVANNAH EAM,no,,,
Gomphonema sp. 16 NE Lakes,Gomphonema sp. 16 NE Lakes,no,,,
Gomphonema sp. 18 NAWQA MP,Gomphonema sp. 18 NAWQA MP,no,,,
Gomphonema sp. 18 NE Lakes,Gomphonema sp. 18 NE Lakes,no,,,
Gomphonema sp. 19 NE Lakes,Gomphonema sp. 19 NE Lakes,no,,,
Gomphonema sp. 2 NE Lakes,Gomphonema sp. 2 NE Lakes,no,,,
Gomphonema sp. 2 PIRLA,Gomphonema sp. 2 PIRLA,no,,,
Gomphonema sp. 2 VTEC Lakes,Gomphonema sp. 2 VTEC Lakes,no,,,
Gomphonema sp. 20 NE Lakes,Gomphonema sp. 20 NE Lakes,no,,,
Gomphonema sp. 21 NE Lakes,Gomphonema sp. 21 NE Lakes,no,,,
Gomphonema sp. 22 NE Lakes,Gomphonema sp. 22 NE Lakes,no,,,
Gomphonema sp. 23 NE Lakes,Gomphonema sp. 23 NE Lakes,no,,,
Gomphonema sp. 24 NE Lakes,Gomphonema sp. 24 NE Lakes,no,,,
Gomphonema sp. 26 NAWQA EAM,Gomphonema sp. 26 NAWQA EAM,no,,,
Gomphonema sp. 26 NE Lakes,Gomphonema sp. 26 NE Lakes,no,,,
Gomphonema sp. 27 NE Lakes,Gomphonema sp. 27 NE Lakes,no,,,
Gomphonema sp. 3 NE Lakes,Gomphonema sp. 3 NE Lakes,no,,,
Gomphonema sp. 3 PIRLA,Gomphonema sp. 3 PIRLA,no,,,
Gomphonema sp. 39 NAWQA,Gomphonema sp. 39 NAWQA,no,,,
Gomphonema sp. 4 PIRLA,Gomphonema sp. 4 PIRLA,no,,,
Gomphonema sp. 42 SESQA,Gomphonema sp. 42 SESQA,no,,,
Gomphonema sp. 6 NE Lakes,Gomphonema sp. 6 NE Lakes,no,,,
Gomphonema sp. 7 NE Lakes,Gomphonema sp. 7 NE Lakes,no,,,
Gomphonema sp. 8 NE Lakes,Gomphonema sp. 8 NE Lakes,no,,,
Gomphonema sp. 9 NE Lakes,Gomphonema sp. 9 NE Lakes,no,,,
Gomphonema sphaerophorum,Gomphonema sphaerophorum,no,,,
Gomphonema subclavatum,Gomphonema subclavatum,no,,,
Gomphonema subclavatum var. commutatum,Gomphonema subclavatum var. commutatum,no,,,
Gomphonema subtile,Gomphonema subtile,no,,,
Gomphonema subtile var. sagitta,Gomphonema subtile var. sagitta,no,,,
Gomphonema tergestinum,Gomphonema tergestinum,no,,,
Gomphonema truncatum Ehrenberg,Gomphonema truncatum,yes,,,
Gomphonema truncatum,Gomphonema truncatum,no,,,
Gomphonema truncatum var. elongata,Gomphonema truncatum var. elongata,no,,,
Gomphonema turgidum Ehrenberg,Gomphonema turgidum,yes,,,
Gomphonema turgidum,Gomphonema turgidum,no,,,
Gomphonema truncatum var. turgidum,Gomphonema turgidum,yes,,,
Gomphonema turris,Gomphonema turris,no,,,
Gomphonema variostriatum Camburn et Charles,Gomphonema variostriatum,yes,,,
Gomphonema variostriatum,Gomphonema variostriatum,no,,,
Gomphonema vibrioides,Gomphonema vibrioides,no,,,
Gomphosphenia,Gomphosphenia,no,,,
Gomphosphenia grovei (M. Schmidt) Lange-Bertalot,Gomphosphenia grovei,yes,,,
Gomphosphenia grovei,Gomphosphenia grovei,no,,,
Gomphosphenia holmquistii,Gomphosphenia holmquistii,no,,,
Gomphosphenia lingulatiformis,Gomphosphenia lingulatiformis,no,,,
Gomphosphenia stoermeri,Gomphosphenia stoermeri,no,,,
Gomphosphenia tackei,Gomphosphenia tackei,no,,,
Gomphosphenia tackei var. brevistriatum,Gomphosphenia tackei var. brevistriatum,no,,,
Gomphonema tackei var. brevistriatum,Gomphosphenia tackei var. brevistriatum,yes,,,
Grunowia sinuata,Grunowia sinuata,no,,,
Grunowia solgensis,Grunowia solgensis,no,,,
Nitzschia sinuata var. tabellaria,Grunowia tabellaria,yes,,,
Grunowia tabellaria,Grunowia tabellaria,no,,,
Gyrosigma spp.,Gyrosigma,yes,,,
Gyrosigma sp. 1 ?,Gyrosigma,yes,,,
Gyrosigma,Gyrosigma,no,,,
Gyrosigma spenceri,Gyrosigma acuminatum,yes,,,
Gyrosigma cf. acuminatum,Gyrosigma acuminatum,yes,,,
Gyrosigma acuminatum (Kützing) Rabenhorst,Gyrosigma acuminatum,yes,,,
Gyrosigma acuminatum,Gyrosigma acuminatum,no,,,
Gyrosigma attenuatum (Kützing) Rabenhorst,Gyrosigma attenuatum,yes,,,
Gyrosigma attenuatum,Gyrosigma attenuatum,no,,,
Gyrosigma obscurum (Smith) Griffith et Henfrey,Gyrosigma obscurum,yes,,,
Gyrosigma obscurum,Gyrosigma obscurum,no,,,
Gyrosigma obtusatum,Gyrosigma obtusatum,no,,,
Gyrosigma scalproides,Gyrosigma scalproides,no,,,
Gyrosigma sciotoense,Gyrosigma sciotoense,no,,,
Gyrosigma spencerii var. curvula,Gyrosigma spencerii var. curvula,no,,,
Gyrosigma wormleyi,Gyrosigma wormleyi,no,,,
Halamphora coffeaeformis,Halamphora coffeaeformis,no,,,
Amphora coffeaeformis,Halamphora coffeaeformis,yes,,,
Halamphora holsatica,Halamphora holsatica,no,,,
Amphora holsatica,Halamphora holsatica,yes,,,
Halamphora montana,Halamphora montana,no,,,
Amphora perpusilla,Halamphora perpusilla,yes,,,
Halamphora thumensis (A. Mayer) Levkov,Halamphora thumensis,yes,,,
Halamphora thumensis,Halamphora thumensis,no,,,
Amphora thumensis,Halamphora thumensis,yes,,,
Halamphora tumida,Halamphora tumida,no,,,
Halamphora veneta (Kützing) Levkov,Halamphora veneta,yes,,,
Halamphora veneta,Halamphora veneta,no,,,
Hannaea arcus (Ehrenberg) Patrick,Hannaea arcus,yes,,,
Hannaea arcus,Hannaea arcus,no,,,
Hantzschia sp. 1?,Hantzschia,yes,,,
Hantzschia,Hantzschia,no,,,
Hantzschia abundans,Hantzschia abundans,no,,,
Hantzschia amphioxys,Hantzschia amphioxys,no,,,
Hantzschia amphioxys var. vivax,Hantzschia amphioxys var. vivax,no,,,
Hantzschia distinctepunctata,Hantzschia distinctepunctata,no,,,
Hantzschia sp. 2 NE Lakes,Hantzschia sp. 2 NE Lakes,no,,,
Hantzschia spectabilis,Hantzschia spectabilis,no,,,
Haslea spicula,Haslea spicula,no,,,
Hippodonta,Hippodonta,no,,,
"Hippodonta capitata (Ehrenberg) Lange-Bertalot, Metzeltin et Witkowski",Hippodonta capitata,yes,,,
Hippodonta capitata,Hippodonta capitata,no,,,
Hippodonta capitata subsp. iberoamericana,Hippodonta capitata subsp. iberoamericana,no,,,
Hippodonta capitata ssp. iberoamericana,Hippodonta capitata subsp. iberoamericana,yes,,,
Hippodonta costulata,Hippodonta costulata,no,,,
Navicula hungarica,Hippodonta hungarica,yes,,,
"Hippodonta hungarica (Grunow) Lange-Bertalot, Metzeltin et Witkowski",Hippodonta hungarica,yes,,,
Hippodonta hungarica,Hippodonta hungarica,no,,,
Hippodonta lueneburgensis,Hippodonta lueneburgensis,no,,,
Hippodonta pseudacceptata (Kobayasi) Lange-Bertalot,Hippodonta pseudacceptata,yes,,,
Hippodonta pseudacceptata,Hippodonta pseudacceptata,no,,,
Humidophila brekkaensis,Humidophila brekkaensis,no,,,
Navicula contenta,Humidophila contenta,yes,,,
"Humidophila contenta (Grunow) Lowe, Kociolek, Johansen, Van de Vijver, Lange-Bertalot et Kopalová",Humidophila contenta,yes,,,
Humidophila contenta,Humidophila contenta,no,,,
Diadesmis contenta,Humidophila contenta,yes,,,
Humidophila gallica,Humidophila gallica,no,,,
Navicula perpusilla,Humidophila perpusilla,yes,,,
Navicula gallica var. perpusilla,Humidophila perpusilla,yes,,,
Humidophila perpusilla,Humidophila perpusilla,no,,,
Diadesmis perpusilla,Humidophila perpusilla,yes,,,
Navicula schmassmannii,Humidophila schmassmannii,yes,,,
Humidophila schmassmannii,Humidophila schmassmannii,no,,,
Humidophila schmassmanni (Hust.) Buczkó and Wojtal,Humidophila schmassmannii,yes,,,
Humidophila schmassmanni,Humidophila schmassmannii,yes,,,
Hygropetra balfouriana,Hygropetra balfouriana,no,,,
Hygropetra elongata,Hygropetra elongata,no,,,
Surirella bifrons Ehrenberg,Iconella bifrons,yes,,,
Iconella bifrons,Iconella bifrons,no,,,
Surirella biseriata,Iconella biseriata,yes,,,
Iconella biseriata,Iconella biseriata,no,,,
Surirella capronii,Iconella capronii,yes,,,
Iconella capronii,Iconella capronii,no,,,
Stenopterobia curvula,Iconella curvula,yes,,,
Iconella curvula (W.Smith) Ruck & Nakov,Iconella curvula,yes,,,
Iconella curvula,Iconella curvula,no,,,
Surirella delicatissima,Iconella delicatissima,yes,,,
Stenopterobia delicatissima,Iconella delicatissima,yes,,,
Stenopterobia cf. delicatissima,Iconella delicatissima,yes,,,
Iconella delicatissima,Iconella delicatissima,no,,,
Iconella gradifera,Iconella gradifera,no,,,
Iconella guatimalensis,Iconella guatimalensis,no,,,
Surirella linearis,Iconella linearis,yes,,,
Iconella linearis,Iconella linearis,no,,,
Surirella splendida,Iconella splendida,yes,,,
Iconella splendida,Iconella splendida,no,,,
Surirella tenera Gregory,Iconella tenera,yes,,,
Surirella tenera,Iconella tenera,yes,,,
Iconella tenera,Iconella tenera,no,,,
Karayevia,Karayevia,no,,,
Karayevia amoena,Karayevia amoena,no,,,
Karayevia carissima,Karayevia carissima,no,,,
Karayevia clevei (Grunow) Bukhtiyarova,Karayevia clevei,yes,,,
Karayevia clevei,Karayevia clevei,no,,,
Achnanthes clevei,Karayevia clevei,yes,,,
Karayevia clevei var. rostrata,Karayevia clevei var. rostrata,no,,,
Karayevia laterostrata (Hustedt) Bukhtiyarova,Karayevia laterostrata,yes,,,
Karayevia laterostrata,Karayevia laterostrata,no,,,
Achnanthes laterostrata,Karayevia laterostrata,yes,,,
Karayevia nitidiformis (Lange-Bertalot) Bukhtiyarova,Karayevia nitidiformis,yes,,,
Karayevia nitidiformis,Karayevia nitidiformis,no,,,
Karayevia ploenensis,Karayevia ploenensis,no,,,
Karayevia ploenensis var. gessneri,Karayevia ploenensis var. gessneri,no,,,
Karayevia rostrata,Karayevia rostrata,no,,,
Achnanthes clevei var. rostrata,Karayevia rostrata,yes,,,
Karayevia sp. 1 VTEC Lakes,Karayevia sp. 1 VTEC Lakes,no,,,
Karayevia submarina,Karayevia submarina,no,,,
Karayevia suchlandtii (Hustedt) Bukhtiyarova,Karayevia suchlandtii,yes,,,
Karayevia suchlandtii,Karayevia suchlandtii,no,,,
Achnanthes suchlandtii,Karayevia suchlandtii,yes,,,
Kobayasiella,Kobayasiella,no,,,
Kobayasiella jaagii,Kobayasiella jaagii,no,,,
Navicula mandumensis,Kobayasiella madumensis,yes,,,
Kobayasiella madumensis,Kobayasiella madumensis,no,,,
Kobayasiella micropunctata,Kobayasiella micropunctata,no,,,
Navicula okadae,Kobayasiella okadae,yes,,,
Kobayasiella okadae,Kobayasiella okadae,no,,,
Navicula parasubtilissima,Kobayasiella parasubtilissima,yes,,,
Kobayasiella parasubtilissima,Kobayasiella parasubtilissima,no,,,
Kobayasiella pseudosubtilissima,Kobayasiella pseudosubtilissima,no,,,
Navicula subtilissima,Kobayasiella subtilissima,yes,,,
Navicula pseudosubtilissima,Kobayasiella pseudosubtilissima,yes,,,
Kobayasiella subtilissima,Kobayasiella subtilissima,no,,,
Kobayasiella venezuelensis,Kobayasiella venezuelensis,no,,,
Krasskella kriegeriana,Krasskella kriegeriana,no,,,
Krasskella kriegerana,Krasskella kriegeriana,yes,,,
Kurtkrammeria aequalis,Kurtkrammeria aequalis,no,,,
Cymbella cf. aequalis,Kurtkrammeria aequalis,yes,,,
Cymbella aequalis,Kurtkrammeria aequalis,yes,,,
Kurtkrammeria neoamphioxys,Kurtkrammeria neoamphioxys,no,,,
Cymbella amphioxys,Kurtkrammeria neoamphioxys,yes,,,
Kurtkrammeria recta,Kurtkrammeria recta,no,,,
Kurkrammeria treinishii,Kurtkrammeria treinishii,yes,,,
Kurkrammeria treinishii,Kurtkrammeria treinishii,no,,,
Lacustriella lacustris,Lacustriella lacustris,no,,,
Lemnicola hungarica,Lemnicola hungarica,no,,,
Achnanthes hungarica,Lemnicola hungarica,yes,,,
Lindavia sp. 3 ?,Lindavia,yes,,,
Lindavia sp. 2 ?,Lindavia,yes,,,
Lindavia sp. 1 ?,Lindavia,yes,,,
Lindavia,Lindavia,no,,,
Lindavia bodanica,Lindavia bodanica,no,,,
Cyclotella bodanica,Lindavia bodanica,yes,,,
Lindavia bodanica/intermedia,Lindavia bodanica/L. intermedia,yes,yes,,
Cyclotella bodanica var. lemanica,Lindavia bodanica/L. intermedia,yes,yes,,combined with L. intermedia. Only an issue with older data
Cyclotella bodanica f. lemanica,Lindavia bodanica/L. intermedia,yes,yes,,combined with L. intermedia. Only an issue with older data
Lindavia comensis (Grunow) T.Nakov et al,Lindavia comensis,yes,,,
Lindavia comensis,Lindavia comensis,no,,,
Cyclotella comensis,Lindavia comensis,yes,,,
Lindavia comta,Lindavia comta,no,,,
Cyclotella comta,Lindavia comta,yes,,,
"Lindavia intermedia (Manguin ex Kociolek & Reviers) Nakov, Guillory, Julius, Theriot & Alverson ex W.C.Daniels, Novis & Edlund",Lindavia intermedia,yes,,,
Lindavia intermedia,Lindavia intermedia,no,,,
Lindavia krammeri,Lindavia krammeri,no,,,
Lindavia kuetzingiana,Lindavia kuetzingiana,no,,,
Cyclotella kuetzingiana f. planetophora,Lindavia kuetzingiana,yes,,yes,This genus is usually found in brackish water and could be confused with C. distinguenda which is more likely to be the correct taxa.
Cyclotella kuetzingiana,Lindavia kuetzingiana,yes,,yes,This genus is usually found in brackish water and could be confused with C. distinguenda which is more likely to be the correct taxa.
Lindavia kuetzingiana var. radiosa,Lindavia kuetzingiana var. radiosa,no,,,
Cyclotella kuetzingiana var. radiosa,Lindavia kuetzingiana var. radiosa,yes,,yes,This genus is usually found in brackish water and could be confused with C. distinguenda which is more likely to be the correct taxa.
"Lindavia michiganiana (Skvortzov) Nakov, Guillory, M.L.Julius, E.C.Ther. and A.J.Alverson",Lindavia michiganiana,yes,,,
Lindavia michiganiana,Lindavia michiganiana,no,,,
Cyclotella michiganiana,Lindavia michiganiana,yes,,,
Lindavia ocellata (Pantocsek) T.Nakov et al.,Lindavia ocellata,yes,,,
Lindavia ocellata,Lindavia ocellata,no,,,
Cyclotella ocellata,Lindavia ocellata,yes,,,
Lindavia praetermissa,Lindavia praetermissa,no,,,
Lindavia radiosa,Lindavia radiosa,no,,,
Lindavia rossii (Håkansson) T. Nakov et al.,Lindavia rossii,yes,,,
Lindavia rossii,Lindavia rossii,no,,,
Cyclotella rossii,Lindavia rossii,yes,,,
Lindavia sp. 502 NE Lakes,Lindavia sp. 502 NE Lakes,no,,,
Lindavia tripartita,Lindavia tripartita,no,,,
Cyclotella tripartita,Lindavia tripartita,yes,,,
Luticola,Luticola,no,,,
Luticola acidoclinata,Luticola acidoclinata,no,,,
Luticola cohnii,Luticola cohnii,no,,,
Luticola goeppertiana,Luticola goeppertiana,no,,,
Luticola grupcei,Luticola grupcei,no,,,
Luticola hlubikovae,Luticola hlubikovae,no,,,
Navicula mutica,Luticola mutica,yes,,,
Luticola mutica (Kützing) Mann,Luticola mutica,yes,,,
Luticola mutica,Luticola mutica,no,,,
Luticola muticoides,Luticola muticoides,no,,,
Luticola nivalis,Luticola nivalis,no,,,
Luticola paramutica,Luticola paramutica,no,,,
Luticola saxophila,Luticola saxophila,no,,,
Luticola ventricosa,Luticola ventricosa,no,,,
Mastogloia spp.,Mastogloia,yes,,,
Mastogloia,Mastogloia,no,,,
Mastogloia albertii,Mastogloia albertii,no,,,
Mastogloia elliptica (Agardh) Cleve,Mastogloia elliptica,yes,,,
Mastogloia elliptica,Mastogloia elliptica,no,,,
Mastogloia grevillei,Mastogloia grevillei,no,,,
Mastogloia smithii var. lacustris,Mastogloia lacustris,yes,,,
Mastogloia lacustris,Mastogloia lacustris,no,,,
Mastogloia smithii,Mastogloia smithii,no,,yes,Taxon not verified in N. America
Mayamaea,Mayamaea,no,,,
Mayamaea agrestis,Mayamaea agrestis,no,,,
Mayamaea atomus,Mayamaea atomus,no,,,
Mayamaea atomus var. alcimonica,Mayamaea atomus var. alcimonica,no,,,
Mayamaea fossaloides,Mayamaea fossaloides,no,,,
Mayamaea ingenua,Mayamaea ingenua,no,,,
Mayamaea muraliformis,Mayamaea muraliformis,no,,,
Mayamaea permitis,Mayamaea permitis,no,,,
Mayamaea atomus var. permitis,Mayamaea permitis,yes,,,
Melosira spp.,Melosira,yes,,,
Melosira sp. 4 ?,Melosira,yes,,,
Melosira sp. 3 ?,Melosira,yes,,,
Melosira sp. 2 JFord-ConeP,Melosira,yes,,,
Melosira sp. 2 ?,Melosira,yes,,,
Melosira sp. 1 ?,Melosira,yes,,,
Melosira italica subsp. subarctica fo. tenuissima,Melosira,yes,,,
Melosira islandica subsp. helvetica,Melosira,yes,,,
Melosira,Melosira,no,,,
Melosira cf. goetzeana,Melosira cf. goetzeana,no,,,
Melosira distans var. 1 PIRLA,Melosira distans var. 1 PIRLA,no,,,
Melosira distans var. 2 PIRLA,Melosira distans var. 2 PIRLA,no,,,
Melosira distans var. 3 PIRLA,Melosira distans var. 3 PIRLA,no,,,
Melosira distans var. 4 PIRLA,Melosira distans var. 4 PIRLA,no,,,
Melosira distans var. africana (small) SER ADIR,Melosira distans var. africana,yes,,,
Melosira distans var. africana (large) SER ADIR,Melosira distans var. africana,yes,,,
Melosira distans var. lirata fo. seriata,Melosira distans var. lirata fo. seriata,no,,,
Melosira italica var. tenuissima,Melosira italica var. tenuissima,no,,,
Melosira italica var. valida,Melosira italica var. valida,no,,,
Melosira lirata var. 1 PIRLA,Melosira lirata var. 1 PIRLA,no,,,
Melosira normannii,Melosira normannii,no,,,
Melosira nummuloides,Melosira nummuloides,no,,,
Melosira sp. 1 PIRLA,Melosira sp. 1 PIRLA,no,,yes,Melosira or Aulacoseira?
Melosira sp. 12 PIRLA,Melosira sp. 12 PIRLA,no,,,
Melosira sp. 13 PIRLA,Melosira sp. 13 PIRLA,no,,,
Melosira sp. 5 PIRLA,Melosira sp. 5 PIRLA,no,,,
Melosira sp. 9 PIRLA,Melosira sp. 9 PIRLA,no,,,
Melosira varians Agardh,Melosira varians,yes,,,
Melosira varians,Melosira varians,no,,,
Meridion,Meridion,no,,,
Meridion alansmithii,Meridion alansmithii,no,,,
Meridion anceps,Meridion anceps,no,,,
Diatoma anceps,Meridion anceps,yes,,,
Meridion circulare (Greville) Agardh,Meridion circulare,yes,,,
Meridion circulare,Meridion circulare,no,,,
Meridion circulare var. constrictum (Ralfs) Van Heurck,Meridion circulare var. constrictum,yes,,,
Meridion circulare var. constrictum,Meridion circulare var. constrictum,no,,,
Microcostatus krasskei,Microcostatus krasskei,no,,,
Navicula kuelbsii,Microcostatus kuelbsii,yes,,,
Microcostatus kuelbsii,Microcostatus kuelbsii,no,,,
Microcostatus maceria,Microcostatus maceria,no,,,
Microcostatus naumannii,Microcostatus naumanii,yes,,,
Microcostatus naumanii,Microcostatus naumanii,no,,,
Navicula spp.,Navicula,yes,,,
Navicula sp. 9 ?,Navicula,yes,,,
Navicula sp. 8 ?,Navicula,yes,,,
Navicula sp. 7 ?,Navicula,yes,,,
Navicula sp. 6 ?,Navicula,yes,,,
Navicula sp. 5 ?,Navicula,yes,,,
Navicula sp. 4 ?,Navicula,yes,,,
Navicula sp. 3 ?,Navicula,yes,,,
Navicula sp. 2?,Navicula,yes,,,
Navicula sp. 10 ?,Navicula,yes,,,
Navicula sp. 1?,Navicula,yes,,,
Navicula sp. 1 ?,Navicula,yes,,,
Navicula sp.,Navicula,yes,,,
Navicula,Navicula,no,,,
Navicula aff. effrenata NAWQA EAM,Navicula aff. effrenata NAWQA EAM,no,,,
Navicula aikenensis,Navicula aikenensis,no,,,
Navicula amphiceropsis Lange-Bertalot et Rumrich,Navicula amphiceropsis,yes,,,
Navicula amphiceropsis,Navicula amphiceropsis,no,,,
Navicula angusta,Navicula angusta,no,,,
Navicula antonii Lange-Bertalot,Navicula antonii,yes,,,
Navicula antonii,Navicula antonii,no,,,
Navicula arctotenelloides,Navicula arctotenelloides,no,,,
Navicula arenaria,Navicula arenaria,no,,,
Navicula aurora,Navicula aurora,no,,,
Navicula bicephala,Navicula bicephala,no,,,
Navicula biconica,Navicula biconica,no,,,
Navicula brasiliana,Navicula brasiliana,no,,,
Navicula brevissima,Navicula brevissima,no,,,
Navicula canalis,Navicula canalis,no,,,
Navicula capitatoradiata Germain,Navicula capitatoradiata,yes,,,
Navicula capitatoradiata,Navicula capitatoradiata,no,,,
Navicula graciloides,Navicula cari,yes,,,
Navicula cari,Navicula cari,no,,,
Navicula caterva Hohn et Hellerman,Navicula caterva,yes,,,
Navicula caterva,Navicula caterva,no,,,
Navicula cf. heimansii,Navicula cf. heimansii,no,,,
Navicula cf. perparva,Navicula cf. perparva,no,,,
Navicula cf. subtilissima var. 1 PIRLA,Navicula cf. subtilissima var. 1 PIRLA,no,,,
Navicula cf. subtilissima var. 2 PIRLA,Navicula cf. subtilissima var. 2 PIRLA,no,,,
Navicula cf. subtilissima var. 3 PIRLA,Navicula cf. subtilissima var. 3 PIRLA,no,,,
Navicula cf. subtilissima var. 4 PIRLA,Navicula cf. subtilissima var. 4 PIRLA,no,,,
Navicula cincta,Navicula cincta,no,,,
Navicula clamans,Navicula clamans,no,,,
Navicula cocconeiformis var. capitata,Navicula cocconeiformis var. capitata,no,,,
Navicula concentrica,Navicula concentrica,no,,,
Navicula constans,Navicula constans,no,,,
Navicula cf. constans,Navicula constans,yes,,,
Navicula contenta var. biceps,Navicula contenta var. biceps,no,,,
Navicula convergens,Navicula convergens,no,,,
Navicula cryptocephala Kützing,Navicula cryptocephala,yes,,,
Navicula cryptocephala,Navicula cryptocephala,no,,,
Navicula cryptofallax,Navicula cryptofallax,no,,,
Navicula radiosa var. tenella,Navicula cryptotenella,yes,,,
Navicula cryptotenella Lange-Bertalot,Navicula cryptotenella,yes,,,
Navicula cryptotenella,Navicula cryptotenella,no,,,
Navicula cryptotenelloides,Navicula cryptotenelloides,no,,,
Navicula debilissima,Navicula debilissima,no,,,
Navicula densilineolata,Navicula densilineolata,no,,,
Navicula didyma,Navicula didyma,no,,,
Navicula diploneoides,Navicula diploneoides,no,,,
Navicula dispensata,Navicula dispensata,no,,,
Navicula eidrigiana,Navicula eidrigiana,no,,,
Navicula elginensis var. rostrata,Navicula elginensis var. rostrata,no,,,
Navicula erifuga Lange-Bertalot,Navicula erifuga,yes,,,
Navicula erifuga,Navicula erifuga,no,,,
Navicula escambia,Navicula escambia,no,,,
Navicula exigua,Navicula exigua,no,,,
Navicula exilis,Navicula exilis,no,,,
Navicula cryptocephala var. exilis,Navicula exilis,yes,,,
Navicula expecta,Navicula expecta,no,,,
Navicula facilis,Navicula facilis,no,,,
Navicula festiva,Navicula festiva,no,,,
Navicula freesei,Navicula freesei,no,,,
Navicula genovefae Fusey,Navicula genovefae,yes,,,
Navicula genovefae,Navicula genovefae,no,,,
Navicula germainii Wallace,Navicula germainii,yes,,,
Navicula germainii,Navicula germainii,no,,,
Navicula globosa,Navicula globosa,no,,,
Navicula globulifera,Navicula globulifera,no,,,
Navicula glomus,Navicula glomus,no,,,
Navicula goersii,Navicula goersii,no,,,
Navicula gottlandica,Navicula gottlandica,no,,,
Navicula gregaria Donkin,Navicula gregaria,yes,,,
Navicula gregaria,Navicula gregaria,no,,,
Navicula gysingensis,Navicula gysingensis,no,,,
Navicula hanseatica,Navicula hanseatica,no,,,
Navicula heimansioides,Navicula heimansioides,no,,,
Navicula cf. heimansioides UMICH,Navicula heimansioides,yes,,,
Navicula hungarica var. lueneburgensis,Navicula hungarica var. lueneburgensis,no,,,
Navicula ilopangoensis,Navicula ilopangoensis,no,,,
Navicula impexa,Navicula impexa,no,,,
Navicula indifferens,Navicula indifferens,no,,,
Navicula ingrata,Navicula ingrata,no,,,
Navicula jaernefeltii,Navicula jaernefeltii,no,,,
Navicula kotschyi Grunow,Navicula kotschyi,yes,,,
Navicula kotschyi,Navicula kotschyi,no,,,
Navicula krasskei,Navicula krasskei,no,,,
Navicula lanceolata (Agardh) Kützing,Navicula lanceolata,yes,,,
Navicula lanceolata,Navicula lanceolata,no,,,
Navicula laterostrata,Navicula laterostrata,no,,,
Navicula leptostriata,Navicula leptostriata,no,,,
Navicula cf. leptostriata,Navicula leptostriata,yes,,,
Navicula libonensis,Navicula libonensis,no,,,
Navicula lobeliae,Navicula lobeliae,no,,,
Navicula longicephala,Navicula longicephala,no,,,
Navicula ludloviana,Navicula ludloviana,no,,,
Navicula lundii,Navicula lundii,no,,,
Navicula lyra,Navicula lyra,no,,,
Navicula menisculus,Navicula menisculus,no,,,
Navicula meniscus,Navicula meniscus,no,,,
Navicula reichardtiana,Navicula metareichardtiana,yes,,,
Navicula metareichardtiana,Navicula metareichardtiana,no,,,
Navicula minuscula,Navicula minuscula,no,,,
Navicula minusculoides,Navicula minusculoides,no,,,
Navicula modica,Navicula modica,no,,,
Navicula cf. modica,Navicula modica,yes,,,
Navicula monmouthiana-stodderi,Navicula monmouthiana-stodderi,no,,,
Navicula monoculata var. omissa,Navicula monoculata var. omissa,no,,,
Navicula moskalii,Navicula moskalii,no,,,
Navicula mutata,Navicula mutata,no,,,
Navicula naumanni,Navicula naumanni,no,,,
Navicula notha Wallace,Navicula notha,yes,,,
Navicula notha,Navicula notha,no,,,
Navicula nugalis,Navicula nugalis,no,,,
Navicula oblonga,Navicula oblonga,no,,,
Navicula obsidialis,Navicula obsidialis,no,,,
Navicula oligotraphenta,Navicula oligotraphenta,no,,,
Navicula ordinaria,Navicula ordinaria,no,,,
Navicula paucivisitata,Navicula paucivisitata,no,,,
Navicula peregrina,Navicula peregrina,no,,,
Navicula peregrinopsis Lange-Bertalot et Witkowski,Navicula peregrinopsis,yes,,,
Navicula peregrinopsis,Navicula peregrinopsis,no,,,
Navicula perminuta,Navicula perminuta,no,,,
Navicula cf. perminuta,Navicula perminuta,yes,,,
Navicula praeterita,Navicula praeterita,no,,,
Navicula pseudoarvensis,Navicula pseudoarvensis,no,,,
Navicula pseudobryophila,Navicula pseudobryophila,no,,,
Navicula pseudolanceolata,Navicula pseudolanceolata,no,,,
Navicula pseudomuralis,Navicula pseudomuralis,no,,,
Navicula radiosa vars.,Navicula radiosa,yes,,,
Navicula radiosa Kützing,Navicula radiosa,yes,,,
Navicula radiosa,Navicula radiosa,no,,,
Navicula radiosa var. 1 MAINE,Navicula radiosa var. 1 MAINE,no,,,
Navicula radiosafallax,Navicula radiosafallax,no,,,
Navicula radiosa var. parva,Navicula radiosafallax,yes,,,
Navicula radiosiola,Navicula radiosiola,no,,,
Navicula recens,Navicula recens,no,,,
Navicula regularis,Navicula regularis,no,,,
Navicula reinhardtii,Navicula reinhardtii,no,,,
Navicula rynchocephala,Navicula rhynchocephala,yes,,,
Navicula rhynchocephala Kützing,Navicula rhynchocephala,yes,,,
Navicula rhynchocephala,Navicula rhynchocephala,no,,,
Navicula rhynchocephala var. amphiceros,Navicula rhynchocephala var. amphiceros,no,,,
Navicula rostellata,Navicula rostellata,no,,,
Navicula salinarum,Navicula salinarum,no,,,
Navicula salinicola,Navicula salinicola,no,,,
Navicula scabellum,Navicula scabellum,no,,,
Navicula schroeteri,Navicula schroeteri,no,,,
Navicula scutiformis,Navicula scutiformis,no,,,
Navicula secreta var. apiculata,Navicula secreta var. apiculata,no,,,
Navicula secura,Navicula secura,no,,,
Navicula seminulum var. intermedia,Navicula seminulum var. intermedia,no,,,
Navicula slesvicensis,Navicula slesvicensis,no,,,
Navicula sovereignii,Navicula sovereignii,no,,,
Navicula sovereignae,Navicula sovereignii,yes,,,
Navicula sp. 1 MUR DME,Navicula sp. 1 MUR DME,no,,,
Navicula sp. 1 NE Lakes,Navicula sp. 1 NE Lakes,no,,,
Navicula sp. 1 PIRLA,Navicula sp. 1 PIRLA,no,,,
Navicula sp. 10 NE Lakes,Navicula sp. 10 NE Lakes,no,,,
Navicula sp. 10 VTEC Lakes,Navicula sp. 10 VTEC Lakes,no,,,
Navicula sp. 13 PIRLA,Navicula sp. 13 PIRLA,no,,,
Navicula sp. 14 PIRLA,Navicula sp. 14 PIRLA,no,,,
Navicula sp. 15 PIRLA,Navicula sp. 15 PIRLA,no,,yes,Navicula or Navicula sp. # NE Lakes?
Navicula sp. 2 NE Lakes,Navicula sp. 2 NE Lakes,no,,,
Navicula sp. 2 PIRLA,Navicula sp. 2 PIRLA,no,,yes,Navicula or Navicula sp. # NE Lakes?
Navicula sp. 2 Vermont PJG,Navicula sp. 2 Vermont PJG,no,,,
Navicula sp. 21 PIRLA,Navicula sp. 21 PIRLA,no,,,
Navicula sp. 23 PIRLA,Navicula sp. 23 PIRLA,no,,,
Navicula sp. 24 PIRLA,Navicula sp. 24 PIRLA,no,,,
Navicula sp. 25 PIRLA,Navicula sp. 25 PIRLA,no,,yes,Navicula or Navicula sp. # NE Lakes?
Navicula sp. 26 PIRLA,Navicula sp. 26 PIRLA,no,,,
Navicula sp. 28 PIRLA,Navicula sp. 28 PIRLA,no,,,
Navicula sp. 29 NAWQA EAM,Navicula sp. 29 NAWQA EAM,no,,,
Navicula sp. 3 NAWQA MP,Navicula sp. 3 NAWQA MP,no,,yes,looks similar to Sellaphora sp. 12 NE Lakes on the NE Lakes Voucher
Navicula sp. 3 NE Lakes,Navicula sp. 3 NE Lakes,no,,,
Navicula sp. 3 PIRLA,Navicula sp. 3 PIRLA,no,,,
Navicula sp. 3 Vermont PJG,Navicula sp. 3 Vermont PJG,no,,,
Navicula sp. 3 VTEC Lakes,Navicula sp. 3 VTEC Lakes,no,,,
Navicula sp. 31 PIRLA,Navicula sp. 31 PIRLA,no,,,
Navicula sp. 33 PIRLA,Navicula sp. 33 PIRLA,no,,,
Navicula sp. 4 NE Lakes,Navicula sp. 4 NE Lakes,no,,,
Navicula sp. 4 VTEC Lakes,Navicula sp. 4 VTEC Lakes,no,,,
Navicula sp. 5 ANS NEW JERSEY KCP,Navicula sp. 5 ANS NEW JERSEY KCP,no,,,
Navicula sp. 5 PIRLA,Navicula sp. 5 PIRLA,no,,,
Navicula sp. 5 SCTX MP,Navicula sp. 5 SCTX MP,no,,,
Navicula sp. 502 NE Lakes,Navicula sp. 502 NE Lakes,no,,,
Navicula sp. 508 NE Lakes,Navicula sp. 508 NE Lakes,no,,,
Navicula sp. 6 NE Lakes,Navicula sp. 6 NE Lakes,no,,,
Navicula sp. 6 PIRLA,Navicula sp. 6 PIRLA,no,,,
Navicula sp. 601 NE Lakes_RAI_NAV601,Navicula sp. 601 NE Lakes,yes,,,
Navicula sp. 601 NE Lakes RAI NAV601,Navicula sp. 601 NE Lakes,yes,,,
Navicula sp. 7 NE Lakes,Navicula sp. 7 NE Lakes,no,,,
Navicula sp. 8 NE Lakes,Navicula sp. 8 NE Lakes,no,,,
Navicula sp. 9 NE Lakes,Navicula sp. 9 NE Lakes,no,,,
Navicula sp. 9 PIRLA,Navicula sp. 9 PIRLA,no,,,
Navicula sp. 9 VTEC Lakes,Navicula sp. 9 VTEC Lakes,no,,,
Navicula streckerae,Navicula streckerae,no,,,
Navicula strenzkei,Navicula strenzkei,no,,,
Navicula subfasciata,Navicula subfasciata,no,,,
Navicula subhamulata,Navicula subhamulata,no,,,
Sellaphora submuralis,Sellaphora submuralis,no,,,
Navicula subrostellata,Navicula subrostellata,no,,,
Navicula symmetrica,Navicula symmetrica,no,,,
Navicula tenelloides Hustedt,Navicula tenelloides,yes,,,
Navicula tenelloides,Navicula tenelloides,no,,,
Navicula tripunctata (Müller) Bory,Navicula tripunctata,yes,,,
Navicula tripunctata,Navicula tripunctata,no,,,
Navicula trivialis Lange-Bertalot,Navicula trivialis,yes,,,
Navicula trivialis,Navicula trivialis,no,,,
Navicula tugelae,Navicula tugelae,no,,,
Navicula upsaliensis,Navicula upsaliensis,no,,,
Navicula vanheurckii,Navicula vanheurckii,no,,,
Navicula vaucheriae,Navicula vaucheriae,no,,,
Navicula vekhovii,Navicula vekhovii,no,,,
Navicula venerablis,Navicula venerablis,no,,,
Navicula veneta,Navicula veneta,no,,,
Navicula ventosa,Navicula ventosa,no,,,
Navicula vilaplanii,Navicula vilaplanii,no,,,
Navicula viridula,Navicula viridula,no,,,
Navicula viridula var. avenacea,Navicula viridula var. avenacea,no,,,
Navicula viridula var. linearis,Navicula viridula var. linearis,no,,,
Navicula viridulacalcis,Navicula viridulacalcis,no,,,
Navicula viridulacalcis subsp. neomundana,Navicula viridulacalcis subsp. neomundana,no,,,
Navicula vulpina,Navicula vulpina,no,,,
Navicula wildii,Navicula wildii,no,,,
Navicula witkowskii,Navicula witkowskii,no,,,
Naviculadicta geisslerae (Jahn) Jahn in Lange-Bertalot & Moser,Naviculadicta geisslerae,yes,,,
Naviculadicta geisslerae,Naviculadicta geisslerae,no,,,
Navicymbula pusilla,Navicymbula pusilla,no,,,
Neidiomorpha binodis,Neidiomorpha binodis,no,,,
Neidiopsis levanderi,Neidiopsis levanderi,no,,,
Neidiopsis sp. 1 NE Lakes,Neidiopsis sp. 1 NE Lakes,no,,,
Neidium spp.,Neidium,yes,,,
Neidium sp. 5 ?,Neidium,yes,,,
Neidium sp. 4 ?,Neidium,yes,,,
Neidium sp. 3 ?,Neidium,yes,,,
Neidium sp. 2 ?,Neidium,yes,,,
Neidium sp. 1 ?,Neidium,yes,,,
Neidium sp.,Neidium,yes,,,
Neidium,Neidium,no,,,
Neidium affine (Ehrenberg) Pfitzer,Neidium affine,yes,,,
Neidium affine,Neidium affine,no,,,
Neidium affine var. amphirhynchus,Neidium affine var. amphirhynchus,no,,,
Neidium affine var. capitatum,Neidium affine var. capitatum,no,,,
Neidium affine var. ceylonicum,Neidium affine var. ceylonicum,no,,,
Neidium affine var. dippelli,Neidium affine var. dippelli,no,,,
Neidium affine var. humerus,Neidium affine var. humerus,no,,,
Neidium affine var. longiceps,Neidium affine var. longiceps,no,,,
Neidium affine var. undulatum,Neidium affine var. undulatum,no,,,
Neidium alpinum,Neidium alpinum,no,,,
Neidium alpinum var. quadripunctatum (Hustedt) Hamilton,Neidium alpinum var. quadripunctatum,yes,,,
Neidium alpinum var. quadripunctatum,Neidium alpinum var. quadripunctatum,no,,,
Neidium iridis var. amphigomphus,Neidium amphigomphus,yes,,,
Neidium amphigomphus (Ehrenberg) Pfitzer,Neidium amphigomphus,yes,,,
Neidium amphigomphus,Neidium amphigomphus,no,,,
Neidium iridis var. ampliatum,Neidium ampliatum,yes,,,
Neidium ampliatum,Neidium ampliatum,no,,,
Neidium apiculatum,Neidium apiculatum,no,,,
Neidium bisulcatum,Neidium bisulcatum,no,,,
Neidium bisulcatum var. baicalense,Neidium bisulcatum var. baicalense,no,,,
Neidium boyeri,Neidium boyeri,no,,,
Neidium ladogense var. densestriatum,Neidium densestriatum,yes,,,
Neidium densestriatum,Neidium densestriatum,no,,,
Neidium dilatatum,Neidium dilatatum,no,,,
Neidium dubium,Neidium dubium,no,,,
Neidium fossum,Neidium fossum,no,,,
Neidium gracile fo. aequalis,Neidium gracile fo. aequalis,no,,,
Neidium hercynicum,Neidium hercynicum,no,,,
Neidium hercynicum/Neidium sp. 4 NE Lakes,Neidium hercynicum/N. sp. 4 NE Lakes,yes,yes,,
Neidium hercynicum/N. sp. 4 NE Lakes,Neidium hercynicum/N. sp. 4 NE Lakes,no,yes,,
Neidium herrmannii,Neidium herrmannii,no,,,
Neidium hitchcockii,Neidium hitchcockii,no,,,
Neidium iridis,Neidium iridis,no,,,
Neidium cf. iridis CALACAD,Neidium iridis,yes,,,
Neidium ladogense,Neidium ladogense,no,,,
Neidium longiceps,Neidium longiceps,no,,,
Neidium maximum,Neidium maximum,no,,,
Neidium productum var. minor,Neidium productum,yes,,,
Neidium productum,Neidium productum,no,,,
Neidium sacoense,Neidium sacoense,no,,,
Neidium septentrionale,Neidium septentrionale,no,,,
Neidium sp. 1 NE Lakes,Neidium sp. 1 NE Lakes,no,,,
Neidium sp. 1 PIRLA,Neidium sp. 1 PIRLA,no,,,
Neidium sp. 1 VT,Neidium sp. 1 VT,no,,,
Neidium sp. 10 NE Lakes,Neidium sp. 10 NE Lakes,no,,,
Neidium sp. 12 NE Lakes,Neidium sp. 12 NE Lakes,no,,,
Neidium sp. 13 NE Lakes,Neidium sp. 13 NE Lakes,no,,,
Neidium sp. 14 NE Lakes,Neidium sp. 14 NE Lakes,no,,,
Neidium sp. 2 NE Lakes,Neidium sp. 2 NE Lakes,no,,,
Neidium sp. 2 PIRLA,Neidium sp. 2 PIRLA,no,,,
Neidium sp. 2 VT,Neidium sp. 2 VT,no,,,
Neidium sp. 2 VTEC Lakes,Neidium sp. 2 VTEC Lakes,no,,,
Neidium sp. 3 PIRLA,Neidium sp. 3 PIRLA,no,,,
Neidium sp. 3 VTEC Lakes,Neidium sp. 3 VTEC Lakes,no,,,
Neidium sp. 4 NE Lakes,Neidium sp. 4 NE Lakes,no,,,
Neidium sp. 4 PIRLA,Neidium sp. 4 PIRLA,no,,,
Neidium sp. 4 VTEC Lakes,Neidium sp. 4 VTEC Lakes,no,,,
Neidium sp. 5 NE Lakes,Neidium sp. 5 NE Lakes,no,,,
Neidium sp. 5 PIRLA,Neidium sp. 5 PIRLA,no,,,
Neidium sp. 502 NE Lakes,Neidium sp. 502 NE Lakes,no,,,
Neidium sp. 6 NE Lakes,Neidium sp. 6 NE Lakes,no,,,
Neidium sp. 7 NE Lakes,Neidium sp. 7 NE Lakes,no,,,
Neidium sp. 8 NE Lakes,Neidium sp. 8 NE Lakes,no,,,
Neidium sp. 8 PIRLA,Neidium sp. 8 PIRLA,no,,,
Neidium temperei,Neidium temperei,no,,,
Neidium tumescens,Neidium tumescens,no,,,
Nitzschia spp.,Nitzschia,yes,,,
Nitzschia sp. Hustedt,Nitzschia,yes,,,
Nitzschia sp. 8 ?,Nitzschia,yes,,,
Nitzschia sp. 7 ?,Nitzschia,yes,,,
Nitzschia sp. 6 ?,Nitzschia,yes,,,
Nitzschia sp. 5 ?,Nitzschia,yes,,,
Nitzschia sp. 4 ?,Nitzschia,yes,,,
Nitzschia sp. 3 ?,Nitzschia,yes,,,
Nitzschia sp. 2 ?,Nitzschia,yes,,,
Nitzschia sp. 1?,Nitzschia,yes,,,
Nitzschia sp. 1 ?,Nitzschia,yes,,,
Nitzschia sp.,Nitzschia,yes,,,
Nitzschia,Nitzschia,no,,,
Nitzschia acicularioides,Nitzschia acicularioides,no,,,
Nitzschia acicularis (Kützing) Smith,Nitzschia acicularis,yes,,,
Nitzschia acicularis,Nitzschia acicularis,no,,,
Nitzschia acidoclinata var. hcldoclinata,Nitzschia acidoclinata,yes,,,
Nitzschia acidoclinata Lange-Bertalot,Nitzschia acidoclinata,yes,,,
Nitzschia acidoclinata,Nitzschia acidoclinata,no,,,
Nitzschia acuta,Nitzschia acula,yes,,,
Nitzschia acula,Nitzschia acula,no,,,
Nitzschia aequorea,Nitzschia aequorea,no,,,
Nitzschia agnita Hustedt,Nitzschia agnita,yes,,,
Nitzschia agnita,Nitzschia agnita,no,,,
Nitzschia alpina Hustedt,Nitzschia alpina,yes,,,
Nitzschia alpina,Nitzschia alpina,no,,,
Nitzschia amphibia Grunow,Nitzschia amphibia,yes,,,
Nitzschia amphibia,Nitzschia amphibia,no,,,
Nitzschia amphibioides,Nitzschia amphibioides,no,,,
Nitzschia angustata,Nitzschia angustata,no,,,
Nitzschia angustata var. acuta,Nitzschia angustata var. acuta,no,,,
Nitzschia angustatula,Nitzschia angustatula,no,,,
Nitzschia archibaldii,Nitzschia archibaldii,no,,,
Nitzschia bacillum Hustedt,Nitzschia bacillum,yes,,,
Nitzschia bacillum,Nitzschia bacillum,no,,,
Nitzschia balcanica,Nitzschia balcanica,no,,,
Nitzschia bavarica,Nitzschia bavarica,no,,,
Nitzschia bita,Nitzschia bita,no,,,
Nitzschia bremensis,Nitzschia bremensis,no,,,
Nitzschia brevissima,Nitzschia brevissima,no,,,
Nitzschia capitellata Hustedt,Nitzschia capitellata,yes,,,
Nitzschia capitellata,Nitzschia capitellata,no,,,
Nitzschia clausii,Nitzschia clausii,no,,,
Nitzschia communis,Nitzschia communis,no,,,
Nitzschia commutata,Nitzschia commutata,no,,,
Nitzschia compressa var. vexans,Nitzschia compressa var. vexans,no,,,
Nitzschia desertorum,Nitzschia desertorum,no,,,
Nitzschia dissipata (Kützing) Grunow,Nitzschia dissipata,yes,,,
Nitzschia dissipata,Nitzschia dissipata,no,,,
Nitzschia dissipata var. media,Nitzschia dissipata var. media,no,,,
Nitzschia draveillensis,Nitzschia draveillensis,no,,,
Nitzschia dubia,Nitzschia dubia,no,,,
Nitzschia elegans,Nitzschia elegans,no,,,
Nitzschia exilis,Nitzschia exilis,no,,,
Nitzschia fasciculata,Nitzschia fasciculata,no,,,
Nitzschia filiformis (Smith) Van Heurck,Nitzschia filiformis,yes,,,
Nitzschia filiformis,Nitzschia filiformis,no,,,
Nitzschia flexa,Nitzschia flexa,no,,,
Nitzschia flexoides,Nitzschia flexoides,no,,,
Nitzschia fonticola (Grunow) Grunow,Nitzschia fonticola,yes,,,
Nitzschia fonticola,Nitzschia fonticola,no,,,
Nitzschia cf. fonticola,Nitzschia fonticola,yes,,,
Nitzschia fonticola var. pelagica,Nitzschia fonticola var. pelagica,no,,,
Nitzschia frustulum,Nitzschia frustulum,no,,,
Nitzschia frustulum var. perminuta,Nitzschia frustulum var. perminuta,no,,,
Nitzschia fruticosa,Nitzschia fruticosa,no,,,
Nitzschia gessneri,Nitzschia gessneri,no,,,
Nitzschia graciliformis,Nitzschia graciliformis,no,,,
Nitzschia gracilis Hantzsch,Nitzschia gracilis,yes,,,
Nitzschia gracilis,Nitzschia gracilis,no,,,
Nitzschia gracillima,Nitzschia gracillima,no,,,
Nitzschia graciloides,Nitzschia graciloides,no,,,
Nitzschia hantzschiana,Nitzschia hantzschiana,no,,,
Nitzschia heufleriana Grunow,Nitzschia heufleriana,yes,,,
Nitzschia heufleriana,Nitzschia heufleriana,no,,,
Nitzschia homburgiensis,Nitzschia homburgiensis,no,,,
Nitzschia hybrida,Nitzschia hybrida,no,,,
Nitzschia ignorata,Nitzschia ignorata,no,,,
Nitzschia incognita,Nitzschia incognita,no,,,
Nitzschia inconspicua,Nitzschia inconspicua,no,,,
Nitzschia cf. inconspicua UMICH,Nitzschia inconspicua,yes,,,
Nitzschia innominata,Nitzschia innominata,no,,,
Nitzschia intermedia,Nitzschia intermedia,no,,,
Nitzschia kuetzingiana,Nitzschia kuetzingiana,no,,,
Nitzschia lacuum,Nitzschia lacuum,no,,,
Nitzschia laevis,Nitzschia laevis,no,,,
Nitzschia lanceolata,Nitzschia lanceolata,no,,,
Nitzschia liebethruthii,Nitzschia liebethruthii,no,,,
Nitzschia linearis (Agardh) Smith,Nitzschia linearis,yes,,,
Nitzschia linearis,Nitzschia linearis,no,,,
Nitzschia microcephala,Nitzschia microcephala,no,,,
Nitzschia minuta,Nitzschia minuta,no,,,
Nitzschia montanestris Camburn,Nitzschia montanestris,yes,,,
Nitzschia montanestris,Nitzschia montanestris,no,,,
Nitzschia nana,Nitzschia nana,no,,,
Nitzschia obtusa,Nitzschia obtusa,no,,,
Nitzschia palea (Kützing) Smith,Nitzschia palea,yes,,,
Nitzschia palea,Nitzschia palea,no,,,
Nitzschia palea var. debilis (Kützing) Grunow,Nitzschia palea var. debilis,yes,,,
Nitzschia palea var. debilis,Nitzschia palea var. debilis,no,,,
Nitzschia palea var. tenuirostris Grunow,Nitzschia palea var. tenuirostris,yes,,,
Nitzschia palea var. tenuirostris,Nitzschia palea var. tenuirostris,no,,,
Nitzschia paleacea,Nitzschia paleacea,no,,,
Nitzschia paleaeformis,Nitzschia paleaeformis,no,,,
Nitzschia palustris,Nitzschia palustris,no,,,
Nitzschia parvula,Nitzschia parvula,no,,,
Nitzschia pellucida,Nitzschia pellucida,no,,,
Nitzschia perminuta,Nitzschia perminuta,no,,,
Nitzschia perminuta/Nitzschia alpina,Nitzschia perminuta/N. alpina,yes,yes,,
Nitzschia perminuta/N. alpina,Nitzschia perminuta/N. alpina,no,yes,,
Nitzschia perspicua,Nitzschia perspicua,no,,,
Nitzschia prolongata var. hoehnkii,Nitzschia prolongata var. hoehnkii,no,,,
Nitzschia pseudofonticola,Nitzschia pseudofonticola,no,,,
Nitzschia pumila,Nitzschia pumila,no,,,
Nitzschia pura,Nitzschia pura,no,,,
Nitzschia pusilla,Nitzschia pusilla,no,,,
Nitzschia radicula Hustedt,Nitzschia radicula,yes,,,
Nitzschia radicula,Nitzschia radicula,no,,,
Nitzschia recta var. typica,Nitzschia recta,yes,,,
Nitzschia recta Hantzsch ex Rabenhorst,Nitzschia recta,yes,,,
Nitzschia recta,Nitzschia recta,no,,,
Nitzschia reversa,Nitzschia reversa,no,,,
Nitzschia romana,Nitzschia romana,no,,,
Nitzschia rosenstockii,Nitzschia rosenstockii,no,,,
Nitzschia cf. rosenstockii,Nitzschia rosenstockii,yes,,,
Nitzschia scalpelliformis,Nitzschia scalpelliformis,no,,,
Nitzschia sigma,Nitzschia sigma,no,,,
Nitzschia sigmoidea,Nitzschia sigmoidea,no,,,
Nitzschia sociabilis,Nitzschia sociabilis,no,,,
Nitzschia solita,Nitzschia solita,no,,,
Nitzschia soratensis Morales et Vis,Nitzschia soratensis,yes,,,
Nitzschia soratensis,Nitzschia soratensis,no,,,
Nitzschia sp. 1 NE Lakes,Nitzschia sp. 1 NE Lakes,no,,,
Nitzschia sp. 1 PIRLA,Nitzschia sp. 1 PIRLA,no,,,
Nitzschia sp. 1 VTEC Lakes,Nitzschia sp. 1 VTEC Lakes,no,,,
Nitzschia sp. 2 NE Lakes,Nitzschia sp. 2 NE Lakes,no,,,
Nitzschia sp. 3 NE Lakes,Nitzschia sp. 3 NE Lakes,no,,,
Nitzschia sp. 4 NE Lakes,Nitzschia sp. 4 NE Lakes,no,,,
Nitzschia sp. 5 NE Lakes,Nitzschia sp. 5 NE Lakes,no,,,
Nitzschia sp. 504 NE Lakes,Nitzschia sp. 504 NE Lakes,no,,,
Nitzschia sp. 508 NE Lakes,Nitzschia sp. 508 NE Lakes,no,,,
Nitzschia sp. 511 NE Lakes,Nitzschia sp. 511 NE Lakes,no,,,
Nitzschia sp. 516 NE Lakes,Nitzschia sp. 516 NE Lakes,no,,,
Nitzschia sp. 517 NE Lakes,Nitzschia sp. 517 NE Lakes,no,,,
Nitzschia sp. 601 NE Lakes_RAI_NIT601,Nitzschia sp. 601 NE Lakes,yes,,,
Nitzschia sp. 601 NE Lakes RAI NIT601,Nitzschia sp. 601 NE Lakes,yes,,,
Nitzschia stagnorum,Nitzschia stagnorum,no,,,
Nitzschia subacicularis Hustedt,Nitzschia subacicularis,yes,,,
Nitzschia subacicularis,Nitzschia subacicularis,no,,,
Nitzschia sublinearis,Nitzschia sublinearis,no,,,
Nitzschia subrostrata,Nitzschia subrostrata,no,,,
Nitzschia subtilis,Nitzschia subtilis,no,,,
Nitzschia suchlandtii,Nitzschia suchlandtii,no,,,
Nitzschia supralitorea,Nitzschia supralitorea,no,,,
Nitzschia tenuis,Nitzschia tenuis,no,,,
Nitzschia linearis var. tenuis,Nitzschia tenuis,yes,,,
Nitzschia terrestris,Nitzschia terrestris,no,,,
Nitzschia tropica,Nitzschia tropica,no,,,
Nitzschia tubicola,Nitzschia tubicola,no,,,
Nitzschia umbonata,Nitzschia umbonata,no,,,
Nitzschia valdecostata,Nitzschia valdecostata,no,,,
Nitzschia vasta,Nitzschia vasta,no,,,
Nitzschia vermicularis,Nitzschia vermicularis,no,,,
Nitzschia wuellerstorffii,Nitzschia wuellerstorffii,no,,,
Nupela sp. 1?,Nupela,yes,,,
Nupela sp. 1 NRSA DME?,Nupela,yes,,,
Nupela,Nupela,no,,,
Nupela bicapitata,Nupela bicapitata,no,,,
Achnanthes bicapitata,Nupela bicapitata,yes,,,
Nupela carolina,Nupela carolina,no,,,
Nupela decipiens,Nupela decipiens,no,,,
Nupela elegantula,Nupela elegantula,no,,,
Nupela fennica (Hustedt) Lange-Bertalot,Nupela fennica,yes,,,
Nupela fennica,Nupela fennica,no,,,
Nupela frezelii,Nupela frezelii,no,,,
Stauroneis gracillima,Nupela gracillima,yes,,,
Nupela gracillima,Nupela gracillima,no,,,
Nupela impexiformis (Lange-Bertalot) Lange-Bertalot,Nupela impexiformis,yes,,,
Nupela impexiformis,Nupela impexiformis,no,,,
Achnanthes impexiformis,Nupela impexiformis,yes,,,
Nupela ingratiformis,Nupela ingratiformis,no,,,
Achnanthes ingratiformis,Nupela ingratiformis,yes,,,
Nupela lapidosa,Nupela lapidosa,no,,,
"Nupela neglecta Ponader, Lowe et Potapova",Nupela neglecta,yes,,,
Nupela neglecta,Nupela neglecta,no,,,
Nupela neogracillima,Nupela neogracillima,no,,,
Nupela neotropica,Nupela neotropica,no,,,
Nupela paludigena,Nupela paludigena,no,,,
Nupela pennsylvanica,Nupela pennsylvanica,no,,,
Achnanthes imperfecta,Nupela pennsylvanica,yes,,,
Nupela poconoensis,Nupela poconoensis,no,,,
Nupela scissura,Nupela scissura,no,,,
Nupela sp. 1 Idaho SEH,Nupela sp. 1 Idaho SEH,no,,,
Nupela sp. 1 NE Lakes,Nupela sp. 1 NE Lakes,no,,,
Nupela sp. 2 NE Lakes,Nupela sp. 2 NE Lakes,no,,,
Nupela sp. 2 VTEC Lakes,Nupela sp. 2 VTEC Lakes,no,,,
Nupela sp. 3 NE Lakes,Nupela sp. 3 NE Lakes,no,,,
Nupela sp. 3 VTEC Lakes,Nupela sp. 3 VTEC Lakes,no,,,
Nupela sp. 4 NAWQA EAM,Nupela sp. 4 NAWQA EAM,no,,,
Nupela sp. 4 NE Lakes,Nupela sp. 4 NE Lakes,no,,,
Nupela sp. 5 NE Lakes,Nupela sp. 5 NE Lakes,no,,,
Nupela subrostrata,Nupela subrostrata,no,,,
Nupela tenuicephala,Nupela tenuicephala,no,,,
Navicula tenuicephala,Nupela tenuicephala,yes,,,
Anomoeoneis paludigena,Nupela tenuicephala,yes,,,
Nupela vitiosa (Schimanski) Siver et Hamilton,Nupela vitiosa,yes,,,
Nupela vitiosa,Nupela vitiosa,no,,,
Navicula vitiosa,Nupela vitiosa,yes,,,
Nupela wellneri (Lange-Bertalot) Lange-Bertalot,Nupela wellneri,yes,,,
Nupela wellneri,Nupela wellneri,no,,,
Odontidium mesodon,Odontidium mesodon,no,,,
Diatoma mesodon,Odontidium mesodon,yes,,,
Odontidium sp. 1 NE Lakes,Odontidium sp. 1 NE Lakes,no,,,
Opephora spp.,Opephora,yes,,,
Opephora sp. 1 ?,Opephora,yes,,,
Opephora,Opephora,no,,,
Opephora mutabilis,Opephora mutabilis,no,,,
Opephora olsenii,Opephora olsenii,no,,,
Opephora aff. olsenii SAVANNAH EAM,Opephora olsenii,yes,,,
Opephora sp. 1 PIRLA,Opephora sp. 1 PIRLA,no,,,
Orthoseira roeseana,Orthoseira roeseana,no,,,
Orthoseira sp. 1 NE Lakes,Orthoseira sp. 1 NE Lakes,no,,,
Tabellaria cf. binalis,Oxyneis binalis,yes,,,
Tabellaria binalis,Oxyneis binalis,yes,,,
Oxyneis binalis,Oxyneis binalis,no,,,
Tabellaria binalis var. elliptica,Oxyneis binalis var. elliptica,yes,,,
Oxyneis binalis var. elliptica (Flower) Kingston,Oxyneis binalis var. elliptica,yes,,,
Oxyneis binalis var. elliptica,Oxyneis binalis var. elliptica,no,,,
Paralia sulcata,Paralia sulcata,no,,,
Paraplaconeis minor (Grunow) Lange-Bertalot,Paraplaconeis minor,yes,,,
Paraplaconeis minor,Paraplaconeis minor,no,,,
Paraplaconeis placentula,Paraplaconeis placentula,no,,,
Peronia fibula,Peronia fibula,no,,,
Peronia heribaudi,Peronia heribaudi,no,,,
Pinnularia spp.,Pinnularia,yes,,,
Pinnularia sp. 9?,Pinnularia,yes,,,
Pinnularia sp. 8?,Pinnularia,yes,,,
Pinnularia sp. 7?,Pinnularia,yes,,,
Pinnularia sp. 6?,Pinnularia,yes,,,
Pinnularia sp. 6 ?,Pinnularia,yes,,,
Pinnularia sp. 5?,Pinnularia,yes,,,
Pinnularia sp. 5 ?,Pinnularia,yes,,,
Pinnularia sp. 4?,Pinnularia,yes,,,
Pinnularia sp. 4 ?,Pinnularia,yes,,,
Pinnularia sp. 3?,Pinnularia,yes,,,
Pinnularia sp. 3 ?,Pinnularia,yes,,,
Pinnularia sp. 2?,Pinnularia,yes,,,
Pinnularia sp. 2 ?,Pinnularia,yes,,,
Pinnularia sp. 1?,Pinnularia,yes,,,
Pinnularia sp. 1 ?,Pinnularia,yes,,,
Pinnularia sp. 1 (lata> N. Wittrocki) JFord-ConeP,Pinnularia,yes,,,
Pinnularia sp.,Pinnularia,yes,,,
Pinnularia,Pinnularia,no,,,
Pinnularia abaujensis,Pinnularia abaujensis,no,,,
Pinnularia abaujensis var. 1 MAINE,Pinnularia abaujensis var. 1 MAINE,no,,,
Pinnularia abaujensis var. 2 PIRLA,Pinnularia abaujensis var. 2 PIRLA,no,,yes,"In Potapova et al. 2022, there are Pinnularia abaujensis var. linearis and P. abaujensis var. lacustris. Does var. 2 PIRLA correspond to either one of those taxa?"
Pinnularia abaujensis var. lacustris,Pinnularia abaujensis var. lacustris,no,,,
Pinnularia abaujensis var. subundulata,Pinnularia abaujensis var. subundulata,no,,,
Pinnularia acidophila,Pinnularia acidophila,no,,,
Pinnularia acoricola,Pinnularia acoricola,no,,,
Pinnularia acrosphaeria (Brébisson) Smith,Pinnularia acrosphaeria,yes,,,
Pinnularia acrosphaeria,Pinnularia acrosphaeria,no,,,
Pinnularia acuminata,Pinnularia acuminata,no,,,
Pinnularia acuminata var. interrupta,Pinnularia acuminata var. interrupta,no,,,
Pinnularia angusta,Pinnularia angusta,no,,,
Pinnularia appendiculata,Pinnularia appendiculata,no,,,
Pinnularia bacilliformis,Pinnularia bacilliformis,no,,,
Pinnularia biceps,Pinnularia biceps,no,,,
Pinnularia biceps fo. petersenii,Pinnularia biceps f. petersenii,yes,,,
Pinnularia biceps f. petersenii,Pinnularia biceps f. petersenii,no,,,
Pinnularia biceps var. pusilla,Pinnularia biceps var. pusilla,no,,,
Pinnularia bihastata (Mann) Patrick,Pinnularia bihastata,yes,,,
Pinnularia bihastata,Pinnularia bihastata,no,,,
Pinnularia borealis Ehrenberg,Pinnularia borealis,yes,,,
Pinnularia borealis,Pinnularia borealis,no,,,
Pinnularia borealis var. 1 PIRLA,Pinnularia borealis var. 1 PIRLA,no,,,
Pinnularia borealis var. 2 PIRLA,Pinnularia borealis var. 2 PIRLA,no,,,
Pinnularia borealis var. rectangularis,Pinnularia borealis var. rectangularis,no,,,
Pinnularia brandelii,Pinnularia brandelii,no,,,
Pinnularia braunii,Pinnularia brauniana,yes,,,
Pinnularia brauniana (Grunow) Studnicka,Pinnularia brauniana,yes,,,
Pinnularia brauniana,Pinnularia brauniana,no,,,
Pinnularia braunii var. amphicephala,Pinnularia braunii var. amphicephala,no,,,
Pinnularia cf. braunii var. amphicephala fo. subconica,Pinnularia braunii var. amphicephala subconica,yes,,,
Pinnularia braunii var. amphicephala subconica,Pinnularia braunii var. amphicephala subconica,no,,,
Pinnularia braunii var. marginata,Pinnularia braunii var. marginata,no,,,
Pinnularia brebissonii,Pinnularia brebissonii,no,,,
Pinnularia brevicostata,Pinnularia brevicostata,no,,,
Pinnularia brevicostata var. 1 PIRLA,Pinnularia brevicostata var. 1 PIRLA,no,,,
Pinnularia cardinaliculus,Pinnularia cardinaliculus,no,,,
Pinnularia caudata,Pinnularia caudata,no,,,
Pinnularia cf. pseudomicrostauron,Pinnularia cf. pseudomicrostauron,no,,,
Pinnularia cherryfieldiana,Pinnularia cherryfieldiana,no,,,
Pinnularia cleveii,Pinnularia cleveii,no,,,
Pinnularia cuneicephala,Pinnularia cuneicephala,no,,,
Pinnularia decrescens,Pinnularia decrescens,no,,,
Pinnularia divergens,Pinnularia divergens,no,,,
Pinnularia divergens var. elliptica,Pinnularia divergens var. elliptica,no,,,
Pinnularia divergentissima,Pinnularia divergentissima,no,,,
Pinnularia dornii,Pinnularia dornii,no,,,
Pinnularia flexuosa,Pinnularia flexuosa,no,,,
Pinnularia formica (Ehrenberg) Patrick,Pinnularia formica,yes,,,
Pinnularia formica,Pinnularia formica,no,,,
Pinnularia gentilis,Pinnularia gentilis,no,,,
Pinnularia gibba,Pinnularia gibba,no,,,
Pinnularia gibba var. linearis,Pinnularia gibba var. linearis,no,,,
Pinnularia abaujensis var. linearis,Pinnularia gibba var. linearis,yes,,,
Pinnularia gibba var. rostrata,Pinnularia gibba var. rostrata,no,,,
Pinnularia abaujensis var. rostrata,Pinnularia gibba var. rostrata,yes,,,
Pinnularia gibbiformis,Pinnularia gibbiformis,no,,,
Pinnularia hemiptera,Pinnularia hemiptera,no,,,
Pinnularia hemiptera var. bielawskii,Pinnularia hemiptera var. bielawskii,no,,,
Pinnularia acuminata var. bielawskii,Pinnularia hemiptera var. bielawskii,yes,,,
Pinnularia hilseana,Pinnularia hilseana,no,,,
Pinnularia ignobilis,Pinnularia ignobilis,no,,,
Pinnularia inconstans,Pinnularia inconstans,no,,,
Pinnularia inflata,Pinnularia inflata,no,,,
Pinnularia intermedia,Pinnularia intermedia,no,,,
Pinnularia interrupta,Pinnularia interrupta,no,,,
Pinnularia kwacksii,Pinnularia kwacksii,no,,,
Pinnularia lange-bertalotii,Pinnularia lange-bertalotii,no,,,
Pinnularia lata (Brébisson) Smith,Pinnularia lata,yes,,,
Pinnularia lata,Pinnularia lata,no,,,
Pinnularia latarea,Pinnularia latarea,no,,,
Pinnularia latevittata,Pinnularia latevittata,no,,,
Pinnularia latevittata var. domingensis,Pinnularia latevittata var. domingensis,no,,,
Pinnularia legumen,Pinnularia legumen,no,,,
Pinnularia lundii,Pinnularia lundii,no,,,
Pinnularia maior,Pinnularia maior,no,,,
Pinnularia major,Pinnularia major,no,,,
Pinnularia mesogongyla,Pinnularia mesogongyla,no,,,
Pinnularia mesolepta,Pinnularia mesolepta,no,,,
Pinnularia mesolepta var. 1 PIRLA,Pinnularia mesolepta var. 1 PIRLA,no,,,
Pinnularia microstauron (Ehrenberg) Cleve,Pinnularia microstauron,yes,,,
Pinnularia microstauron,Pinnularia microstauron,no,,,
Pinnularia cf. microstauron (Ehrenb.) Cleve,Pinnularia microstauron,yes,,,
Pinnularia microstauron var. adirondackensis,Pinnularia microstauron var. adirondackensis,no,,,
Pinnularia microstauron var. lunicus,Pinnularia microstauron var. lunicus,no,,,
Pinnularia mormonorum,Pinnularia mormonorum,no,,,
Pinnularia neomajor var. frequentis Krammer,Pinnularia neomajor var. frequentis,yes,,,
Pinnularia neomajor var. frequentis,Pinnularia neomajor var. frequentis,no,,,
Pinnularia neomajor var. intermedia,Pinnularia neomajor var. intermedia,no,,,
Pinnularia nobilis,Pinnularia nobilis,no,,,
Pinnularia nodosa,Pinnularia nodosa,no,,,
Pinnularia nodosa var. constricta fo. truncata,Pinnularia nodosa var. constricta f. truncata,yes,,,
Pinnularia nodosa var. constricta f. truncata,Pinnularia nodosa var. constricta f. truncata,no,,,
Pinnularia nodosa var. percapitata,Pinnularia nodosa var. percapitata,no,,,
Pinnularia obscura Krasske,Pinnularia obscura,yes,,,
Pinnularia obscura,Pinnularia obscura,no,,,
Pinnularia oculus,Pinnularia oculus,no,,,
Pinnularia permixtionis,Pinnularia permixtionis,no,,,
Pinnularia pluvianiformis,Pinnularia pluvianiformis,no,,,
Pinnularia pogoii,Pinnularia pogoii,no,,,
Pinnularia pogoi,Pinnularia pogoii,yes,,,
Pinnularia polyonca (Brébisson) Smith,Pinnularia polyonca,yes,,,
Pinnularia polyonca,Pinnularia polyonca,no,,,
Pinnularia polyonca var. stidolphii,Pinnularia polyonca var. stidolphii,no,,,
Pinnularia pseudomicrostauron,Pinnularia pseudomicrostauron,no,,,
Pinnularia pulchella,Pinnularia pulchella,no,,,
Pinnularia maior var. pulchella,Pinnularia pulchella,yes,,,
Pinnularia pulchella var. canadensis,Pinnularia pulchella var. canadensis,no,,,
Pinnularia pulchra Østrup,Pinnularia pulchra,yes,,,
Pinnularia pulchra,Pinnularia pulchra,no,,,
Pinnularia pulchra var. angusta,Pinnularia pulchra var. angusta,no,,,
Pinnularia renata Krammer,Pinnularia renata,yes,,,
Pinnularia renata,Pinnularia renata,no,,,
Pinnularia rupestris,Pinnularia rupestris,no,,,
Pinnularia ruttneri,Pinnularia ruttneri,no,,,
Pinnularia saprophila,Pinnularia saprophila,no,,,
Pinnularia schoenfelderi,Pinnularia schoenfelderi,no,,,
Pinnularia scotica,Pinnularia scotica,no,,,
Pinnularia septentrionalis,Pinnularia septentrionalis,no,,,
Pinnularia silvatica,Pinnularia silvatica,no,,,
Pinnularia sinistra,Pinnularia sinistra,no,,,
Pinnularia sp. 1 NE Lakes,Pinnularia sp. 1 NE Lakes,no,,,
Pinnularia sp. 1 PIRLA,Pinnularia sp. 1 PIRLA,no,,,
Pinnularia sp. 1 VTEC Lakes,Pinnularia sp. 1 VTEC Lakes,no,,,
Pinnularia sp. 10 NE Lakes,Pinnularia sp. 10 NE Lakes,no,,,
Pinnularia sp. 11 NE Lakes,Pinnularia sp. 11 NE Lakes,no,,,
Pinnularia sp. 11 PIRLA,Pinnularia sp. 11 PIRLA,no,,,
Pinnularia sp. 12 PIRLA,Pinnularia sp. 12 PIRLA,no,,,
Pinnularia sp. 13 NE Lakes,Pinnularia sp. 13 NE Lakes,no,,,
Pinnularia sp. 13 PIRLA,Pinnularia sp. 13 PIRLA,no,,,
Pinnularia sp. 14 PIRLA,Pinnularia sp. 14 PIRLA,no,,,
Pinnularia sp. 19 NE Lakes,Pinnularia sp. 19 NE Lakes,no,,,
Pinnularia sp. 2 (stauroptera type) JFord-ConeP,Pinnularia sp. 2 (stauroptera type) JFord-ConeP,no,,,
Pinnularia sp. 2 VTEC Lakes,Pinnularia sp. 2 VTEC Lakes,no,,,
Pinnularia sp. 21 NE Lakes,Pinnularia sp. 21 NE Lakes,no,,,
Pinnularia sp. 22 NE Lakes,Pinnularia sp. 22 NE Lakes,no,,,
Pinnularia sp. 23 NE Lakes,Pinnularia sp. 23 NE Lakes,no,,,
Pinnularia sp. 24 NE Lakes,Pinnularia sp. 24 NE Lakes,no,,,
Pinnularia sp. 25 NE Lakes,Pinnularia sp. 25 NE Lakes,no,,,
Pinnularia sp. 26 NE Lakes,Pinnularia sp. 26 NE Lakes,no,,,
Pinnularia sp. 27 NE Lakes,Pinnularia sp. 27 NE Lakes,no,,,
Pinnularia sp. 28 NE Lakes,Pinnularia sp. 28 NE Lakes,no,,,
Pinnularia sp. 29 NE Lakes,Pinnularia sp. 29 NE Lakes,no,,,
Pinnularia sp. 3 JFord-ConeP,Pinnularia sp. 3 JFord-ConeP,no,,,
Pinnularia sp. 3 PIRLA,Pinnularia sp. 3 PIRLA,no,,,
Pinnularia sp. 3 VTEC Lakes,Pinnularia sp. 3 VTEC Lakes,no,,,
Pinnularia sp. 30 NE Lakes,Pinnularia sp. 30 NE Lakes,no,,,
Pinnularia sp. 31 NE Lakes,Pinnularia sp. 31 NE Lakes,no,,,
Pinnularia sp. 32 NE Lakes,Pinnularia sp. 32 NE Lakes,no,,,
Pinnularia sp. 33 NE Lakes,Pinnularia sp. 33 NE Lakes,no,,,
Pinnularia sp. 35 NE Lakes,Pinnularia sp. 35 NE Lakes,no,,,
Pinnularia sp. 36 NE Lakes,Pinnularia sp. 36 NE Lakes,no,,,
Pinnularia sp. 37 NE Lakes,Pinnularia sp. 37 NE Lakes,no,,,
Pinnularia sp. 39 NE Lakes,Pinnularia sp. 39 NE Lakes,no,,,
Pinnularia sp. 4 VTEC Lakes,Pinnularia sp. 4 VTEC Lakes,no,,,
Pinnularia sp. 40 NE Lakes,Pinnularia sp. 40 NE Lakes,no,,,
Pinnularia sp. 41 NE Lakes,Pinnularia sp. 41 NE Lakes,no,,,
Pinnularia sp. 42 NE Lakes,Pinnularia sp. 42 NE Lakes,no,,,
Pinnularia sp. 46 NE Lakes,Pinnularia sp. 46 NE Lakes,no,,,
Pinnularia sp. 47 NE Lakes,Pinnularia sp. 47 NE Lakes,no,,,
Pinnularia sp. 48 NE Lakes,Pinnularia sp. 48 NE Lakes,no,,,
Pinnularia sp. 49 NE Lakes,Pinnularia sp. 49 NE Lakes,no,,,
Pinnularia sp. 5 NE Lakes,Pinnularia sp. 5 NE Lakes,no,,,
Pinnularia sp. 5 PIRLA,Pinnularia sp. 5 PIRLA,no,,,
Pinnularia sp. 5 VTEC Lakes,Pinnularia sp. 5 VTEC Lakes,no,,,
Pinnularia sp. 50 NE Lakes,Pinnularia sp. 50 NE Lakes,no,,,
Pinnularia sp. 51 NE Lakes,Pinnularia sp. 51 NE Lakes,no,,,
Pinnularia sp. 52 NE Lakes,Pinnularia sp. 52 NE Lakes,no,,,
Pinnularia sp. 53 NE Lakes,Pinnularia sp. 53 NE Lakes,no,,,
Pinnularia sp. 54 NE Lakes,Pinnularia sp. 54 NE Lakes,no,,,
Pinnularia sp. 55 NE Lakes,Pinnularia sp. 55 NE Lakes,no,,,
Pinnularia sp. 56 NE Lakes,Pinnularia sp. 56 NE Lakes,no,,,
Pinnularia sp. 6 NE Lakes,Pinnularia sp. 6 NE Lakes,no,,,
Pinnularia sp. 6 VTEC Lakes,Pinnularia sp. 6 VTEC Lakes,no,,,
Pinnularia sp. 60 NE Lakes,Pinnularia sp. 60 NE Lakes,no,,,
Pinnularia sp. 60 NE Lakes/Pinnularia sp. 61 NE Lakes,Pinnularia sp. 60 NE Lakes/P. sp. 61 NE Lakes,yes,yes,,
Pinnularia sp. 60 NE Lakes/P. sp. 61 NE Lakes,Pinnularia sp. 60 NE Lakes/P. sp. 61 NE Lakes,no,yes,,
Pinnularia sp. 61 NE Lakes,Pinnularia sp. 61 NE Lakes,no,,,
Pinnularia sp. 7 NE Lakes,Pinnularia sp. 7 NE Lakes,no,,,
Pinnularia sp. 7 VTEC Lakes,Pinnularia sp. 7 VTEC Lakes,no,,,
Pinnularia sp. 8 NE Lakes,Pinnularia sp. 8 NE Lakes,no,,,
Pinnularia sp. 8 PIRLA,Pinnularia sp. 8 PIRLA,no,,,
Pinnularia sp. 8 VTEC Lakes,Pinnularia sp. 8 VTEC Lakes,no,,,
Pinnularia sp. 9 NE Lakes,Pinnularia sp. 9 NE Lakes,no,,,
Pinnularia sp. 9 PIRLA,Pinnularia sp. 9 PIRLA,no,,,
Pinnularia sp. 9 VTEC Lakes,Pinnularia sp. 9 VTEC Lakes,no,,,
Pinnularia stauroptera,Pinnularia stauroptera,no,,,
Pinnularia stauroptera var. clevei,Pinnularia stauroptera var. clevei,no,,,
Pinnularia stauroptera var. longa,Pinnularia stauroptera var. longa,no,,,
Pinnularia stomatophora,Pinnularia stomatophora,no,,,
Pinnularia subanglica Krammer,Pinnularia subanglica,yes,,,
Pinnularia subanglica,Pinnularia subanglica,no,,,
Pinnularia subcapitata,Pinnularia subcapitata,no,,,
Pinnularia subcapitata var. paucistriata,Pinnularia subcapitata var. paucistriata,no,,,
Pinnularia subfalaiseana,Pinnularia subfalaiseana,no,,,
Pinnularia subgibba Krammer,Pinnularia subgibba,yes,,,
Pinnularia subgibba,Pinnularia subgibba,no,,,
Pinnularia subgibba var. sublinearis,Pinnularia subgibba var. sublinearis,no,,,
Pinnularia subgibba var. undulata,Pinnularia subgibba var. undulata,no,,,
Pinnularia cf. subgibba var. undulata CT Krammer,Pinnularia subgibba var. undulata,yes,,,
Pinnularia sublinearis,Pinnularia sublinearis,no,,,
Pinnularia subrostrata,Pinnularia subrostrata,no,,,
Pinnularia subrupestris var. cruciata,Pinnularia subrupestris,yes,,,
Pinnularia subrupestris,Pinnularia subrupestris,no,,,
Pinnularia subsolaris,Pinnularia subsolaris,no,,,
Pinnularia subsolaris var. truncata,Pinnularia subsolaris var. truncata,no,,,
Pinnularia substomatophora,Pinnularia substomatophora,no,,,
Pinnularia substomatophora var. 1 PIRLA,Pinnularia substomatophora var. 1 PIRLA,no,,,
Pinnularia sudetica,Pinnularia sudetica,no,,,
Pinnularia termitina,Pinnularia termitina,no,,,
Pinnularia tirolensis,Pinnularia tirolensis,no,,,
Pinnularia transversa (A. Schmidt) Mayer,Pinnularia transversa,yes,,,
Pinnularia transversa,Pinnularia transversa,no,,,
Pinnularia turgidula,Pinnularia turgidula,no,,,
Pinnularia acrosphaeria var. turgidula,Pinnularia turgidula,yes,,,
Pinnularia turnerae,Pinnularia turnerae,no,,,
Pinnularia undulata,Pinnularia undula,yes,,,
Pinnularia undula,Pinnularia undula,no,,,
Pinnularia viridiformis,Pinnularia viridiformis,no,,,
Pinnularia viridiformis var. minor Krammer,Pinnularia viridiformis var. minor,yes,,,
Pinnularia viridiformis var. minor,Pinnularia viridiformis var. minor,no,,,
Pinnularia viridis,Pinnularia viridis,no,,,
Pinnularia viridis var. minor,Pinnularia viridis var. minor,no,,,
Pinnularia wisconsinensis,Pinnularia wisconsinensis,no,,,
Placoneis sp. 1?,Placoneis,yes,,,
Placoneis sp.,Placoneis,yes,,,
Placoneis sp 2,Placoneis,yes,,,
Placoneis,Placoneis,no,,,
Placoneis abiskoensis,Placoneis abiskoensis,no,,,
Placoneis anglica,Placoneis anglica,no,,,
Placoneis pseudanglica,Placoneis anglophila,yes,,,
Placoneis anglophila,Placoneis anglophila,no,,,
Placoneis clementioides,Placoneis clementioides,no,,,
Placoneis clementis,Placoneis clementis,no,,,
Placoneis cuneata,Placoneis cuneata,no,,,
Placoneis dicephala,Placoneis dicephala,no,,,
Placoneis elginensis,Placoneis elginensis,no,,,
Placoneis exigua,Placoneis exigua,no,,,
Placoneis explanata (Hustedt) Mayama,Placoneis explanata,yes,,,
Placoneis explanata,Placoneis explanata,no,,,
Navicula explanata,Placoneis explanata,yes,,,
Placoneis gastrum,Placoneis gastrum,no,,,
Placoneis hambergii (Hustedt) Bruder,Placoneis hambergii,yes,,,
Placoneis hambergii,Placoneis hambergii,no,,,
Placoneis ignorata (Schimanski) Lange-Bertalot,Placoneis ignorata,yes,,,
Placoneis ignorata,Placoneis ignorata,no,,,
Placoneis paraelginensis,Placoneis paraelginensis,no,,,
Placoneis placentula (Ehrenberg) Mereschkowsky,Placoneis placentula,yes,,,
Placoneis placentula,Placoneis placentula,no,,,
Placoneis porifera,Placoneis porifera,no,,,
Placoneis sp. 1 NE Lakes,Placoneis sp. 1 NE Lakes,no,,,
Placoneis sp. 1 NE Lakes/Placoneis sp. 9 NE Lakes,Placoneis sp. 1 NE Lakes/P. sp. 9 NE Lakes,yes,yes,,
Placoneis sp. 1 NE Lakes/P. sp. 9 NE Lakes,Placoneis sp. 1 NE Lakes/P. sp. 9 NE Lakes,no,yes,,
Placoneis sp. 2 NE Lakes,Placoneis sp. 2 NE Lakes,no,,,
Placoneis sp. 4 NE Lakes,Placoneis sp. 4 NE Lakes,no,,,
Placoneis sp. 9 NE Lakes,Placoneis sp. 9 NE Lakes,no,,,
Placoneis subplacentula,Placoneis subplacentula,no,,,
Placoneis symmetrica (Hustedt) Lange-Bertalot,Placoneis symmetrica,yes,,,
Placoneis symmetrica,Placoneis symmetrica,no,,,
Placoneis undulata,Placoneis undulata,no,,,
Plagiotropis lepidoptera var. proboscidea,Plagiotropis lepidoptera var. proboscidea,no,,,
Planothidium sp.,Planothidium,yes,,,
Planothidium,Planothidium,no,,,
Planothidium abbreviatum (Reimer) Potapova,Planothidium abbreviatum,yes,,,
Planothidium abbreviatum,Planothidium abbreviatum,no,,,
"Planothidium amphibium C.E.Wetzel, L.Ector & L.Pfister",Planothidium amphibium,yes,,,
Planothidium amphibium,Planothidium amphibium,no,,,
Planothidium apiculatum (Patrick) Lange-Bertalot,Planothidium apiculatum,yes,,,
Planothidium apiculatum,Planothidium apiculatum,no,,,
Planothidium biporomum,Planothidium biporomum,no,,,
Planothidium delicatulum (Kützing) Round et Bukhtiyarova,Planothidium delicatulum,yes,,,
Planothidium delicatulum,Planothidium delicatulum,no,,,
Planothidium distinctum,Planothidium distinctum,no,,,
Planothidium dubium,Planothidium dubium,no,,,
Achnanthes lanceolata var. dubia,Planothidium dubium,yes,,,
Planothidium ellipticum,Planothidium ellipticum,no,,,
Planothidium engelbrechtii,Planothidium engelbrechtii,no,,,
Planothidium frequentissimum (Lange-Bertalot) Lange-Bertalot,Planothidium frequentissimum,yes,,,
Planothidium frequentissimum,Planothidium frequentissimum,no,,,
Planothidium gallicum,Planothidium gallicum,no,,,
Planothidium granum,Planothidium granum,no,,,
Planothidium hauckianum,Planothidium hauckianum,no,,,
Planothidium haynaldii,Planothidium haynaldii,no,,,
Achnanthes lanceolata var. haynaldii,Planothidium haynaldii,yes,,,
Planothidium holstii,Planothidium holstii,no,,,
"Planothidium incuriatum Wetzel, Van de Vijver et Ector in Wetzel et al",Planothidium incuriatum,yes,,,
Planothidium incuriatum,Planothidium incuriatum,no,,,
Planothidium incuriatum/rostratum,Planothidium incuriatum/P. rostratum,yes,yes,,
Planothidium joursacense (Héribaud) Lange-Bertalot,Planothidium joursacense,yes,,,
Planothidium joursacense,Planothidium joursacense,no,,,
Planothidium lanceolatoides,Planothidium lanceolatoides,no,,,
Planothidium lanceolatum (Brébisson ex Kützing) Lange-Bertalot,Planothidium lanceolatum,yes,,,
Planothidium lanceolatum,Planothidium lanceolatum,no,,,
Achnanthes lanceolata,Planothidium lanceolatum,yes,,,
Planothidium lanceolatum var. omissum,Planothidium lanceolatum var. omissum,no,,,
Achnanthes lanceolata var. omissa,Planothidium lanceolatum var. omissum,yes,,,
Planothidium minutissimum,Planothidium minutissimum,no,,,
Skabitschewskia oestrupii,Planothidium oestrupii,yes,,,
Planothidium oestrupii,Planothidium oestrupii,no,,,
Skabitschewskia peragalloi,Planothidium peragalli,yes,,,
Planothidium peragalli,Planothidium peragalli,no,,,
Planothidium robustius,Planothidium robustius,no,,,
Planothidium robustum,Planothidium robustum,no,,,
Planothidium rostratoholarcticum Lange-Bertalot & Bak,Planothidium rostratoholarcticum,yes,,,
Planothidium rostratoholarcticum,Planothidium rostratoholarcticum,no,,,
Achnanthes lanceolata var. rostrata,Planothidium rostratoholarcticum,yes,,,
Planothidium rostratoholarcticum/tuji,Planothidium rostratoholarcticum/P. tuji,yes,yes,,
Planothidium rostratum,Planothidium rostratum,no,,,
Planothidium sp. 1 NE Lakes,Planothidium sp. 1 NE Lakes,no,,,
Planothidium sp. 2 NE Lakes,Planothidium sp. 2 NE Lakes,no,,,
Planothidium sp. 2 VTEC Lakes,Planothidium sp. 2 VTEC Lakes,no,,,
Planothidium sp. 503,Planothidium sp. 503,no,,,
Platessa,Platessa,no,,,
Platessa bahlsii Potapova,Platessa bahlsii,yes,,,
Platessa bahlsii,Platessa bahlsii,no,,,
Platessa conspicua (Mayer) Lange-Bertalot,Platessa conspicua,yes,,,
Platessa conspicua,Platessa conspicua,no,,,
Platessa hustedtii,Platessa hustedtii,no,,,
Achnanthes hustedtii,Platessa hustedtii,yes,,,
Platessa lutheri,Platessa lutheri,no,,,
Achnanthes lutheri,Platessa lutheri,yes,,,
Platessa montana,Platessa montana,no,,,
Achnanthes montana,Platessa montana,yes,,,
Platessa oblongella,Platessa oblongella,no,,,
Karayevia oblongella,Platessa oblongella,yes,,,
Achnanthes oblongella,Platessa oblongella,yes,,,
Platessa saxonica,Platessa saxonica,no,,,
Achnanthes saxonica,Platessa saxonica,yes,,,
Platessa sp. 2 NE Lakes,Platessa sp. 2 NE Lakes,no,,,
Platessa sp. 3 NE Lakes,Platessa sp. 3 NE Lakes,no,,,
Platessa stewartii (Patrick) Potapova,Platessa stewartii,yes,,,
Platessa stewartii,Platessa stewartii,no,,,
Achnanthes stewartii,Platessa stewartii,yes,,,
Platessa strelnikovae,Platessa strelnikovae,no,,,
Pleurosigma salinarum,Pleurosigma salinarum,no,,,
Pleurosira laevis,Pleurosira laevis,no,,,
Prestauroneis integra,Prestauroneis integra,no,,,
Navicula integra,Prestauroneis integra,yes,,,
Prestauroneis protracta,Prestauroneis protracta,no,,,
Parlibellus protracta,Prestauroneis protracta,yes,,,
Navicula protracta,Prestauroneis protracta,yes,,,
Proschkinia bulnheimii,Proschkinia bulnheimii,no,,,
Psammothidium,Psammothidium,no,,,
Psammothidium acidoclinatum,Psammothidium acidoclinatum,no,,,
Psammothidium alpinum,Psammothidium alpinum,no,,,
Psammothidium altaicum,Psammothidium altaicum,no,,,
Achnanthes altaica,Psammothidium altaicum,yes,,,
Psammothidium bioretii (Germain) Bukhtiyarova et Round,Psammothidium bioretii,yes,,,
Psammothidium bioretii,Psammothidium bioretii,no,,,
Achnanthes bioretii,Psammothidium bioretii,yes,,,
Psammothidium chlidanos (Hohn et Hellerman) Lange-Bertalot,Psammothidium chlidanos,yes,,,
Psammothidium chlidanos,Psammothidium chlidanos,no,,,
Psammothidium curtissimum,Psammothidium curtissimum,no,,,
Achnanthes curtissima,Psammothidium curtissimum,yes,,,
Psammothidium grischunum fo. daonensis,Psammothidium daonense,yes,,,
Psammothidium daonense Lange-Bertalot emended Lange Bertalot,Psammothidium daonense,yes,,,
Psammothidium daonense,Psammothidium daonense,no,,,
Psammothidium didymum (Hustedt) Bukhtiyarova et Round,Psammothidium didymum,yes,,,
Psammothidium didymum,Psammothidium didymum,no,,,
Achnanthes didyma,Psammothidium didymum,yes,,,
Psammothidium frigidum,Psammothidium frigidum,no,,,
Psammothidium grischunum,Psammothidium grischunum,no,,,
Psammothidium harveyi,Psammothidium harveyi,no,,,
Psammothidium helveticum,Psammothidium helveticum,no,,,
Achnanthes helvetica,Psammothidium helveticum,yes,,,
Achnanthes austriaca var. helvetica,Psammothidium helveticum,yes,,,
Psammothidium kryophilum,Psammothidium kryophilum,no,,,
Psammothidium lacus-vulcani,Psammothidium lacus-vulcani,no,,,
Psammothidium lauenburgianum (Hustedt) Bukhtiyarova et Round,Psammothidium lauenburgianum,yes,,,
Psammothidium lauenburgianum,Psammothidium lauenburgianum,no,,,
Psammothidium levanderi (Hustedt) Czarnecki,Psammothidium levanderi,yes,,,
Psammothidium levanderi,Psammothidium levanderi,no,,,
Achnanthes levanderi var. helvetica,Psammothidium levanderi,yes,,,
Achnanthes levanderi,Psammothidium levanderi,yes,,,
Psammothidium marginulatum,Psammothidium marginulatum,no,,,
Achnanthes marginulata,Psammothidium marginulatum,yes,,,
Psammothidium microscopicum,Psammothidium microscopicum,no,,,
Psammothidium pseudoswazi,Psammothidium pseudoswazi,no,,,
Psammothidium rossii (Hustedt) Bukhtiyarova et Round,Psammothidium rossii,yes,,,
Psammothidium rossii,Psammothidium rossii,no,,,
Psammothidium sacculum,Psammothidium sacculum,no,,,
Psammothidium scoticum,Psammothidium scoticum,no,,,
Psammothidium sp. 2 NE Lakes,Psammothidium sp. 2 NE Lakes,no,,,
Psammothidium subatomoides (Hustedt) Bukhtiyarova et Round,Psammothidium subatomoides,yes,,,
Psammothidium subatomoides,Psammothidium subatomoides,no,,,
Navicula subatomoides,Psammothidium subatomoides,yes,,,
Achnanthes detha,Psammothidium subatomoides,yes,,,
Psammothidium subsalsum,Psammothidium subsalsum,no,,,
Psammothidium ventralis,Psammothidium ventrale,yes,,,
Psammothidium ventrale,Psammothidium ventrale,no,,,
Navicula ventralis,Psammothidium ventrale,yes,,,
Achnanthes ventralis,Psammothidium ventrale,yes,,,
Pseudofallacia occulta,Pseudofallacia occulta,no,,,
Pseudofallacia tenera,Pseudofallacia tenera,no,,,
Fallacia tenera,Pseudofallacia tenera,yes,,,
Pseudoplanothidium hauckianum,Pseudoplanothidium hauckianum,no,,,
Achnanthes hauckiana,Pseudoplanothidium hauckianum,yes,,,
Pseudostaurosira sp. 1 ?,Pseudostaurosira,yes,,,
Pseudostaurosira sp. 1,Pseudostaurosira,yes,,,
Pseudostaurosira sp.,Pseudostaurosira,yes,,,
Pseudostaurosira,Pseudostaurosira,no,,,
Pseudostaurosira americana Morales,Pseudostaurosira americana,yes,,,
Pseudostaurosira americana,Pseudostaurosira americana,no,,,
Pseudostaurosira brevistriata (Grunow) Williams et Round,Pseudostaurosira brevistriata,yes,,,
Pseudostaurosira brevistriata,Pseudostaurosira brevistriata,no,,,
Fragilaria brevistriata (girdle view),Pseudostaurosira brevistriata,yes,,,
Fragilaria brevistriata,Pseudostaurosira brevistriata,yes,,,
Pseudostaurosira brevistriata var. capitata,Pseudostaurosira brevistriata var. capitata,no,,,
Fragilaria brevistriata var. capitata,Pseudostaurosira brevistriata var. capitata,yes,,,
Pseudostaurosira brevistriata var. inflata,Pseudostaurosira brevistriata var. inflata,no,,,
Pseudostaurosira brevistriata/Pseudostaurosira sp. 1 NE Lakes,Pseudostaurosira brevistriata/P. sp. 1 NE Lakes,yes,yes,,
Pseudostaurosira brevistriata/P. sp. 1 NE Lakes,Pseudostaurosira brevistriata/P. sp. 1 NE Lakes,no,yes,,
Staurosira elliptica,Pseudostaurosira elliptica,yes,,,
Pseudostaurosira elliptica,Pseudostaurosira elliptica,no,,,
Fragilaria elliptica,Pseudostaurosira elliptica,yes,,,
Pseudostaurosira microstriata (Marciniak) Flower,Pseudostaurosira microstriata,yes,,,
Pseudostaurosira microstriata,Pseudostaurosira microstriata,no,,,
Fragilaria microstriata,Pseudostaurosira microstriata,yes,,,
Pseudostaurosira neoelliptica,Pseudostaurosira neoelliptica,no,,,
Synedra parasitica,Pseudostaurosira parasitica,yes,,,
Pseudostaurosira parasitica (Smith) Morales,Pseudostaurosira parasitica,yes,,,
Pseudostaurosira parasitica,Pseudostaurosira parasitica,no,,,
Fragilaria parasitica,Pseudostaurosira parasitica,yes,,,
Pseudostaurosira parasitica var. subconstricta (Grunow) Morales,Pseudostaurosira parasitica var. subconstricta,yes,,,
Pseudostaurosira parasitica var. subconstricta,Pseudostaurosira parasitica var. subconstricta,no,,,
Pseudostaurosira polonica,Pseudostaurosira polonica,no,,,
Pseudostaurosira pseudoconstruens,Pseudostaurosira pseudoconstruens,no,,,
Pseudostaurosira robusta (Fusey) Williams et Round,Pseudostaurosira robusta,yes,,,
Pseudostaurosira robusta,Pseudostaurosira robusta,no,,,
Pseudostaurosira sp. 1 NE Lakes,Pseudostaurosira sp. 1 NE Lakes,no,,,
Pseudostaurosira sp. 1 NLS DME,Pseudostaurosira sp. 1 NLS DME,no,,,
Pseudostaurosira sp. 2 NAWQA EAM,Pseudostaurosira sp. 2 NAWQA EAM,no,,,
Pseudostaurosira sp. 2 NE Lakes,Pseudostaurosira sp. 2 NE Lakes,no,,,
Pseudostaurosira sp. 2 VTEC Lakes,Pseudostaurosira sp. 2 VTEC Lakes,no,,,
Pseudostaurosira sp. 3 NE Lakes,Pseudostaurosira sp. 3 NE Lakes,no,,,
Pseudostaurosira sp. 3 VTEC Lakes,Pseudostaurosira sp. 3 VTEC Lakes,no,,,
Pseudostaurosira sp. 4 VTEC Lakes,Pseudostaurosira sp. 4 VTEC Lakes,no,,,
Pseudostaurosira subsalina,Pseudostaurosira subsalina,no,,,
Pseudostaurosira trainorii,Pseudostaurosira trainorii,no,,,
Pseudostaurosira zeilleri,Pseudostaurosira zeilleri,no,,,
Pseudostaurosiropsis sp. 1 ?,Pseudostaurosiropsis,yes,,,
Pseudostaurosiropsis,Pseudostaurosiropsis,no,,,
Pseudostaurosiropsis connecticutensis,Pseudostaurosiropsis connecticutensis,no,,,
Pseudostaurosiropsis geocollegarum,Pseudostaurosiropsis geocollegarum,no,,,
Pseudostaurosiropsis sp. 1 NAWQA HAGAN,Pseudostaurosiropsis sp. 1 NAWQA HAGAN,no,,,
Pseudostaurosiropsis sp. 1 NLS EAM,Pseudostaurosiropsis sp. 1 NLS EAM,no,,,
Punctastriata lancettula,Punctastriata lancettula,no,,,
Fragilaria pinnata var. lancettula fo. subcapitata,Punctastriata lancettula,yes,,,
Fragilaria pinnata var. lancettula,Punctastriata lancettula,yes,,,
Punctastriata mimetica,Punctastriata mimetica,no,,,
Reimeria,Reimeria,no,,,
Reimeria sinuata (Gregory) Kociolek et Stoermer,Reimeria sinuata,yes,,,
Reimeria sinuata,Reimeria sinuata,no,,,
"Reimeria uniseriata Sala, Guerrero et Ferrario",Reimeria uniseriata,yes,,,
Reimeria uniseriata,Reimeria uniseriata,no,,,
Rexlowea navicularis Kociolek and Thomas,Rexlowea navicularis,yes,,,
Rexlowea navicularis,Rexlowea navicularis,no,,,
Rhaphoneis,Rhaphoneis,no,,,
Rhizosolenia spp.,Rhizosolenia,yes,,,
Rhizosolenia sp. 1 ?,Rhizosolenia,yes,,,
Rhizosolenia,Rhizosolenia,no,,,
Urosolenia longiseta,Rhizosolenia longiseta,yes,,,
Rhizosolenia longiseta,Rhizosolenia longiseta,no,,,
Rhoicosphenia,Rhoicosphenia,no,,,
Rhoicosphenia curvata,Rhoicosphenia abbreviata,yes,,,
Rhoicosphenia abbreviata (Agardh) Lange-Bertalot,Rhoicosphenia abbreviata,yes,,,
Rhoicosphenia abbreviata,Rhoicosphenia abbreviata,no,,,
Gomphonema abbreviatum,Rhoicosphenia abbreviata,yes,,,
Rhopalodia brebissonii,Rhopalodia brebissonii,no,,,
Rhopalodia gibba,Rhopalodia gibba,no,,,
Rhopalodia gibberula,Rhopalodia gibberula,no,,,
Rhopalodia musculus,Rhopalodia musculus,no,,,
Rhopalodia parallela,Rhopalodia parallela,no,,,
Rossithidium,Rossithidium,no,,,
Achnanthes linearis,Rossithidium,yes,,,
Rossithidium anastasiae (Kaczmarska) Potapova,Rossithidium anastasiae,yes,,,
Rossithidium anastasiae,Rossithidium anastasiae,no,,,
Rossithidium linearis,Rossithidium linearis,no,,,
Rossithidium nodosum (A. Cleve) Aboal,Rossithidium nodosum,yes,,,
Rossithidium nodosum,Rossithidium nodosum,no,,,
Achnanthes nodosa,Rossithidium nodosum,yes,,,
Rossithidium petersennii,Rossithidium petersennii,no,,,
Rossithidium pusillum (Grunow) Round et Bukhtiyarova,Rossithidium pusillum,yes,,,
Rossithidium pusillum,Rossithidium pusillum,no,,,
Achnanthes pusilla,Rossithidium pusillum,yes,,,
Sellaphora sp. 7,Sellaphora,yes,,,
Sellaphora sp. 6,Sellaphora,yes,,,
Sellaphora sp. 4 ?,Sellaphora,yes,,,
Sellaphora sp. 3 ?,Sellaphora,yes,,,
Sellaphora sp. 2 ?,Sellaphora,yes,,,
Sellaphora sp. 1?,Sellaphora,yes,,,
Sellaphora sp. 1 ?,Sellaphora,yes,,,
Sellaphora sp 5?,Sellaphora,yes,,,
Sellaphora,Sellaphora,no,,,
Sellaphora absoluta,Sellaphora absoluta,no,,,
Navicula absoluta,Sellaphora absoluta,yes,,,
Sellaphora alastos,Sellaphora alastos,no,,,
Sellaphora americana,Sellaphora americana,no,,,
Navicula americana,Sellaphora americana,yes,,,
Sellaphora arvensis,Sellaphora arvensis,no,,,
Navicula arvensis,Sellaphora arvensis,yes,,,
Sellaphora atomoides (Grunow) Wetzel et Van de Vijver,Sellaphora atomoides,yes,,,
Sellaphora atomoides,Sellaphora atomoides,no,,,
Eolimna minima,Sellaphora atomoides,yes,,,
Sellaphora auldreekie Mann & McDonald,Sellaphora auldreekie,yes,,,
Sellaphora auldreekie,Sellaphora auldreekie,no,,,
Sellaphora bacilloides,Sellaphora bacilloides,no,,,
Sellaphora bacillum,Sellaphora bacillum,no,,,
Sellaphora blackfordensis,Sellaphora blackfordensis,no,,,
Sellaphora capitata Mann & McDonald,Sellaphora capitata,yes,,,
Sellaphora capitata,Sellaphora capitata,no,,,
Navicula pupula var. capitata,Sellaphora capitata,yes,,,
Sellaphora crassulexigua (Reichardt) C.E. Wetzel & Ector,Sellaphora crassulexigua,yes,,,
Sellaphora crassulexigua,Sellaphora crassulexigua,no,,,
Sellophora davoutiana,Sellaphora davoutiana,yes,,,
Sellaphora davoutiana Heudre et al.,Sellaphora davoutiana,yes,,,
Sellaphora davoutiana,Sellaphora davoutiana,no,,,
Sellaphora difficillima,Sellaphora difficillima,no,,,
Navicula difficillima Hustedt,Sellaphora difficillima,yes,,,
Navicula difficillima,Sellaphora difficillima,yes,,,
Sellaphora disjuncta (Hustedt) Mann,Sellaphora disjuncta,yes,,,
Sellaphora disjuncta,Sellaphora disjuncta,no,,,
Navicula disjuncta,Sellaphora disjuncta,yes,,,
Sellaphora elorantana (Lange-Bertalot) Wetzel,Sellaphora elorantana,yes,,,
Sellaphora elorantana,Sellaphora elorantana,no,,,
Sellaphora hohnii,Sellaphora hohnii,no,,,
Sellaphora hustedtii,Sellaphora hustedtii,no,,,
Sellaphora laevissima (Kützing) Mann,Sellaphora laevissima,yes,,,
Sellaphora laevissima,Sellaphora laevissima,no,,,
Navicula laevissima,Sellaphora laevissima,yes,,,
Sellaphora laevissima very coarse,Sellaphora laevissima very coarse,no,,,
"Sellaphora laevissima Î¦ ""very coarse""",Sellaphora laevissima very coarse,yes,,,
"Sellaphora laevissima \very coarse\""",Sellaphora laevissima very coarse,yes,,,
"Sellaphora laevissima ""very coarse""",Sellaphora laevissima very coarse,yes,,,
Sellaphora laticeps,Sellaphora laticeps,no,,,
Sellaphora medioconvexa,Sellaphora medioconvexa,no,,,
Sellaphora mutata,Sellaphora mutata,no,,,
Sellaphora nigri (De Notaris) Wetzel et Ector,Sellaphora nigri,yes,,,
Sellaphora nigri,Sellaphora nigri,no,,,
Sellaphora obdurata,Sellaphora obdurata,no,,,
Sellaphora parapupula,Sellaphora parapupula,no,,,
Sellaphora pseudopupula,Sellaphora pseudopupula,no,,,
Sellaphora pseudoventralis (Hustedt) Chudaev & Gololobova,Sellaphora pseudoventralis,yes,,,
Sellaphora pseudoventralis,Sellaphora pseudoventralis,no,,,
Navicula pseudoventralis,Sellaphora pseudoventralis,yes,,,
Sellaphora pupula (Kützing) Meresckowsky,Sellaphora pupula,yes,,,
Sellaphora pupula,Sellaphora pupula,no,,,
Navicula pupula,Sellaphora pupula,yes,,,
Navicula cf. pupula,Sellaphora pupula,yes,,,
Sellaphora pupula var. mutata,Sellaphora pupula var. mutata,no,,,
Navicula pupula var. mutata,Sellaphora pupula var. mutata,yes,,,
Sellaphora pupula var. rectangularis,Sellaphora pupula var. rectangularis,no,,,
Sellaphora raederae,Sellaphora raederae,no,,,
Sellaphora rectangularis,Sellaphora rectangularis,no,,,
Navicula pupula var. rectangularis,Sellaphora rectangularis,yes,,,
Sellaphora rotunda,Sellaphora rotunda,no,,,
Navicula rotunda,Sellaphora rotunda,yes,,,
Sellaphora rugula,Sellaphora rugula,no,,,
Sellaphora saugerresii (Desmazieres) Wetzel et Mann,Sellaphora saugerresii,yes,,,
Sellaphora saugerresii,Sellaphora saugerresii,no,,,
Sellaphora schadei,Sellaphora schadei,no,,,
Navicula schadei,Sellaphora schadei,yes,,,
Navicula seminuloides,Sellaphora seminuloides,yes,,,
Sellaphora seminulum,Sellaphora seminulum,no,,,
Navicula seminulum,Sellaphora seminulum,yes,,,
Sellaphora sp. 1 NE Lakes,Sellaphora sp. 1 NE Lakes,no,,,
Sellaphora sp. 1 VTEC Lakes,Sellaphora sp. 1 VTEC Lakes,no,,,
Sellaphora sp. 10 NE Lakes,Sellaphora sp. 10 NE Lakes,no,,,
Sellaphora sp. 11 NE Lakes,Sellaphora sp. 11 NE Lakes,no,,,
Sellaphora sp. 12 NE Lakes,Sellaphora sp. 12 NE Lakes,no,,,
Sellaphora sp. 13 NE Lakes,Sellaphora sp. 13 NE Lakes,no,,,
Sellaphora sp. 14 NE Lakes,Sellaphora sp. 14 NE Lakes,no,,,
Sellaphora sp. 15 NE Lakes,Sellaphora sp. 15 NE Lakes,no,,,
Sellaphora sp. 16 NE Lakes,Sellaphora sp. 16 NE Lakes,no,,,
Sellaphora sp. 17 NE Lakes,Sellaphora sp. 17 NE Lakes,no,,,
Sellaphora sp. 18 NE Lakes,Sellaphora sp. 18 NE Lakes,no,,,
Sellaphora sp. 19 NE Lakes,Sellaphora sp. 19 NE Lakes,no,,,
Sellaphora sp. 2 NE Lakes,Sellaphora sp. 2 NE Lakes,no,,,
Sellaphora sp. 20 NE Lakes,Sellaphora sp. 20 NE Lakes,no,,,
Sellaphora sp. 21 NE Lakes,Sellaphora sp. 21 NE Lakes,no,,,
Sellaphora sp. 23 NE Lakes,Sellaphora sp. 23 NE Lakes,no,,,
Sellaphora sp. 25 NE Lakes,Sellaphora sp. 25 NE Lakes,no,,,
Sellaphora sp. 26 NE Lakes,Sellaphora sp. 26 NE Lakes,no,,,
Sellaphora sp. 27 NE Lakes,Sellaphora sp. 27 NE Lakes,no,,,
Sellaphora sp. 28 NE Lakes,Sellaphora sp. 28 NE Lakes,no,,,
Sellaphora sp. 29 NE Lakes,Sellaphora sp. 29 NE Lakes,no,,,
Sellaphora sp. 3 NE Lakes,Sellaphora sp. 3 NE Lakes,no,,,
Sellaphora sp. 3 VTEC Lakes,Sellaphora sp. 3 VTEC Lakes,no,,,
Sellaphora sp. 30 NE Lakes,Sellaphora sp. 30 NE Lakes,no,,,
Sellaphora sp. 31 NE Lakes,Sellaphora sp. 31 NE Lakes,no,,,
Sellaphora sp. 32 NE Lakes,Sellaphora sp. 32 NE Lakes,no,,,
Sellaphora sp. 33 NE Lakes,Sellaphora sp. 33 NE Lakes,no,,,
Sellaphora sp. 34 NE Lakes,Sellaphora sp. 34 NE Lakes,no,,,
Sellaphora sp. 37 NE Lakes,Sellaphora sp. 37 NE Lakes,no,,,
Sellaphora sp. 38 NE Lakes,Sellaphora sp. 38 NE Lakes,no,,,
Sellaphora sp. 39 NE Lakes,Sellaphora sp. 39 NE Lakes,no,,,
Sellaphora sp. 4 NE Lakes,Sellaphora sp. 4 NE Lakes,no,,,
Sellaphora sp. 4 VTEC Lakes,Sellaphora sp. 4 VTEC Lakes,no,,,
Sellaphora sp. 40 NE Lakes,Sellaphora sp. 40 NE Lakes,no,,,
Sellaphora sp. 41 NE Lakes,Sellaphora sp. 41 NE Lakes,no,,,
Sellaphora sp. 5 NE Lakes,Sellaphora sp. 5 NE Lakes,no,,,
Sellaphora sp. 5 VTEC Lakes,Sellaphora sp. 5 VTEC Lakes,no,,,
Sellaphora sp. 504 NE Lakes,Sellaphora sp. 504 NE Lakes,no,,,
Sellaphora sp. 505 NE Lakes,Sellaphora sp. 505 NE Lakes,no,,,
Sellaphora sp. 507 NE Lakes,Sellaphora sp. 507 NE Lakes,no,,,
Sellaphora sp. 508 NE Lakes,Sellaphora sp. 508 NE Lakes,no,,,
Sellaphora sp. 6 NE Lakes,Sellaphora sp. 6 NE Lakes,no,,,
Sellaphora sp. 6 VTEC Lakes,Sellaphora sp. 6 VTEC Lakes,no,,,
Sellaphora sp. 7 NE Lakes,Sellaphora sp. 7 NE Lakes,no,,,
Sellaphora sp. 7 VTEC Lakes,Sellaphora sp. 7 VTEC Lakes,no,,,
Sellaphora sp. 8 NE Lakes,Sellaphora sp. 8 NE Lakes,no,,,
Sellaphora sp. 8 VTEC Lakes,Sellaphora sp. 8 VTEC Lakes,no,,,
Sellaphora sp. 9 NE Lakes,Sellaphora sp. 9 NE Lakes,no,,,
Sellaphora sp. 9 VTEC Lakes,Sellaphora sp. 9 VTEC Lakes,no,,,
Sellaphora sp.19 SESQA,Sellaphora sp.19 SESQA,no,,,
Sellaphora stauroneioides,Sellaphora stauroneioides,no,,,
Sellaphora stroemii,Sellaphora stroemii,no,,,
Navicula submuralis,Sellaphora submuralis,yes,,,
Sellaphora subrotundata,Sellaphora subrotundata,no,,,
Navicula subrotundata fo. lanceolata,Sellaphora subrotundata,yes,,,
Navicula subrotundata,Sellaphora subrotundata,yes,,,
Sellaphora tridentula,Sellaphora tridentula,no,,,
Navicula tridentula,Sellaphora tridentula,yes,,,
Sellaphora utermoehlii,Sellaphora utermoehlii,no,,,
Navicula utermoehlii,Sellaphora utermoehlii,yes,,,
Sellaphora verecundiae,Sellaphora verecundiae,no,,,
Sellaphora vitabunda,Sellaphora vitabunda,no,,,
Navicula vitabunda,Sellaphora vitabunda,yes,,,
Sellaphora wallacei (Reimer) Potapova et Ponader,Sellaphora wallacei,yes,,,
Sellaphora wallacei,Sellaphora wallacei,no,,,
Navicula wallacei,Sellaphora wallacei,yes,,,
Sellaphors alastos,Sellaphors alastos,no,,,
Semiorbis rotundus,Semiorbis hemicyclus,yes,,,
Semiorbis hemicyclus,Semiorbis hemicyclus,no,,,
Eunotia hemicyclus,Semiorbis hemicyclus,yes,,,
Simonsenia delognei,Simonsenia delognei,no,,,
Achnanthes oestrupii var. lanceolata,Skabitschewskia oestrupii,yes,,,
Skabitschewskia peragalloi (Brun & Héribaud) Kuliskovskiy & Lange-Bertalot,Skabitschewskia peragalloi,yes,,,
Achnanthes peragalli,Skabitschewskia peragalloi,yes,,,
Skeletonema,Skeletonema,no,,,
Skeletonema potamos,Skeletonema potamos,no,,,
Stauroforma sp. 1,Stauroforma,yes,,,
Stauroforma sp.,Stauroforma,yes,,,
Stauroforma,Stauroforma,no,,,
"Stauroforma exiguiformis (Lange-Bertalot) Flower, Jones et Round",Stauroforma exiguiformis,yes,,,
Stauroforma exiguiformis,Stauroforma exiguiformis,no,,,
Fragilaria virescens var. exigua,Stauroforma exiguiformis,yes,,,
Stauroforma inermis,Stauroforma inermis,no,,,
Stauroneis spp.,Stauroneis,yes,,,
Stauroneis sp. 3?,Stauroneis,yes,,,
Stauroneis sp. 2?,Stauroneis,yes,,,
Stauroneis sp. 2 ?,Stauroneis,yes,,,
Stauroneis sp. 1?,Stauroneis,yes,,,
Stauroneis sp. 1 ?,Stauroneis,yes,,,
Stauroneis sp.,Stauroneis,yes,,,
Stauroneis,Stauroneis,no,,,
Stauroneis acuta,Stauroneis acuta,no,,,
Stauroneis agrestis,Stauroneis agrestis,no,,,
Stauroneis nobilis fo. alabamae,Stauroneis alabamae,yes,,,
Stauroneis alabamae,Stauroneis alabamae,no,,,
Stauroneis amphicephala,Stauroneis amphicephala,no,,,
Stauroneis amphioxys,Stauroneis amphioxys,no,,,
Stauroneis anceps,Stauroneis anceps,no,,,
Stauroneis anceps var. 1 PIRLA,Stauroneis anceps var. 1 PIRLA,no,,yes,What is var. 1 PIRLA?
Stauroneis anceps var. 2 PIRLA,Stauroneis anceps var. 2 PIRLA,no,,yes,What is var. 2 PIRLA?
Stauroneis anceps var. 3 PIRLA,Stauroneis anceps var. 3 PIRLA,no,,,
Stauroneis anceps var. linearis,Stauroneis anceps var. linearis,no,,,
Stauroneis anceps fo. linearis,Stauroneis anceps var. linearis,yes,,,
Stauroneis angustilancea,Stauroneis angustilancea,no,,,
Stauroneis nobilis var. baconiana,Stauroneis baconiana,yes,,,
Stauroneis baconiana Stodder,Stauroneis baconiana,yes,,,
Stauroneis baconiana,Stauroneis baconiana,no,,,
Stauroneis bryocola,Stauroneis bryocola,no,,,
Stauroneis conspicua,Stauroneis conspicua,no,,,
Stauroneis dilatata,Stauroneis dilatata,no,,,
Stauroneis elegantula,Stauroneis elegantula,no,,,
Stauroneis fluminea,Stauroneis fluminea,no,,,
Stauroneis fluminopsis,Stauroneis fluminopsis,no,,,
Stauroneis gracilior,Stauroneis gracilior,no,,,
Stauroneis gracilis Ehrenberg,Stauroneis gracilis,yes,,,
Stauroneis gracilis,Stauroneis gracilis,no,,,
"Stauroneis anceps fo. gracilis PLUS vars. 1, 2, and 3",Stauroneis gracilis,yes,,,
Stauroneis anceps fo. gracilis,Stauroneis gracilis,yes,,,
Stauroneis heinii,Stauroneis heinii,no,,,
Stauroneis kootenai Bahls,Stauroneis kootenai,yes,,,
Stauroneis kootenai,Stauroneis kootenai,no,,,
Stauroneis kriegeri Patrick,Stauroneis kriegeri,yes,,,
Stauroneis kriegeri,Stauroneis kriegeri,no,,,
Stauroneis lapponica,Stauroneis lapponica,no,,,
Stauroneis lauenburgiana,Stauroneis lauenburgiana,no,,,
Stauroneis leguminopsis,Stauroneis leguminopsis,no,,,
Stauroneis livingstonii Reimer,Stauroneis livingstonii,yes,,,
Stauroneis livingstonii,Stauroneis livingstonii,no,,,
Stauroneis nana,Stauroneis nana,no,,,
Stauroneis neohyalina Lange-Bertalot & Krammer,Stauroneis neohyalina,yes,,,
Stauroneis neohyalina,Stauroneis neohyalina,no,,,
Stauroneis nobilis,Stauroneis nobilis,no,,,
Stauroneis nobilis var. gracilis Kobayashi,Stauroneis nobilis var. gracilis,yes,,,
Stauroneis nobilis var. gracilis,Stauroneis nobilis var. gracilis,no,,,
Stauroneis obtusa,Stauroneis obtusa,no,,,
Stauroneis parathermicola Lange-Bertalot,Stauroneis parathermicola,yes,,,
Stauroneis parathermicola,Stauroneis parathermicola,no,,,
Stauroneis phoenicenteron (Nitzsch) Ehrenberg,Stauroneis phoenicenteron,yes,,,
Stauroneis phoenicenteron,Stauroneis phoenicenteron,no,,,
Stauroneis phoenicenteron fo. gracilis,Stauroneis phoenicenteron f. gracilis,yes,,,
Stauroneis phoenicenteron f. gracilis,Stauroneis phoenicenteron f. gracilis,no,,,
Stauroneis phoenicenteron var. gracilis,Stauroneis phoenicenteron var. gracilis,no,,,
Stauroneis pikuni,Stauroneis pikuni,no,,,
Stauroneis producta,Stauroneis producta,no,,,
Stauroneis rex,Stauroneis rex,no,,,
Stauroneis siberica,Stauroneis siberica,no,,,
Stauroneis smithii,Stauroneis smithii,no,,,
Stauroneis smithii var. incisa Pantocsek,Stauroneis smithii var. incisa,yes,,,
Stauroneis smithii var. incisa,Stauroneis smithii var. incisa,no,,,
Stauroneis sp. 1 NE Lakes,Stauroneis sp. 1 NE Lakes,no,,,
Stauroneis sp. 1 VTEC Lakes,Stauroneis sp. 1 VTEC Lakes,no,,,
Stauroneis sp. 2 VTEC Lakes,Stauroneis sp. 2 VTEC Lakes,no,,,
Stauroneis sp. 3 NE Lakes,Stauroneis sp. 3 NE Lakes,no,,,
Stauroneis sp. 5 NE Lakes,Stauroneis sp. 5 NE Lakes,no,,,
Stauroneis sp. 6 NE Lakes,Stauroneis sp. 6 NE Lakes,no,,,
Stauroneis sp. 8 NAWQA DW,Stauroneis sp. 8 NAWQA DW,no,,,
Stauroneis staurolineata Reimer,Stauroneis staurolineata,yes,,,
Stauroneis staurolineata,Stauroneis staurolineata,no,,,
Stauroneis stodderi,Stauroneis stodderi,no,,,
Stauroneis subborealis,Stauroneis subborealis,no,,,
Stauroneis subgracilis,Stauroneis subgracilis,no,,,
Stauroneis supergracilis,Stauroneis supergracilis,no,,,
Stauroneis thermicola,Stauroneis thermicola,no,,,
Staurophora sp. 1 NE Lakes,Staurophora sp. 1 NE Lakes,no,,,
Staurophora sp. 2 NE Lakes,Staurophora sp. 2 NE Lakes,no,,,
Staurosira sp. 3 ?,Staurosira,yes,,,
Staurosira sp. 2 ?,Staurosira,yes,,,
Staurosira sp. 1 ?,Staurosira,yes,,,
Staurosira sp.,Staurosira,yes,,,
Staurosira,Staurosira,no,,,
Fragilaria construens var. binodis,Staurosira binodis,yes,,,
Staurosira construens Ehrenberg,Staurosira construens,yes,,,
Staurosira construens,Staurosira construens,no,,,
Fragilaria construens,Staurosira construens,yes,,,
Staurosira construens var. binodis,Staurosira construens var. binodis,no,,,
Staurosira binodis (Ehrenberg) Lange-Bertalot,Staurosira construens var. binodis,yes,,,
Staurosira binodis,Staurosira construens var. binodis,yes,,,
Staurosira construens var. exigua,Staurosira construens var. exigua,no,,,
Staurosira construens var. pumila,Staurosira construens var. pumila,no,,,
Fragilaria construens var. pumila,Staurosira construens var. pumila,yes,,,
Staurosira construens var. subsalina,Staurosira construens var. subsalina,no,,,
Staurosira venter,Staurosira construens var. venter,yes,,,
Staurosira construens var. venter (Ehrenberg) Hamilton,Staurosira construens var. venter,yes,,,
Staurosira construens var. venter,Staurosira construens var. venter,no,,,
Fragilaria construens var. venter,Staurosira construens var. venter,yes,,,
Fragilaria cf. construens var. venter,Staurosira construens var. venter,yes,,,
Staurosira neoproducta,Staurosira neoproducta,no,,,
Fragilaria neoproducta,Staurosira neoproducta,yes,,,
Staurosira sp. 1 NE Lakes,Staurosira sp. 1 NE Lakes,no,,,
Staurosira sp. 2 NE Lakes,Staurosira sp. 2 NE Lakes,no,,,
Staurosira sp. 3 NE Lakes,Staurosira sp. 3 NE Lakes,no,,,
Staurosira sp. 4 NE Lakes,Staurosira sp. 4 NE Lakes,no,,,
Staurosira sp. 5 NE Lakes,Staurosira sp. 5 NE Lakes,no,,,
Staurosira sp. 6 NE Lakes,Staurosira sp. 6 NE Lakes,no,,,
Staurosira sp. 7 NE Lakes,Staurosira sp. 7 NE Lakes,no,,,
Staurosirella sp. 5,Staurosirella,yes,,,
Staurosirella sp. 4 ?,Staurosirella,yes,,,
Staurosirella sp. 3 ?,Staurosirella,yes,,,
Staurosirella sp. 1 ?,Staurosirella,yes,,,
Staurosirella sp.,Staurosirella,yes,,,
Staurosirella lapponica/Staurosirella pinnata,Staurosirella,yes,,,The slash group is not used in Potapova et al. 2022.
Staurosirella lapponica/S. pinnata,Staurosirella,yes,,,The slash group is not used in Potapova et al. 2022.
Staurosirella,Staurosirella,no,,,
Staurosirella berolinensis,Staurosirella berolinensis,no,,,
Staurosirella lapponica,Staurosirella lapponica,no,,,
Fragilaria pinnata var. intercedens,Staurosirella lapponica,yes,,,
Staurosirella leptostauron (Ehrenberg) Williams et Round,Staurosirella leptostauron,yes,,,
Staurosirella leptostauron,Staurosirella leptostauron,no,,,
Fragilaria leptostauron,Staurosirella leptostauron,yes,,,
Staurosirella leptostauron var. dubia,Staurosirella leptostauron var. dubia,no,,,
Fragilaria leptostauron var. dubia,Staurosirella leptostauron var. dubia,yes,,,
Staurosirella martyi,Staurosirella martyi,no,,,
Opephora martyi,Staurosirella martyi,yes,,,
Staurosirella oldenburgiana (Hustedt) Morales,Staurosirella oldenburgiana,yes,,,
Staurosirella oldenburgiana,Staurosirella oldenburgiana,no,,,
Fragilaria cf. oldenburgiana,Staurosirella oldenburgiana,yes,,,
Staurosirella pinnata (Ehrenberg) Williams et Round,Staurosirella pinnata,yes,,,
Staurosirella pinnata,Staurosirella pinnata,no,,,
Fragilaria pinnata vars.,Staurosirella pinnata,yes,,,
Fragilaria pinnata,Staurosirella pinnata,yes,,,
Staurosirella pinnata var. intercedens,Staurosirella pinnata var. intercedens,no,,,
Staurosirella pinnata var. trigona,Staurosirella pinnata var. trigona,no,,,
Staurosirella rhomboides,Staurosirella rhomboides,no,,,
Staurosirella sp. 1 NE Lakes,Staurosirella sp. 1 NE Lakes,no,,,
Staurosirella sp. 2 NE Lakes,Staurosirella sp. 2 NE Lakes,no,,,
Staurosirella sp. 3 NE Lakes,Staurosirella sp. 3 NE Lakes,no,,,
Staurosirella sp. 4 NE Lakes,Staurosirella sp. 4 NE Lakes,no,,,
Staurosirella sp. 5 NE Lakes,Staurosirella sp. 5 NE Lakes,no,,,
Staurosirella/Staurosira,Staurosirella/Staurosira,no,yes,,
Stenopterobia sp.,Stenopterobia,yes,,,
Stenopterobia,Stenopterobia,no,,,
Stenopterobia anceps,Stenopterobia anceps,no,,,
Stenopterobia baileyi,Stenopterobia baileyi,no,,,
Stenopterobia densestriata,Stenopterobia densestriata,no,,,
Stenopterobia intermedia,Stenopterobia intermedia,no,,,
Stenopterobia intermedia fo. subacuta,Stenopterobia intermedia fo. subacuta,no,,,
Stenopterobia planctonica,Stenopterobia planctonica,no,,,
Stenopterobia sp. 1 NE Lakes,Stenopterobia sp. 1 NE Lakes,no,,,
Stenopterobia sp. 2 NE Lakes,Stenopterobia sp. 2 NE Lakes,no,,,
Stenopterobia sp. 5 NE Lakes,Stenopterobia sp. 5 NE Lakes,no,,,
Stephanodiscus vestibulis,Stephanoarcus vestibulis,yes,,,
Stephanoarcus vestibulis,Stephanoarcus vestibulis,no,,,
Stephanocyclus meneghinianus,Stephanocyclus meneghinianus,no,,,
"Stephanocyclus meneghiniana (Kütz.) Kulikovskiy, Genkal and Kociolek",Stephanocyclus meneghinianus,yes,,,
Cyclotella meneghiniana var. 5 ANSP,Stephanocyclus meneghinianus,yes,,,
Cyclotella meneghiniana PLUS quillensis,Stephanocyclus meneghinianus,yes,,,
Cyclotella meneghiniana,Stephanocyclus meneghinianus,yes,,,
Stephanodiscus spp.,Stephanodiscus,yes,,,
Stephanodiscus sp. 1?,Stephanodiscus,yes,,,
Stephanodiscus sp. 1 ?,Stephanodiscus,yes,,,
Stephanodiscus,Stephanodiscus,no,,,
Stephanodiscus agassizensis,Stephanodiscus agassizensis,no,,,
Stephanodiscus alpinus Hustedt,Stephanodiscus alpinus,yes,,,
Stephanodiscus alpinus,Stephanodiscus alpinus,no,,,
Stephanodiscus astraea,Stephanodiscus astraea,no,,,
Stephanodiscus binatus,Stephanodiscus binatus,no,,,
Stephanodiscus binderanus var. oestrupii,Stephanodiscus binderanus var. oestrupii,no,,,
Stephanodiscus hantzschii,Stephanodiscus hantzschii,no,,,
Stephanodiscus hantzschii fo. tenuis (Hustedt) Håkansson et Stoermer,Stephanodiscus hantzschii f. tenuis,yes,,,
Stephanodiscus hantzschii fo. tenuis,Stephanodiscus hantzschii f. tenuis,yes,,,
Stephanodiscus hantzschii f. tenuis,Stephanodiscus hantzschii f. tenuis,no,,,
Stephanodiscus medius,Stephanodiscus medius,no,,,
Stephanodiscus minutulus (Kützing) Cleve et Möller,Stephanodiscus minutulus,yes,,,
Stephanodiscus minutulus,Stephanodiscus minutulus,no,,,
Stephanodiscus niagarae Ehrenberg,Stephanodiscus niagarae,yes,,,
Stephanodiscus niagarae,Stephanodiscus niagarae,no,,,
Stephanodiscus oregonica,Stephanodiscus oregonica,no,,,
Stephanodiscus parvus Stoermer et Håkansson,Stephanodiscus parvus,yes,,,
Stephanodiscus parvus,Stephanodiscus parvus,no,,,
Stephanodiscus sp. 1 VTEC Lakes,Stephanodiscus sp. 1 VTEC Lakes,no,,,
Stephanodiscus sp. 2 NE Lakes,Stephanodiscus sp. 2 NE Lakes,no,,,
Stephanodiscus sp. 501 NE Lakes,Stephanodiscus sp. 501 NE Lakes,no,,,
Surirella spp.,Surirella,yes,,,
Surirella sp. w-1 MAINE,Surirella,yes,,,
Surirella sp. 5 ?,Surirella,yes,,,
Surirella sp. 4 ?,Surirella,yes,,,
Surirella sp. 3 ?,Surirella,yes,,,
Surirella sp. 2 ?,Surirella,yes,,,
Surirella sp. 1?,Surirella,yes,,,
Surirella sp. 1 ?,Surirella,yes,,,
Surirella sp.,Surirella,yes,,,
Surirella,Surirella,no,,,
Surirella adumbratus,Surirella adumbratus,no,,,
Surirella amphioxys,Surirella amphioxys,no,,,
Surirella angusta Kützing,Surirella angusta,yes,,,
Surirella angusta,Surirella angusta,no,,,
Surirella angustiformis,Surirella angustiformis,no,,,
Surirella bohemica,Surirella bohemica,no,,,
Surirella brebissonii,Surirella brebissonii,no,,,
Surirella brebissonii var. kuetzingii,Surirella brebissonii var. kuetzingii,no,,,
Surirella brightwellii,Surirella brightwellii,no,,,
Surirella cruciata,Surirella cruciata,no,,,
Surirella crumena,Surirella crumena,no,,,
Surirella cuspidata,Surirella cuspidata,no,,,
Surirella delicatissima fo. tenuissima,Surirella delicatissima f. tenuissima,yes,,,
Surirella delicatissima f. tenuissima,Surirella delicatissima f. tenuissima,no,,,
Surirella delicatissima var. 1 PIRLA,Surirella delicatissima var. 1 PIRLA,no,,yes,"Not sure what var. 1 PIRLA is, but the closest I could find in Potapova et al. 2022 is Stenopterobia delicatissima, which is a homotypic synonym of Iconella delicatissima."
Surirella elegans Ehrenberg,Surirella elegans,yes,,,
Surirella elegans,Surirella elegans,no,,,
Surirella helvetica Brun,Surirella helvetica,yes,,,
Surirella helvetica,Surirella helvetica,no,,,
Surirella lacrimula,Surirella lacrimula,no,,,
Surirella linearis var. constricta,Surirella linearis var. constricta,no,,,
Surirella linearis var. helvetica,Surirella linearis var. helvetica,no,,,
Surirella minuta,Surirella minuta,no,,,
Surirella nana,Surirella nana,no,,,
Surirella ovalis,Surirella ovalis,no,,,
Surirella ovata,Surirella ovata,no,,,
Surirella papillifera,Surirella papillifera,no,,,
Surirella roba,Surirella roba,no,,,
Surirella robusta,Surirella robusta,no,,,
Surirella sp. 1 NE Lakes,Surirella sp. 1 NE Lakes,no,,,
Surirella sp. 10 NE Lakes,Surirella sp. 10 NE Lakes,no,,,
Surirella sp. 11 NE Lakes,Surirella sp. 11 NE Lakes,no,,,
Surirella sp. 2 NE Lakes,Surirella sp. 2 NE Lakes,no,,,
Surirella sp. 2 PIRLA,Surirella sp. 2 PIRLA,no,,,
Surirella sp. 3 NE Lakes,Surirella sp. 3 NE Lakes,no,,,
Surirella sp. 3 PIRLA,Surirella sp. 3 PIRLA,no,,,
Surirella sp. 4 NE Lakes,Surirella sp. 4 NE Lakes,no,,,
Surirella sp. 4 PIRLA,Surirella sp. 4 PIRLA,no,,,
Surirella sp. 6 NE Lakes,Surirella sp. 6 NE Lakes,no,,,
Surirella sp. 8 NE Lakes,Surirella sp. 8 NE Lakes,no,,,
Surirella stoermerii,Surirella stoermerii,no,,,
Surirella tenuis,Surirella tenuis,no,,,
Surirella tenuissima,Surirella tenuissima,no,,,
Surirella undulata,Surirella undulata,no,,,
Synedra spp.,Synedra,yes,,,
Synedra sp. 5 ?,Synedra,yes,,,
Synedra sp. 4 ?,Synedra,yes,,,
Synedra sp. 3 ?,Synedra,yes,,,
Synedra sp. 2 ?,Synedra,yes,,,
Synedra sp. 1 ?,Synedra,yes,,,
Synedra,Synedra,no,,,
Synedra rumpens var. familiaris,Synedra familiaris,yes,,,
Synedra familiaris,Synedra familiaris,no,,,
Synedra filiformis var. capitata,Synedra filiformis var. capitata,no,,,
Synedra filiformis var. exilis,Synedra filiformis var. exilis,no,,,
Synedra minuscula,Synedra minuscula,no,,,
Synedra nana,Synedra nana,no,,,
Synedra planktonica,Synedra planktonica,no,,,
Synedra sp. 1 NAWQA MORALES,Synedra sp. 1 NAWQA MORALES,no,,,
Synedra sp. 1 PIRLA,Synedra sp. 1 PIRLA,no,,yes,Ulnaria? (freshwater)
Synedra sp. 2 MONTANA HAGAN,Synedra sp. 2 MONTANA HAGAN,no,,,
Synedra sp. 2 NAWQA,Synedra sp. 2 NAWQA,no,,yes,are Synedra sp. 2 NAWQA and Synedra sp. 2 NAWQA MORALES the same taxon?
Synedra sp. 2 NAWQA MORALES,Synedra sp. 2 NAWQA MORALES,no,,yes,are Synedra sp. 2 NAWQA and Synedra sp. 2 NAWQA MORALES the same taxon?
Synedra sp. 5 PIRLA,Synedra sp. 5 PIRLA,no,,,
Synedra sp. 7 NAWQA MORALES,Synedra sp. 7 NAWQA MORALES,no,,,
Synedra sp. 8 NAWQA,Synedra sp. 8 NAWQA,no,,yes,are Synedra sp. 8 NAWQA and Synedra sp. 8 NAWQA MORALES the same taxon?
Synedra sp. 8 NAWQA MORALES,Synedra sp. 8 NAWQA MORALES,no,,yes,are Synedra sp. 8 NAWQA and Synedra sp. 8 NAWQA MORALES the same taxon?
Synedra subrhombica,Synedra subrhombica,no,,,
Synedra ulna var. oxyrhynchus fo. mediocontracta,Synedra ulna var. oxyrhynchus fo. mediocontracta,no,,,
Tabellaria spp.,Tabellaria,yes,,,
Tabellaria sp. 1 ?,Tabellaria,yes,,,
Tabellaria fenestrata/T. flocculosa/T. sp. 1 NE Lakes,Tabellaria,yes,,,
Tabellaria,Tabellaria,no,,,
Tabellaria fenestrata (Lyngbye) Kützing,Tabellaria fenestrata,yes,,,
Tabellaria fenestrata,Tabellaria fenestrata,no,,,
Tabellaria flocculosa (small),Tabellaria flocculosa,yes,,,
Tabellaria flocculosa (short),Tabellaria flocculosa,yes,,,
Tabellaria flocculosa (Roth) Kützing,Tabellaria flocculosa,yes,,,
Tabellaria flocculosa (long),Tabellaria flocculosa,yes,,,
Tabellaria flocculosa (large),Tabellaria flocculosa,yes,,,
Tabellaria flocculosa,Tabellaria flocculosa,no,,,
Tabellaria flocculosa strain III,Tabellaria flocculosa strain III,no,,,
"Tabellaria flocculosa (strain III, sensu Koppen)",Tabellaria flocculosa strain III,yes,,,
Tabellaria flocculosa (strain III),Tabellaria flocculosa strain III,yes,,,
Tabellaria flocculosa strain IIIp,Tabellaria flocculosa strain IIIp,no,,,
"Tabellaria flocculosa (strain IIIp, sensu Koppen)",Tabellaria flocculosa strain IIIp,yes,,,
Tabellaria flocculosa (strain IIIp),Tabellaria flocculosa strain IIIp,yes,,,
Tabellaria flocculosa strain IV,Tabellaria flocculosa strain IV,no,,,
"Tabellaria flocculosa (strain IV, sensu Koppen)",Tabellaria flocculosa strain IV,yes,,,
Tabellaria flocculosa (strain IV),Tabellaria flocculosa strain IV,yes,,,
Tabellaria flocculosa var. fenestrata,Tabellaria flocculosa var. fenestrata,no,,,
Tabellaria flocculosa var. linearis Koppen,Tabellaria flocculosa var. linearis,yes,,,
Tabellaria flocculosa var. linearis,Tabellaria flocculosa var. linearis,no,,,
Tabellaria quadriseptata sensu PIRLA pro parte,Tabellaria quadriseptata,yes,,,
Tabellaria quadriseptata sensu PIRLA,Tabellaria quadriseptata,yes,,,
Tabellaria quadriseptata,Tabellaria quadriseptata,no,,,
Tabellaria ventricosa,Tabellaria ventricosa,no,,,
Tabularia affinis var. acuminata,Tabularia affinis var. acuminata,no,,,
Synedra tabulata var. acuminata,Tabularia affinis var. acuminata,yes,,,
Tabularia fasciculata (Agardh) Williams et Round,Tabularia fasciculata,yes,,,
Tabularia fasciculata,Tabularia fasciculata,no,,,
Synedra fasciculata,Tabularia fasciculata,yes,,,
Tabularia tabulata,Tabularia tabulata,no,,,
Tetracyclus sp. 1 VTEC Lakes,Tetracyclus sp. 1 VTEC Lakes,no,,,
Thalassiosira,Thalassiosira,no,,,
Thalassiosira baltica,Thalassiosira baltica,no,,,
Thalassiosira bramaputrae,Thalassiosira bramaputrae,no,,,
Thalassiosira fluviatilis,Thalassiosira fluviatilis,no,,,
Thalassiosira lacustris,Thalassiosira lacustris,no,,,
Thalassiosira pseudonana,Thalassiosira pseudonana,no,,,
Thalassiosira visurgis,Thalassiosira visurgis,no,,,
Tryblionella sp. 1 ?,Tryblionella,yes,,,
Tryblionella,Tryblionella,no,,,
Tryblionella acuminata,Tryblionella acuminata,no,,,
Tryblionella aerophila,Tryblionella aerophila,no,,,
Tryblionella apiculata,Tryblionella apiculata,no,,,
Tryblionella brunoi (Lange-Bertalot) Cantonati & Lange-Bertalot,Tryblionella brunoi,yes,,,
Tryblionella brunoi,Tryblionella brunoi,no,,,
Tryblionella calida,Tryblionella calida,no,,,
Tryblionella coarctata,Tryblionella coarctata,no,,,
Tryblionella debilis,Tryblionella debilis,no,,,
Tryblionella gracilis,Tryblionella gracilis,no,,,
Nitzschia cf. tryblionella,Tryblionella gracilis,yes,,,
Tryblionella hungarica (Grunow) Frenguelli,Tryblionella hungarica,yes,,,
Tryblionella hungarica,Tryblionella hungarica,no,,,
Tryblionella levidensis,Tryblionella levidensis,no,,,
Tryblionella littoralis,Tryblionella littoralis,no,,,
Tryblionella plana,Tryblionella plana,no,,,
Tryblionella plana var. fennica (Hustedt) Simola,Tryblionella plana var. fennica,yes,,,
Tryblionella plana var. fennica,Tryblionella plana var. fennica,no,,,
Tryblionella salinarum,Tryblionella salinarum,no,,,
Tryblionella scalaris,Tryblionella scalaris,no,,,
Nitzschia scalaris,Tryblionella scalaris,yes,,,
Tryblionella sp. 502 NE Lakes,Tryblionella sp. 502 NE Lakes,no,,,
Ulnaria sp. 5 ?,Ulnaria,yes,,,
Ulnaria sp. 3 ?,Ulnaria,yes,,,
Ulnaria sp. 2 ?,Ulnaria,yes,,,
Ulnaria sp. 1 ?,Ulnaria,yes,,,
Ulnaria,Ulnaria,no,,,
Ulnaria acus,Ulnaria acus,no,,,
Synedra acus,Ulnaria acus,yes,,,
Ulnaria amphirhynchus,Ulnaria amphirhynchus,no,,,
Synedra ulna var. amphirhynchus,Ulnaria amphirhynchus,yes,,,
Ulnaria biceps,Ulnaria biceps,no,,,
Ulnaria capitata,Ulnaria capitata,no,,,
Synedra dilatata,Ulnaria capitata,yes,,,
Ulnaria contracta,Ulnaria contracta,no,,,
Ulnaria danica,Ulnaria danica,no,,,
Synedra ulna var. danica,Ulnaria danica,yes,,,
Ulnaria delicatissima,Ulnaria delicatissima,no,,,
Synedra delicatissima,Ulnaria delicatissima,yes,,,
Ulnaria delicatissima var. angustissima,Ulnaria delicatissima var. angustissima,no,,,
Synedra delicatissima var. angustissima,Ulnaria delicatissima var. angustissima,yes,,,
Synedra acus var. angustissima,Ulnaria delicatissima var. angustissima,yes,,,
Ulnaria goulardii,Ulnaria goulardii,no,,,
Synedra goulardi,Ulnaria goulardii,yes,,,
Ulnaria grunowii (Lange-Bertalot & S.Ulrich) Cantonati & Lange-Bertalot,Ulnaria grunowii,yes,,,
Ulnaria grunowii,Ulnaria grunowii,no,,,
Ulnaria lanceolata,Ulnaria lanceolata,no,,,
Ulnaria ramesi,Ulnaria ramesi,no,,,
Ulnaria sp. 1 NE Lakes,Ulnaria sp. 1 NE Lakes,no,,,
Ulnaria sp. 2 NE Lakes,Ulnaria sp. 2 NE Lakes,no,,,
Ulnaria ulna,Ulnaria ulna,no,,,
Synedra ulna,Ulnaria ulna,yes,,,
Ulnaria ulna forme 1 sensu Lavoie et al,Ulnaria ulna forme 1 sensu Lavoie et al,no,,yes,
Ulnaria ulna forme 2 sensu Lavoie et al,Ulnaria ulna forme 2 sensu Lavoie et al,no,,yes,
Ulnaria ulna var. chaseana,Ulnaria ulna var. chaseana,no,,,
Synedra ulna var. chaseana,Ulnaria ulna var. chaseana,yes,,,
Ulnaria ulna var. constricta,Ulnaria ulna var. constricta,no,,,
Unknown sp. 1 NE Lakes,Undetermined,yes,,,retain but mark as NonTarget in Attributes table
Unknown diatom,Undetermined,yes,,,retain but mark as NonTarget in Attributes table
Undetermined diatom spp.,Undetermined,yes,,,retain but mark as NonTarget in Attributes table
Undetermined diatom sp. 9 ?,Undetermined,yes,,,retain but mark as NonTarget in Attributes table
Undetermined diatom sp. 8 ?,Undetermined,yes,,,retain but mark as NonTarget in Attributes table
Undetermined diatom sp. 7 ?,Undetermined,yes,,,retain but mark as NonTarget in Attributes table
Undetermined diatom sp. 6 ?,Undetermined,yes,,,retain but mark as NonTarget in Attributes table
Undetermined diatom sp. 5 ?,Undetermined,yes,,,retain but mark as NonTarget in Attributes table
Undetermined diatom sp. 4 ?,Undetermined,yes,,,retain but mark as NonTarget in Attributes table
Undetermined diatom sp. 3 ?,Undetermined,yes,,,retain but mark as NonTarget in Attributes table
Undetermined diatom sp. 2 ?,Undetermined,yes,,,retain but mark as NonTarget in Attributes table
Undetermined diatom sp. 1?,Undetermined,yes,,,retain but mark as NonTarget in Attributes table
Undetermined diatom CAF,Undetermined,yes,,,retain but mark as NonTarget in Attributes table
Undetermined diatom,Undetermined,yes,,,retain but mark as NonTarget in Attributes table
Undetermined,Undetermined,no,,,retain but mark as NonTarget in Attributes table
Unknown centric,Undetermined centric,yes,,,retain but mark as NonTarget in Attributes table
Undetermined Centric sp. 2 ?,Undetermined centric,yes,,,retain but mark as NonTarget in Attributes table
Undetermined Centric sp. 1 ?,Undetermined centric,yes,,,retain but mark as NonTarget in Attributes table
Undetermined centric,Undetermined centric,no,,,retain but mark as NonTarget in Attributes table
Unknown pennate (girldle view),Undetermined pennate,yes,,,retain but mark as NonTarget in Attributes table
Unknown pennate,Undetermined pennate,yes,,,retain but mark as NonTarget in Attributes table
Undetermined Pennate sp. 5 ?,Undetermined pennate,yes,,,retain but mark as NonTarget in Attributes table
Undetermined Pennate sp. 4 ?,Undetermined pennate,yes,,,retain but mark as NonTarget in Attributes table
Undetermined Pennate sp. 3 ?,Undetermined pennate,yes,,,retain but mark as NonTarget in Attributes table
Undetermined Pennate sp. 2 ?,Undetermined pennate,yes,,,retain but mark as NonTarget in Attributes table
Undetermined Pennate sp. 1 ?,Undetermined pennate,yes,,,retain but mark as NonTarget in Attributes table
Undetermined Pennate,Undetermined pennate,yes,,,retain but mark as NonTarget in Attributes table
Urosolenia sp. 1 ?,Urosolenia,yes,,,
Urosolenia,Urosolenia,no,,,
Urosolenia eriensis,Urosolenia eriensis,no,,,
Rhizosolenia eriensis,Urosolenia eriensis,yes,,,
Aulacoseira alpigena/A. subborealis/A. sp. 3 NE Lakes,Aulacoseira alpigena/A. subborealis/A. sp. 3 NE Lakes,no,,,format/name slashed taxa consistently
Cyclotella cf. comensis/C. rosii,Cyclotella cf. comensis/C. rosii,no,,,format/name slashed taxa consistently
Diatoma tenuis var. elongata,Diatoma tenuis var. elongata,no,,,
Diploneis oblongellopsis/D. oblongella,Diploneis oblongellopsis/D. oblongella,no,,,format/name slashed taxa consistently
Encyonopsis sp. 601 NE Lakes,Encyonopsis sp. 601 NE Lakes,no,,,
Frustulia latita/F. vulgaris,Frustulia latita/F. vulgaris,no,,,format/name slashed taxa consistently
Geissleria punctifera,Geissleria punctifera,no,,,
Kurtkrammeria treinishii,Kurtkrammeria treinishii,no,,,
Lindavia bodanica/L. intermedia,Lindavia bodanica/L. intermedia,no,,,format/name slashed taxa consistently
Navicula sp. 601 NE Lakes,Navicula sp. 601 NE Lakes,no,,,
Nitzschia sp. 601 NE Lakes,Nitzschia sp. 601 NE Lakes,no,,,
Planothidium incuriatum/P. rostratum,Planothidium incuriatum/P. rostratum,no,,,format/name slashed taxa consistently
Planothidium rostratoholarcticum/P. tuji,Planothidium rostratoholarcticum/P. tuji,no,,,format/name slashed taxa consistently
Sellaphora seminuloides,Sellaphora seminuloides,no,,,
