TaxaID,Rank,Genus,Species,nOcc,SumIndiv,NonTarget,BCG_attr,BCG_attr2,BCG_attr_Roman,NutrientIndicator,pH_TolAnal,AcidImpacted,MajorHabitatGrp,MajorHabitatGrp_Narr,SIZE_USGS,TROPHIC_BCG,TROPHIC_USGS,P_USGS,N_USGS,N_FIXER_USGS,MOTILITY_USGS,MOTILE2_USGS,HABIT_USGS
Achnanthes,Genera,Achnanthes,,181,201,FALSE,4,4_better,IV_better,,acid,,benthic,benthic (many possible substrates),,,,,,NON_N_FIXER,SLIGHTLY_MOTILE,,ADNATE
Achnanthes acares,Species,Achnanthes,Achnanthes acares,3,2,FALSE,,,,,,,benthic,benthic (many possible substrates),SMALL,,,,,NON_N_FIXER,SLIGHTLY_MOTILE,,ADNATE
Achnanthes gracilis,Species,Achnanthes,Achnanthes gracilis,1,1,FALSE,,,,,,,,,,,,,,,,,
Achnanthes helvetica var. alpina,Variety,Achnanthes,Achnanthes helvetica,1,1,FALSE,,,,,,,,,,,,,,,,,
Achnanthes kryophila,Species,Achnanthes,Achnanthes kryophila,2,3,FALSE,,,,,,,benthic,benthic (many possible substrates),,,,,,NON_N_FIXER,SLIGHTLY_MOTILE,,ADNATE
Achnanthes lanceolata var. elliptica,Variety,Achnanthes,Achnanthes lanceolata,1,2,FALSE,,,,,,,,,,,,,,,SLIGHTLY_MOTILE,,
Achnanthes lapidosa var. appalachiana,Variety,Achnanthes,Achnanthes lapidosa,2,3,FALSE,,,,,,,,,,,,,,,SLIGHTLY_MOTILE,,
Achnanthes lapidosa var. lanceolata,Variety,Achnanthes,Achnanthes lapidosa,1,2,FALSE,,,,,,,benthic,benthic (many possible substrates),,,,,,NON_N_FIXER,SLIGHTLY_MOTILE,,ADNATE
Achnanthes marginulata var. sublaevis,Variety,Achnanthes,Achnanthes marginulata,1,3,FALSE,,,,,,,benthic,benthic (many possible substrates),,,,,,NON_N_FIXER,SLIGHTLY_MOTILE,,ADNATE
Achnanthes parvula,Species,Achnanthes,Achnanthes parvula,1,1,FALSE,,,,,,,,,,,,,,,,,
Achnanthes pinnata,Species,Achnanthes,Achnanthes pinnata,1,3,FALSE,,,,,,,,,,,,,,,SLIGHTLY_MOTILE,,
Achnanthes sp. 1 NLS EAM,Species/Dataset,Achnanthes,Achnanthes sp. 1 NLS EAM,7,84,FALSE,,,,,,,,,,,,,,,,,
Achnanthes sp. 1 PIRLA,Species/Dataset,Achnanthes,Achnanthes sp. 1 PIRLA,2,1,FALSE,,,,,,,,,,,,,,,,,
Achnanthes sp. 2 PIRLA,Species/Dataset,Achnanthes,Achnanthes sp. 2 PIRLA,17,7,FALSE,,,,,,,,,,,,,,,,,
Achnanthes sp. 5 PIRLA,Species/Dataset,Achnanthes,Achnanthes sp. 5 PIRLA,2,1,FALSE,,,,,,,,,,,,,,,,,
Achnanthes sp. 6 PIRLA,Species/Dataset,Achnanthes,Achnanthes sp. 6 PIRLA,7,66,FALSE,,,,,,,,,,,,,,,,,
Achnanthes sp. 7 PIRLA,Species/Dataset,Achnanthes,Achnanthes sp. 7 PIRLA,4,16,FALSE,,,,,,,,,,,,,,,,,
Achnanthes sp. 8 PIRLA,Species/Dataset,Achnanthes,Achnanthes sp. 8 PIRLA,13,34,FALSE,,,,,,,,,,,,,,,,,
Achnanthes stolida,Species,Achnanthes,Achnanthes stolida,3,6,FALSE,,,,,,,benthic,benthic (many possible substrates),VERY SMALL,,,,,NON_N_FIXER,SLIGHTLY_MOTILE,,ADNATE
Achnanthes subhudsonis var. kraeuselii,Variety,Achnanthes,Achnanthes subhudsonis,19,53,FALSE,,,,,,,,,,,,,,,WEAKLY_MOTILE,,
Achnanthidium,Genera,Achnanthidium,,147,412,FALSE,4,4_middle,IV_middle,,alkali,,benthic,benthic (many possible substrates),VERY SMALL,,,,,NON_N_FIXER,SLIGHTLY_MOTILE,,ADNATE
Achnanthidium biasolettianum,Species,Achnanthidium,Achnanthidium biasolettianum,1,3,FALSE,,,,,,,benthic,benthic (many possible substrates),,,,,,NON_N_FIXER,SLIGHTLY_MOTILE,,ADNATE
Achnanthidium caledonicum,Species,Achnanthidium,Achnanthidium caledonicum,111,997,FALSE,4,4_better,IV_better,,alkali,,benthic,benthic (many possible substrates),VERY SMALL,,,,,NON_N_FIXER,SLIGHTLY_MOTILE,,ADNATE
Achnanthidium catenatum,Species,Achnanthidium,Achnanthidium catenatum,31,67,FALSE,,,,,,,benthic,benthic (many possible substrates),VERY SMALL,,,,,NON_N_FIXER,SLIGHTLY_MOTILE,,ADNATE
Achnanthidium crassum,Species,Achnanthidium,Achnanthidium crassum,29,65,FALSE,,,,,,,benthic,benthic (many possible substrates),VERY SMALL,,,,,NON_N_FIXER,SLIGHTLY_MOTILE,,ADNATE
Achnanthidium deflexum,Species,Achnanthidium,Achnanthidium deflexum,70,141,FALSE,,,,,,,benthic,benthic (many possible substrates),VERY SMALL,,,LOW_P,LOW_N,NON_N_FIXER,SLIGHTLY_MOTILE,,ADNATE
Achnanthidium delmontii,Species,Achnanthidium,Achnanthidium delmontii,27,70,FALSE,,,,,,,benthic,benthic (many possible substrates),VERY SMALL,,,,,NON_N_FIXER,SLIGHTLY_MOTILE,,ADNATE
Achnanthidium duthiei,Species,Achnanthidium,Achnanthidium duthiei,14,114,FALSE,,,,,,,benthic,benthic (many possible substrates),VERY SMALL,,,,,NON_N_FIXER,SLIGHTLY_MOTILE,,ADNATE
Achnanthidium eutrophilum,Species,Achnanthidium,Achnanthidium eutrophilum,14,41,FALSE,,,,,,,benthic,benthic (many possible substrates),VERY SMALL,,,,,NON_N_FIXER,SLIGHTLY_MOTILE,,ADNATE
Achnanthidium exiguum,Species,Achnanthidium,Achnanthidium exiguum,394,220,FALSE,4,4_middle,IV_middle,,alkali,,benthic,benthic (many possible substrates),VERY SMALL,indiff,TROPHIC_7,HIGH_P,HIGH_N,NON_N_FIXER,SLIGHTLY_MOTILE,,ADNATE
Achnanthidium exiguum var. constrictum,Variety,Achnanthidium,Achnanthidium exiguum,2,3,FALSE,,,,,,,benthic,benthic (many possible substrates),VERY SMALL,indiff,TROPHIC_7,HIGH_P,HIGH_N,NON_N_FIXER,SLIGHTLY_MOTILE,,ADNATE
Achnanthidium exiguum var. elliptica,Variety,Achnanthidium,Achnanthidium exiguum,1,9,FALSE,,,,,,,benthic,benthic (many possible substrates),VERY SMALL,,,HIGH_P,HIGH_N,NON_N_FIXER,SLIGHTLY_MOTILE,,ADNATE
Achnanthidium exiguum var. heterovalvum,Variety,Achnanthidium,Achnanthidium exiguum,20,66,FALSE,,,,,,,benthic,benthic (many possible substrates),VERY SMALL,indiff,TROPHIC_7,HIGH_P,HIGH_N,NON_N_FIXER,SLIGHTLY_MOTILE,,ADNATE
Achnanthidium gracillimum,Species,Achnanthidium,Achnanthidium gracillimum,29,55,FALSE,,,,,,,benthic,benthic (many possible substrates),VERY SMALL,,,LOW_P,,NON_N_FIXER,SLIGHTLY_MOTILE,,ADNATE
Achnanthidium jackii,Species,Achnanthidium,Achnanthidium jackii,34,99,FALSE,,,,,,,benthic,benthic (many possible substrates),VERY SMALL,,,,,NON_N_FIXER,SLIGHTLY_MOTILE,,ADNATE
Achnanthidium latecephalum,Species,Achnanthidium,Achnanthidium latecephalum,32,77,FALSE,,,,,,,benthic,benthic (many possible substrates),VERY SMALL,,,,,NON_N_FIXER,SLIGHTLY_MOTILE,,ADNATE
Achnanthidium lineare,Species,Achnanthidium,Achnanthidium lineare,3,10,FALSE,,,,,,,benthic,benthic (many possible substrates),,,,,,,,,
Achnanthidium microcephalum,Species,Achnanthidium,Achnanthidium microcephalum,67,84,FALSE,4,4_better,IV_better,,acid,,benthic,benthic (many possible substrates),VERY SMALL,,,,,NON_N_FIXER,SLIGHTLY_MOTILE,,ADNATE
Achnanthidium minutissimum,Species,Achnanthidium,Achnanthidium minutissimum,1598,14370,FALSE,4,4_middle,IV_middle,,alkali,,benthic,benthic (many possible substrates),VERY SMALL,indiff,TROPHIC_7,LOW_P,LOW_N,NON_N_FIXER,SLIGHTLY_MOTILE,,ADNATE
Achnanthidium pyrenaicum,Species,Achnanthidium,Achnanthidium pyrenaicum,44,98,FALSE,,,,,,,benthic,benthic (many possible substrates),VERY SMALL,meso,TROPHIC_3,,,NON_N_FIXER,SLIGHTLY_MOTILE,,ADNATE
Achnanthidium reimeri,Species,Achnanthidium,Achnanthidium reimeri,56,106,FALSE,4,4_better,IV_better,,,,benthic,benthic (many possible substrates),VERY SMALL,,,,,NON_N_FIXER,SLIGHTLY_MOTILE,,ADNATE
Achnanthidium rivulare,Species,Achnanthidium,Achnanthidium rivulare,125,180,FALSE,4,4_better,IV_better,,alkali,,benthic,benthic (many possible substrates),VERY SMALL,,,LOW_P,LOW_N,NON_N_FIXER,SLIGHTLY_MOTILE,,ADNATE
Achnanthidium rosenstockii,Species,Achnanthidium,Achnanthidium rosenstockii,71,202,FALSE,,,,,,,benthic,benthic (many possible substrates),VERY SMALL,,,,,NON_N_FIXER,SLIGHTLY_MOTILE,,ADNATE
Achnanthidium saprophilum,Species,Achnanthidium,Achnanthidium saprophilum,2,4,FALSE,,,,,,,,,,,,,,,,,
Achnanthidium sp. 1 NAWQA MP,Species/Dataset,Achnanthidium,Achnanthidium sp. 1 NAWQA MP,1,4,FALSE,,,,,,,,,,,,,,,,,
Achnanthidium sp. 1 NE Lakes,Species/Dataset,Achnanthidium,Achnanthidium sp. 1 NE Lakes,22,111,FALSE,,,,,,,benthic,benthic (many possible substrates),VERY SMALL,,,,,NON_N_FIXER,SLIGHTLY_MOTILE,,ADNATE
Achnanthidium sp. 1 VTEC Lakes,Species/Dataset,Achnanthidium,Achnanthidium sp. 1 VTEC Lakes,3,11,FALSE,,,,,,,,,,,,,,,,,
Achnanthidium sp. 2 NE Lakes,Species/Dataset,Achnanthidium,Achnanthidium sp. 2 NE Lakes,19,78,FALSE,,,,,,,benthic,benthic (many possible substrates),VERY SMALL,,,,,NON_N_FIXER,SLIGHTLY_MOTILE,,ADNATE
Achnanthidium sp. 3 NE Lakes,Species/Dataset,Achnanthidium,Achnanthidium sp. 3 NE Lakes,1,1,FALSE,,,,,,,benthic,benthic (many possible substrates),VERY SMALL,,,,,NON_N_FIXER,SLIGHTLY_MOTILE,,ADNATE
Achnanthidium sp. 5 NE Lakes,Species/Dataset,Achnanthidium,Achnanthidium sp. 5 NE Lakes,2,5,FALSE,,,,,,,benthic,benthic (many possible substrates),VERY SMALL,,,,,NON_N_FIXER,SLIGHTLY_MOTILE,,ADNATE
Achnanthidium trinode,Species,Achnanthidium,Achnanthidium trinode,19,60,FALSE,,,,,,,benthic,benthic (many possible substrates),VERY SMALL,,,,,NON_N_FIXER,SLIGHTLY_MOTILE,,ADNATE
Actinella punctata,Species,Actinella,Actinella punctata,214,378,FALSE,3,,III,low,acid,,"benthic,macrophytic",benthic (strong macrophyte indicator),MEDIUM,,,,,NON_N_FIXER,WEAKLY_MOTILE,,
Actinocyclus cf. normanii NJSS DME,Species/Dataset,Actinocyclus,Actinocyclus cf. normanii NJSS DME,1,4,FALSE,,,,,,,,,,,,,,,,,
Actinocyclus normanii,Species,Actinocyclus,Actinocyclus normanii,6,57,FALSE,,,,,,,planktonic,planktonic,MEDIUM,eutra,TROPHIC_5,,,NON_N_FIXER,NON_MOTILE,,
Actinocyclus normanii fo. subsalsus,Variety,Actinocyclus,Actinocyclus normanii,1,2,FALSE,,,,,,,,,,,,,,,,,
Actinoptychus senarius,Species,Actinoptychus,Actinoptychus senarius,1,1,FALSE,,,,,,,"benthic,planktonic",planktonic and benthic,,,,,,,,,
Adlafia,Genera,Adlafia,,5,3,FALSE,4,4_better,IV_better,,alkali,,benthic,benthic (many possible substrates),VERY SMALL,,,,,NON_N_FIXER,SLIGHTLY_MOTILE,,
Adlafia bryophila,Species,Adlafia,Adlafia bryophila,52,18,FALSE,,,,,,,benthic,benthic (many possible substrates),VERY SMALL,meso,TROPHIC_3,,,NON_N_FIXER,SLIGHTLY_MOTILE,,
Adlafia detenta,Species,Adlafia,Adlafia detenta,4,3,FALSE,,,,,,,benthic,benthic (many possible substrates),VERY SMALL,,,,,NON_N_FIXER,SLIGHTLY_MOTILE,,
Adlafia minuscula,Species,Adlafia,Adlafia minuscula,9,16,FALSE,,,,,,,benthic,benthic (many possible substrates),VERY SMALL,oligo,TROPHIC_1,,,NON_N_FIXER,SLIGHTLY_MOTILE,,
Adlafia minuscula var. muralis,Variety,Adlafia,Adlafia minuscula,12,52,FALSE,,,,,,,benthic,benthic (many possible substrates),VERY SMALL,eutra,TROPHIC_5,,,NON_N_FIXER,SLIGHTLY_MOTILE,,
Adlafia multnomahii,Species,Adlafia,Adlafia multnomahii,15,22,FALSE,,,,,,,benthic,benthic (many possible substrates),VERY SMALL,,,,,NON_N_FIXER,WEAKLY_MOTILE,,
Adlafia sp. 1 NE Lakes,Species/Dataset,Adlafia,Adlafia sp. 1 NE Lakes,1,1,FALSE,,,,,,,benthic,benthic (many possible substrates),VERY SMALL,,,,,NON_N_FIXER,SLIGHTLY_MOTILE,,
Adlafia sp. 2 NE Lakes,Species/Dataset,Adlafia,Adlafia sp. 2 NE Lakes,1,1,FALSE,,,,,,,benthic,benthic (many possible substrates),VERY SMALL,,,,,NON_N_FIXER,SLIGHTLY_MOTILE,,
Adlafia sp. 3 NE Lakes,Species/Dataset,Adlafia,Adlafia sp. 3 NE Lakes,15,22,FALSE,,,,,,,,,,,,,,,,,
Adlafia suchlandtii,Species,Adlafia,Adlafia suchlandtii,12,18,FALSE,,,,,,,benthic,benthic (many possible substrates),VERY SMALL,oligo,TROPHIC_1,,,NON_N_FIXER,SLIGHTLY_MOTILE,,
Amphipleura,Genera,Amphipleura,,1,3,FALSE,,,,,,,benthic,benthic (many possible substrates),,,,,,,,,
Amphipleura pellucida,Species,Amphipleura,Amphipleura pellucida,107,21,FALSE,4,4_middle,IV_middle,,alkali,,benthic,benthic (many possible substrates),,oligo-meso,TROPHIC_2,LOW_P,,NON_N_FIXER,WEAKLY_MOTILE,,
Amphipleura rutilans,Species,Amphipleura,Amphipleura rutilans,1,1,FALSE,,,,,,,benthic,benthic (many possible substrates),MEDIUM,,,,,NON_N_FIXER,WEAKLY_MOTILE,,
Amphora,Genera,Amphora,,36,15,FALSE,4,4_middle,IV_middle,,hialkali,,benthic,benthic (many possible substrates),SMALL,,,,,NON_N_FIXER,SLIGHTLY_MOTILE,,
Amphora aequalis,Species,Amphora,Amphora aequalis,10,62,FALSE,,,,,,,benthic,benthic (many possible substrates),SMALL,,,,,NON_N_FIXER,SLIGHTLY_MOTILE,,
Amphora cimbrica,Species,Amphora,Amphora cimbrica,41,35,FALSE,,,,,,,benthic,benthic (many possible substrates),SMALL,,,,,NON_N_FIXER,SLIGHTLY_MOTILE,,
Amphora copulata,Species,Amphora,Amphora copulata,265,252,FALSE,4,4_middle,IV_middle,,hialkali,,benthic,benthic (many possible substrates),SMALL,,,,,NON_N_FIXER,SLIGHTLY_MOTILE,,
Amphora delphinea var. minor,Variety,Amphora,Amphora delphinea,1,1,FALSE,,,,,,,benthic,benthic (many possible substrates),SMALL,,,,,NON_N_FIXER,SLIGHTLY_MOTILE,,
Amphora eximia,Species,Amphora,Amphora eximia,9,8,FALSE,,,,,,,benthic,benthic (many possible substrates),SMALL,,,,,NON_N_FIXER,SLIGHTLY_MOTILE,,
Amphora fogediana,Species,Amphora,Amphora fogediana,3,1,FALSE,,,,,,,,,,,,,,,,,
Amphora inariensis,Species,Amphora,Amphora inariensis,121,82,FALSE,4,4_middle,IV_middle,,hialkali,,benthic,benthic (many possible substrates),MEDIUM,oligo,TROPHIC_1,,,NON_N_FIXER,SLIGHTLY_MOTILE,,
Amphora ovalis,Species,Amphora,Amphora ovalis,404,422,FALSE,4,4_better,IV_better,,alkali,,benthic,benthic (many possible substrates),MEDIUM,,,,,NON_N_FIXER,SLIGHTLY_MOTILE,,
Amphora ovalis var. affinis,Variety,Amphora,Amphora ovalis,8,5,FALSE,,,,,,,benthic,benthic (many possible substrates),MEDIUM,,,,,NON_N_FIXER,SLIGHTLY_MOTILE,,
Amphora pediculus,Species,Amphora,Amphora pediculus,195,286,FALSE,4,4_worse,IV_worse,,hialkali,,benthic,benthic (many possible substrates),VERY SMALL,eutra,TROPHIC_5,,HIGH_N,NON_N_FIXER,SLIGHTLY_MOTILE,,
Aneumastus,Genera,Aneumastus,,1,2,FALSE,,,,,,,benthic,benthic (many possible substrates),,,,,,,,,
Aneumastus pseudotusculus,Species,Aneumastus,Aneumastus pseudotusculus,1,3,FALSE,,,,,,,benthic,benthic (many possible substrates),,,,,,NON_N_FIXER,MODERATELY_MOTILE,HIGHLY_MOTILE.1,
Aneumastus tusculus,Species,Aneumastus,Aneumastus tusculus,18,3,FALSE,,,,,,,benthic,benthic (many possible substrates),,,,,,NON_N_FIXER,MODERATELY_MOTILE,HIGHLY_MOTILE.1,
Anomoeoneis,Genera,Anomoeoneis,,17,6,FALSE,,,,,,,benthic,benthic (many possible substrates),,,,,,NON_N_FIXER,MODERATELY_MOTILE,HIGHLY_MOTILE.1,
Anomoeoneis brachysira,Species,Anomoeoneis,Anomoeoneis brachysira,4,24,FALSE,,,,,,,benthic,benthic (many possible substrates),SMALL,,,,,NON_N_FIXER,MODERATELY_MOTILE,HIGHLY_MOTILE.1,
Anomoeoneis sculpta,Species,Anomoeoneis,Anomoeoneis sculpta,1,2,FALSE,,,,,,,benthic,benthic (many possible substrates),MEDIUM,,,,,NON_N_FIXER,MODERATELY_MOTILE,HIGHLY_MOTILE.1,
Anomoeoneis serians var. acuta,Variety,Anomoeoneis,Anomoeoneis serians,30,164,FALSE,,,,,,,benthic,benthic (many possible substrates),,,,,,NON_N_FIXER,MODERATELY_MOTILE,HIGHLY_MOTILE.1,
Anomoeoneis sp. 2 PIRLA,Species/Dataset,Anomoeoneis,Anomoeoneis sp. 2 PIRLA,3,8,FALSE,,,,,,,,,,,,,,,,,
Anomoeoneis sp. 3 PIRLA,Species/Dataset,Anomoeoneis,Anomoeoneis sp. 3 PIRLA,1,3,FALSE,,,,,,,,,,,,,,,,,
Anomoeoneis sphaerophora,Species,Anomoeoneis,Anomoeoneis sphaerophora,1,1,FALSE,,,,,,,,,,,,,,,,,
Anomoeoneis zellensis fo. difficilis,Variety,Anomoeoneis,Anomoeoneis zellensis,2,7,FALSE,,,,,,,benthic,benthic (many possible substrates),,,,,,NON_N_FIXER,MODERATELY_MOTILE,HIGHLY_MOTILE.1,
Astartiella bahusiensis,Species,Astartiella,Astartiella bahusiensis,2,4,FALSE,,,,,,,,,,,,,,,,,
Asterionalla ralfsii var. americana,Variety,Asterionalla,Asterionalla ralfsii,9,192,FALSE,,,,,,,,,,,,,,,,,
Asterionella,Genera,Asterionella,,6,41,FALSE,4,4_better,IV_better,,neutral,,planktonic,planktonic,SMALL,,,,,NON_N_FIXER,NON_MOTILE,ARAPHID,
Asterionella formosa,Species,Asterionella,Asterionella formosa,1161,15128,FALSE,4,4_better,IV_better,,alkali,,planktonic,planktonic,SMALL,meso-eutra,TROPHIC_4,,,NON_N_FIXER,NON_MOTILE,ARAPHID,
Asterionella formosa var. gracillima,Variety,Asterionella,Asterionella formosa,2,7,FALSE,,,,,,,planktonic,planktonic,SMALL,,,,,NON_N_FIXER,NON_MOTILE,ARAPHID,
Asterionella ralfsii,Species,Asterionella,Asterionella ralfsii,23,200,FALSE,4,4_better,IV_better,,acid,,planktonic,planktonic,SMALL,,,,,NON_N_FIXER,NON_MOTILE,ARAPHID,
Asterionella ralfsii var. americana,Variety,Asterionella,Asterionella ralfsii,283,8755,FALSE,4,4_better,IV_better,,acid,TRUE,planktonic,planktonic,SMALL,,,,,NON_N_FIXER,NON_MOTILE,ARAPHID,
Asterionella ralfsii var. americana (<45 µm),Variety/Size,Asterionella,Asterionalla ralfsii,24,2371,FALSE,,,,,acid,TRUE,,,,,,,,,,,
Asterionella ralfsii var. americana (>45 µm),Variety/Size,Asterionella,Asterionalla ralfsii,106,2635,FALSE,,,,,acid,TRUE,,,,,,,,,,,
Aulacoseira,Genera,Aulacoseira,,211,679,FALSE,4,4_middle,IV_middle,,neutral,,mostlyplanktonic,mostly planktonic,,,,,,NON_N_FIXER,NON_MOTILE,,
Aulacoseira alpigena,Species,Aulacoseira,Aulacoseira alpigena,175,711,FALSE,3,,III,,neutral,,mostlyplanktonic,mostly planktonic,VERY SMALL,,,,,NON_N_FIXER,NON_MOTILE,,
Aulacoseira alpigena/A. subborealis/A. sp. 3 NE Lakes,Species/Slash/Dataset,Aulacoseira,,4,5,FALSE,,,,,,,,,,,,,,,,,
Aulacoseira ambigua,Species,Aulacoseira,Aulacoseira ambigua,1193,25597,FALSE,4,4_middle,IV_middle,,alkali,,mostlyplanktonic,mostly planktonic,SMALL,eutra,TROPHIC_5,,,NON_N_FIXER,NON_MOTILE,,
Aulacoseira canadensis,Species,Aulacoseira,Aulacoseira canadensis,2,3,FALSE,,,,,,,mostlyplanktonic,mostly planktonic,SMALL,,,,,NON_N_FIXER,NON_MOTILE,,
Aulacoseira cf. goetzeana,Variety,Aulacoseira,Aulacoseira cf. goetzeana,2,8,FALSE,,,,,,,mostlyplanktonic,mostly planktonic,,,,,,NON_N_FIXER,NON_MOTILE,,
Aulacoseira coroniformis,Species,Aulacoseira,Aulacoseira coroniformis,11,29,FALSE,,,,,,,mostlyplanktonic,mostly planktonic,,,,,,NON_N_FIXER,NON_MOTILE,,
Aulacoseira crassipunctata,Species,Aulacoseira,Aulacoseira crassipunctata,220,2976,FALSE,4,4_middle,IV_middle,,acid,,mostlyplanktonic,mostly planktonic,SMALL,,,,,NON_N_FIXER,NON_MOTILE,,
Aulacoseira crenulata,Species,Aulacoseira,Aulacoseira crenulata,4,113,FALSE,,,,,,,mostlyplanktonic,mostly planktonic,,,,,,NON_N_FIXER,NON_MOTILE,,
Aulacoseira distans,Species,Aulacoseira,Aulacoseira distans,455,3293,FALSE,4,4_better,IV_better,,acid,,mostlyplanktonic,mostly planktonic,SMALL,oligo,TROPHIC_1,,,NON_N_FIXER,NON_MOTILE,,
Aulacoseira distans var. Africana,Variety,Aulacoseira,Aulacoseira distans,1,5,FALSE,,,,,,,mostlyplanktonic,mostly planktonic,,,,,,NON_N_FIXER,NON_MOTILE,,
Aulacoseira granulata,Species,Aulacoseira,Aulacoseira granulata,206,1964,FALSE,5,,V,high,hialkali,,mostlyplanktonic,mostly planktonic,SMALL,eutra,TROPHIC_5,HIGH_P,HIGH_N,NON_N_FIXER,NON_MOTILE,,
Aulacoseira granulata var. angustissima,Variety,Aulacoseira,Aulacoseira granulata,80,523,FALSE,4,4_worse,IV_worse,,,,mostlyplanktonic,mostly planktonic,SMALL,eutra,TROPHIC_5,HIGH_P,HIGH_N,NON_N_FIXER,NON_MOTILE,,
Aulacoseira granulata var. valida,Variety,Aulacoseira,Aulacoseira granulata,1,7,FALSE,,,,,,,mostlyplanktonic,mostly planktonic,SMALL,,,,,NON_N_FIXER,NON_MOTILE,,
Aulacoseira herzogii,Species,Aulacoseira,Aulacoseira herzogii,5,3,FALSE,,,,,,,mostlyplanktonic,mostly planktonic,SMALL,,,,,NON_N_FIXER,NON_MOTILE,,
Aulacoseira humilis,Species,Aulacoseira,Aulacoseira humilis,138,343,FALSE,4,4_better,IV_better,,acid,,mostlyplanktonic,mostly planktonic,,,,,,NON_N_FIXER,NON_MOTILE,,
Aulacoseira imparis,Species,Aulacoseira,Aulacoseira imparis,4,9,FALSE,,,,,,,mostlyplanktonic,mostly planktonic,,,,,,NON_N_FIXER,NON_MOTILE,,
Aulacoseira islandica,Species,Aulacoseira,Aulacoseira islandica,4,7,FALSE,,,,,,,mostlyplanktonic,mostly planktonic,SMALL,indiff,TROPHIC_7,,,NON_N_FIXER,NON_MOTILE,,
Aulacoseira italica,Species,Aulacoseira,Aulacoseira italica,206,3082,FALSE,4,4_middle,IV_middle,,alkali,,mostlyplanktonic,mostly planktonic,SMALL,meso-eutra,TROPHIC_4,,,NON_N_FIXER,NON_MOTILE,,
Aulacoseira italica var. tenuissima,Variety,Aulacoseira,Aulacoseira italica,1,6,FALSE,,,,,,,mostlyplanktonic,mostly planktonic,SMALL,meso-eutra,TROPHIC_4,,,NON_N_FIXER,NON_MOTILE,,
Aulacoseira lacustris,Species,Aulacoseira,Aulacoseira lacustris,183,633,FALSE,4,4_better,IV_better,,acid,,mostlyplanktonic,mostly planktonic,SMALL,,,,,NON_N_FIXER,NON_MOTILE,,
Aulacoseira laevissima,Species,Aulacoseira,Aulacoseira laevissima,28,148,FALSE,,,,,,,mostlyplanktonic,mostly planktonic,,,,,,NON_N_FIXER,NON_MOTILE,,
Aulacoseira lirata,Species,Aulacoseira,Aulacoseira lirata,647,4796,FALSE,3,,III,low,acid,,mostlyplanktonic,mostly planktonic,SMALL,,,,,NON_N_FIXER,NON_MOTILE,,
Aulacoseira lirata var. biseriata,Variety,Aulacoseira,Aulacoseira lirata,133,588,FALSE,,,,,,,mostlyplanktonic,mostly planktonic,SMALL,,,,,NON_N_FIXER,NON_MOTILE,,
Aulacoseira muzzanensis,Species,Aulacoseira,Aulacoseira muzzanensis,16,66,FALSE,,,,,,,mostlyplanktonic,mostly planktonic,MEDIUM,,,,,NON_N_FIXER,NON_MOTILE,,
Aulacoseira nivalis,Species,Aulacoseira,Aulacoseira nivalis,203,1109,FALSE,3,,III,low,acid,,mostlyplanktonic,mostly planktonic,SMALL,,,,,NON_N_FIXER,NON_MOTILE,,
Aulacoseira nivaloides,Species,Aulacoseira,Aulacoseira nivaloides,402,1062,FALSE,3,,III,low,acid,,mostlyplanktonic,mostly planktonic,SMALL,,,,,NON_N_FIXER,NON_MOTILE,,
Aulacoseira nygaardii,Species,Aulacoseira,Aulacoseira nygaardii,397,1175,FALSE,3,,III,,acid,,mostlyplanktonic,mostly planktonic,SMALL,,,,,NON_N_FIXER,NON_MOTILE,,
Aulacoseira perglabra,Species,Aulacoseira,Aulacoseira perglabra,210,1384,FALSE,3,,III,low,acid,,mostlyplanktonic,mostly planktonic,SMALL,,,,,NON_N_FIXER,NON_MOTILE,,
Aulacoseira perglabra var. florinae,Variety,Aulacoseira,Aulacoseira perglabra,378,1371,FALSE,3,,III,low,acid,,mostlyplanktonic,mostly planktonic,SMALL,,,,,NON_N_FIXER,NON_MOTILE,,
Aulacoseira pfaffiana,Species,Aulacoseira,Aulacoseira pfaffiana,83,600,FALSE,,,,,,,mostlyplanktonic,mostly planktonic,SMALL,,,,,NON_N_FIXER,NON_MOTILE,,
Aulacoseira pseudoamericana,Species,Aulacoseira,Aulacoseira pseudoamericana,16,114,FALSE,,,,,,,mostlyplanktonic,mostly planktonic,,,,,,NON_N_FIXER,NON_MOTILE,,
Aulacoseira pusilla,Species,Aulacoseira,Aulacoseira pusilla,72,925,FALSE,4,4_better,IV_better,,alkali,,mostlyplanktonic,mostly planktonic,SMALL,,,,,NON_N_FIXER,NON_MOTILE,,
Aulacoseira solida,Species,Aulacoseira,Aulacoseira solida,1,2,FALSE,,,,,,,,,,,,,,,,,
Aulacoseira sp. 1 NE Lakes,Species/Dataset,Aulacoseira,Aulacoseira sp. 1 NE Lakes,33,89,FALSE,,,,,,,mostlyplanktonic,mostly planktonic,,,,,,NON_N_FIXER,NON_MOTILE,,
Aulacoseira sp. 1 NLS EAM,Species/Dataset,Aulacoseira,Aulacoseira sp. 1 NLS EAM,4,27,FALSE,,,,,,,,,,,,,,,,,
Aulacoseira sp. 1 VTEC Lakes,Species/Dataset,Aulacoseira,Aulacoseira sp. 1 VTEC Lakes,15,6,FALSE,,,,,,,,,,,,,,,,,
Aulacoseira sp. 10 NE Lakes,Species/Dataset,Aulacoseira,Aulacoseira sp. 10 NE Lakes,15,41,FALSE,,,,,,,mostlyplanktonic,mostly planktonic,SMALL,,,,,NON_N_FIXER,NON_MOTILE,,
Aulacoseira sp. 11 NE Lakes,Species/Dataset,Aulacoseira,Aulacoseira sp. 11 NE Lakes,2,1,FALSE,,,,,,,mostlyplanktonic,mostly planktonic,,,,,,NON_N_FIXER,NON_MOTILE,,
Aulacoseira sp. 13 NE Lakes,Species/Dataset,Aulacoseira,Aulacoseira sp. 13 NE Lakes,1,2,FALSE,,,,,,,,,,,,,,,,,
Aulacoseira sp. 2 NE Lakes,Species/Dataset,Aulacoseira,Aulacoseira sp. 2 NE Lakes,1,47,FALSE,,,,,,,mostlyplanktonic,mostly planktonic,,,,,,NON_N_FIXER,NON_MOTILE,,
Aulacoseira sp. 2 VTEC Lakes,Species/Dataset,Aulacoseira,Aulacoseira sp. 2 VTEC Lakes,1,2,FALSE,,,,,,,,,,,,,,,,,
Aulacoseira sp. 3 NE Lakes,Species/Dataset,Aulacoseira,Aulacoseira sp. 3 NE Lakes,1,2,FALSE,,,,,,,,,,,,,,,,,
Aulacoseira sp. 4 NE Lakes,Species/Dataset,Aulacoseira,Aulacoseira sp. 4 NE Lakes,16,19,FALSE,,,,,,,mostlyplanktonic,mostly planktonic,VERY SMALL,,,,,NON_N_FIXER,NON_MOTILE,,
Aulacoseira sp. 4 VTEC Lakes,Species/Dataset,Aulacoseira,Aulacoseira sp. 4 VTEC Lakes,1,3,FALSE,,,,,,,,,,,,,,,,,
Aulacoseira sp. 5 NE Lakes,Species/Dataset,Aulacoseira,Aulacoseira sp. 5 NE Lakes,2,5,FALSE,,,,,,,mostlyplanktonic,mostly planktonic,,,,,,NON_N_FIXER,NON_MOTILE,,
Aulacoseira sp. 501 NE Lakes,Species/Dataset,Aulacoseira,Aulacoseira sp. 501 NE Lakes,1,2,FALSE,,,,,,,mostlyplanktonic,mostly planktonic,,,,,,NON_N_FIXER,NON_MOTILE,,
Aulacoseira sp. 6 NE Lakes,Species/Dataset,Aulacoseira,Aulacoseira sp. 6 NE Lakes,1,1,FALSE,,,,,,,,,,,,,,,,,
Aulacoseira sp. 7 NE Lakes,Species/Dataset,Aulacoseira,Aulacoseira sp. 7 NE Lakes,1,1,FALSE,,,,,,,,,,,,,,,,,
Aulacoseira sp. 8 NE Lakes,Species/Dataset,Aulacoseira,Aulacoseira sp. 8 NE Lakes,13,14,FALSE,,,,,,,mostlyplanktonic,mostly planktonic,,,,,,NON_N_FIXER,NON_MOTILE,,
Aulacoseira sp. 9 NE Lakes,Species/Dataset,Aulacoseira,Aulacoseira sp. 9 NE Lakes,1,6,FALSE,,,,,,,mostlyplanktonic,mostly planktonic,,,,,,NON_N_FIXER,NON_MOTILE,,
Aulacoseira sp. 9 PIRLA,Species/Dataset,Aulacoseira,Aulacoseira sp. 9 PIRLA,4,14,FALSE,,,,,,,,,,,,,,,,,
Aulacoseira subarctica,Species,Aulacoseira,Aulacoseira subarctica,499,7671,FALSE,3,,III,,alkali,,mostlyplanktonic,mostly planktonic,SMALL,,,,,NON_N_FIXER,NON_MOTILE,,
Aulacoseira subborealis,Species,Aulacoseira,Aulacoseira subborealis,92,412,FALSE,4,4_middle,IV_middle,,alkali,,mostlyplanktonic,mostly planktonic,SMALL,,,,,NON_N_FIXER,NON_MOTILE,,
Aulacoseira tenella,Species,Aulacoseira,Aulacoseira tenella,685,5308,FALSE,4,4_better,IV_better,low,acid,,mostlyplanktonic,mostly planktonic,SMALL,,,,,NON_N_FIXER,NON_MOTILE,,
Aulacoseira valida,Species,Aulacoseira,Aulacoseira valida,158,151,FALSE,4,4_better,IV_better,,neutral,,mostlyplanktonic,mostly planktonic,SMALL,,,,,NON_N_FIXER,NON_MOTILE,,
Bacillaria paxillifera,Species,Bacillaria,Bacillaria paxillifera,30,36,FALSE,5,,V,high,,,benthic,benthic (many possible substrates),MEDIUM,,,HIGH_P,,NON_N_FIXER,HIGHLY_MOTILE,,
Bacillariophyta,Genera,Bacillariophyta,,7,6,FALSE,,,,,,,benthic,benthic (many possible substrates),,,,,,,,,
Brachysira,Genera,Brachysira,,38,16,FALSE,4,4_better,IV_better,,acid,,benthic,benthic (many possible substrates),SMALL,,,,,NON_N_FIXER,MODERATELY_MOTILE,HIGHLY_MOTILE.1,
Brachysira apiculata,Species,Brachysira,Brachysira apiculata,5,11,FALSE,,,,,,,benthic,benthic (many possible substrates),SMALL,,,,,NON_N_FIXER,MODERATELY_MOTILE,HIGHLY_MOTILE.1,
Brachysira aponina,Species,Brachysira,Brachysira aponina,4,42,FALSE,,,,,,,benthic,benthic (many possible substrates),SMALL,,,,,NON_N_FIXER,MODERATELY_MOTILE,HIGHLY_MOTILE.1,
Brachysira brebissonii,Species,Brachysira,Brachysira brebissonii,659,1796,FALSE,3,,III,low,acid,,benthic,benthic (many possible substrates),SMALL,,,LOW_P,LOW_N,NON_N_FIXER,MODERATELY_MOTILE,HIGHLY_MOTILE.1,
Brachysira elliptica,Species,Brachysira,Brachysira elliptica,3,15,FALSE,,,,,,,benthic,benthic (many possible substrates),SMALL,,,,,NON_N_FIXER,MODERATELY_MOTILE,HIGHLY_MOTILE.1,
Brachysira follis,Species,Brachysira,Brachysira follis,80,54,FALSE,3,,III,low,acid,,benthic,benthic (many possible substrates),SMALL,,,,,NON_N_FIXER,MODERATELY_MOTILE,HIGHLY_MOTILE.1,
Brachysira garrensis,Species,Brachysira,Brachysira garrensis,54,99,FALSE,4,4_middle,IV_middle,,,,benthic,benthic (many possible substrates),SMALL,,,,,NON_N_FIXER,MODERATELY_MOTILE,HIGHLY_MOTILE.1,
Brachysira gravida,Species,Brachysira,Brachysira gravida,2,10,FALSE,,,,,,,benthic,benthic (many possible substrates),SMALL,,,,,NON_N_FIXER,MODERATELY_MOTILE,HIGHLY_MOTILE.1,
Brachysira hannae,Species,Brachysira,Brachysira hannae,2,3,FALSE,,,,,,,,,,,,,,,,,
Brachysira intermedia,Species,Brachysira,Brachysira intermedia,156,583,FALSE,3,,III,low,acid,,benthic,benthic (many possible substrates),SMALL,,,,,NON_N_FIXER,MODERATELY_MOTILE,HIGHLY_MOTILE.1,
Brachysira microcephala,Species,Brachysira,Brachysira microcephala,486,1165,FALSE,4,4_better,IV_better,low,alkali,,benthic,benthic (many possible substrates),SMALL,,,LOW_P,LOW_N,NON_N_FIXER,MODERATELY_MOTILE,HIGHLY_MOTILE.1,
Brachysira neoacuta,Species,Brachysira,Brachysira neoacuta,15,44,FALSE,,,,,,,benthic,benthic (many possible substrates),SMALL,,,,,NON_N_FIXER,MODERATELY_MOTILE,HIGHLY_MOTILE.1,
Brachysira ocalanensis,Species,Brachysira,Brachysira ocalanensis,11,23,FALSE,,,,,,,benthic,benthic (many possible substrates),SMALL,,,,,NON_N_FIXER,MODERATELY_MOTILE,HIGHLY_MOTILE.1,
Brachysira procera,Species,Brachysira,Brachysira procera,48,80,FALSE,4,4_better,IV_better,,acid,,benthic,benthic (many possible substrates),SMALL,,,,,NON_N_FIXER,MODERATELY_MOTILE,HIGHLY_MOTILE.1,
Brachysira serians,Species,Brachysira,Brachysira serians,145,255,FALSE,3,,III,low,acid,,benthic,benthic (many possible substrates),SMALL,oligo,TROPHIC_1,,,NON_N_FIXER,MODERATELY_MOTILE,HIGHLY_MOTILE.1,
Brachysira sp. 1 NE Lakes,Species/Dataset,Brachysira,Brachysira sp. 1 NE Lakes,16,46,FALSE,,,,,,,benthic,benthic (many possible substrates),SMALL,,,,,NON_N_FIXER,MODERATELY_MOTILE,HIGHLY_MOTILE.1,
Brachysira sp. 2 NE Lakes,Species/Dataset,Brachysira,Brachysira sp. 2 NE Lakes,2,8,FALSE,,,,,,,benthic,benthic (many possible substrates),SMALL,,,,,NON_N_FIXER,MODERATELY_MOTILE,HIGHLY_MOTILE.1,
Brachysira sp. 3 NE Lakes,Species/Dataset,Brachysira,Brachysira sp. 3 NE Lakes,1,1,FALSE,,,,,,,benthic,benthic (many possible substrates),SMALL,,,,,NON_N_FIXER,MODERATELY_MOTILE,HIGHLY_MOTILE.1,
Brachysira sp. 4 NE Lakes,Species/Dataset,Brachysira,Brachysira sp. 4 NE Lakes,15,66,FALSE,,,,,,,benthic,benthic (many possible substrates),SMALL,,,,,NON_N_FIXER,MODERATELY_MOTILE,HIGHLY_MOTILE.1,
Brachysira sp. 5 NE Lakes,Species/Dataset,Brachysira,Brachysira sp. 5 NE Lakes,2,4,FALSE,,,,,,,benthic,benthic (many possible substrates),SMALL,,,,,NON_N_FIXER,MODERATELY_MOTILE,HIGHLY_MOTILE.1,
Brachysira sp. 501 NE Lakes,Species/Dataset,Brachysira,Brachysira sp. 501 NE Lakes,1,1,FALSE,,,,,,,benthic,benthic (many possible substrates),SMALL,,,,,NON_N_FIXER,MODERATELY_MOTILE,HIGHLY_MOTILE.1,
Brachysira sp. 6 NE Lakes,Species/Dataset,Brachysira,Brachysira sp. 6 NE Lakes,29,80,FALSE,,,,,,,benthic,benthic (many possible substrates),SMALL,,,,,NON_N_FIXER,MODERATELY_MOTILE,HIGHLY_MOTILE.1,
Brachysira styriaca,Species,Brachysira,Brachysira styriaca,76,31,FALSE,,,,,,,benthic,benthic (many possible substrates),SMALL,,,,,NON_N_FIXER,MODERATELY_MOTILE,HIGHLY_MOTILE.1,
Brachysira vitrea,Species,Brachysira,Brachysira vitrea,579,2780,FALSE,4,4_better,IV_better,,acid,,benthic,benthic (many possible substrates),SMALL,oligo-meso,TROPHIC_2,,,NON_N_FIXER,MODERATELY_MOTILE,HIGHLY_MOTILE.1,
Brachysira wygaschii,Species,Brachysira,Brachysira wygaschii,2,1,FALSE,,,,,,,benthic,benthic (many possible substrates),SMALL,,,,,NON_N_FIXER,MODERATELY_MOTILE,HIGHLY_MOTILE.1,
Brachysira zellensis,Species,Brachysira,Brachysira zellensis,3,3,FALSE,,,,,,,benthic,benthic (many possible substrates),SMALL,,,,,NON_N_FIXER,MODERATELY_MOTILE,HIGHLY_MOTILE.1,
Brevisira arentii,Species,Brevisira,Brevisira arentii,38,47,FALSE,,,,,,,planktonic,planktonic,VERY SMALL,,,,,NON_N_FIXER,NON_MOTILE,,
Caloneis,Genera,Caloneis,,79,25,FALSE,4,4_middle,IV_middle,,alkali,,benthic,benthic (many possible substrates),,,,,,NON_N_FIXER,MODERATELY_MOTILE,HIGHLY_MOTILE.1,
Caloneis amphisbaena,Species,Caloneis,Caloneis amphisbaena,1,1,FALSE,,,,,,,,,,,,,,,,,
Caloneis bacillum,Species,Caloneis,Caloneis bacillum,111,34,FALSE,4,4_middle,IV_middle,,alkali,,benthic,benthic (many possible substrates),SMALL,meso-eutra,TROPHIC_4,,,NON_N_FIXER,MODERATELY_MOTILE,HIGHLY_MOTILE.1,
Caloneis bacillum var. fontinalis,Variety,Caloneis,Caloneis bacillum,9,6,FALSE,,,,,,,benthic,benthic (many possible substrates),MEDIUM,,,,,NON_N_FIXER,MODERATELY_MOTILE,HIGHLY_MOTILE.1,
Caloneis branderii,Species,Caloneis,Caloneis branderii,2,6,FALSE,,,,,,,benthic,benthic (many possible substrates),SMALL,,,,,NON_N_FIXER,MODERATELY_MOTILE,HIGHLY_MOTILE.1,
Caloneis hyalina,Species,Caloneis,Caloneis hyalina,2,3,FALSE,,,,,,,,,,,,,,,,,
Caloneis lancettula,Species,Caloneis,Caloneis lancettula,5,3,FALSE,,,,,,,benthic,benthic (many possible substrates),SMALL,meso-eutra,TROPHIC_4,,,NON_N_FIXER,MODERATELY_MOTILE,HIGHLY_MOTILE.1,
Caloneis lauta,Species,Caloneis,Caloneis lauta,6,10,FALSE,,,,,,,benthic,benthic (many possible substrates),MEDIUM,,,,,NON_N_FIXER,MODERATELY_MOTILE,HIGHLY_MOTILE.1,
Caloneis leptosoma,Species,Caloneis,Caloneis leptosoma,1,2,FALSE,,,,,,,,,,,,,,,,,
Caloneis lewisii,Species,Caloneis,Caloneis lewisii,12,3,FALSE,,,,,,,benthic,benthic (many possible substrates),MEDIUM,,,,,NON_N_FIXER,MODERATELY_MOTILE,HIGHLY_MOTILE.1,
Caloneis lewisii var. inflata,Variety,Caloneis,Caloneis lewisii,1,2,FALSE,,,,,,,benthic,benthic (many possible substrates),MEDIUM,,,,,NON_N_FIXER,MODERATELY_MOTILE,HIGHLY_MOTILE.1,
Caloneis pulchra,Species,Caloneis,Caloneis pulchra,2,1,FALSE,,,,,,,,,,,,,,,,,
Caloneis schroederi,Species,Caloneis,Caloneis schroederi,1,1,FALSE,,,,,,,,,,,,,,,,,
Caloneis schumanniana,Species,Caloneis,Caloneis schumanniana,10,6,FALSE,,,,,,,benthic,benthic (many possible substrates),MEDIUM,meso,TROPHIC_3,,,NON_N_FIXER,MODERATELY_MOTILE,HIGHLY_MOTILE.1,
Caloneis schumanniana var. biconstricta,Variety,Caloneis,Caloneis schumanniana,7,6,FALSE,,,,,,,benthic,benthic (many possible substrates),MEDIUM,meso,TROPHIC_3,,,NON_N_FIXER,MODERATELY_MOTILE,HIGHLY_MOTILE.1,
Caloneis silicula,Species,Caloneis,Caloneis silicula,65,25,FALSE,,,,,,,benthic,benthic (many possible substrates),SMALL,meso-eutra,TROPHIC_4,,,NON_N_FIXER,MODERATELY_MOTILE,HIGHLY_MOTILE.1,
Caloneis sp. 1 NE Lakes,Species/Dataset,Caloneis,Caloneis sp. 1 NE Lakes,14,17,FALSE,,,,,,,benthic,benthic (many possible substrates),SMALL,,,,,NON_N_FIXER,MODERATELY_MOTILE,HIGHLY_MOTILE.1,
Caloneis sp. 10 NE Lakes,Species/Dataset,Caloneis,Caloneis sp. 10 NE Lakes,5,7,FALSE,,,,,,,benthic,benthic (many possible substrates),,,,,,NON_N_FIXER,MODERATELY_MOTILE,HIGHLY_MOTILE.1,
Caloneis sp. 11 NE Lakes,Species/Dataset,Caloneis,Caloneis sp. 11 NE Lakes,9,7,FALSE,,,,,,,benthic,benthic (many possible substrates),,,,,,NON_N_FIXER,MODERATELY_MOTILE,HIGHLY_MOTILE.1,
Caloneis sp. 13 NE Lakes,Species/Dataset,Caloneis,Caloneis sp. 13 NE Lakes,1,2,FALSE,,,,,,,benthic,benthic (many possible substrates),,,,,,NON_N_FIXER,MODERATELY_MOTILE,HIGHLY_MOTILE.1,
Caloneis sp. 14 NE Lakes,Species/Dataset,Caloneis,Caloneis sp. 14 NE Lakes,15,15,FALSE,,,,,,,benthic,benthic (many possible substrates),,,,,,NON_N_FIXER,MODERATELY_MOTILE,HIGHLY_MOTILE.1,
Caloneis sp. 2 NE Lakes,Species/Dataset,Caloneis,Caloneis sp. 2 NE Lakes,3,2,FALSE,,,,,,,benthic,benthic (many possible substrates),,,,,,NON_N_FIXER,MODERATELY_MOTILE,HIGHLY_MOTILE.1,
Caloneis sp. 3 NE Lakes,Species/Dataset,Caloneis,Caloneis sp. 3 NE Lakes,9,7,FALSE,,,,,,,benthic,benthic (many possible substrates),,,,,,NON_N_FIXER,MODERATELY_MOTILE,HIGHLY_MOTILE.1,
Caloneis sp. 4 NE Lakes,Species/Dataset,Caloneis,Caloneis sp. 4 NE Lakes,1,2,FALSE,,,,,,,benthic,benthic (many possible substrates),,,,,,NON_N_FIXER,MODERATELY_MOTILE,HIGHLY_MOTILE.1,
Caloneis sp. 5 NE Lakes,Species/Dataset,Caloneis,Caloneis sp. 5 NE Lakes,3,3,FALSE,,,,,,,benthic,benthic (many possible substrates),,,,,,NON_N_FIXER,MODERATELY_MOTILE,HIGHLY_MOTILE.1,
Caloneis sp. 6 NE Lakes,Species/Dataset,Caloneis,Caloneis sp. 6 NE Lakes,1,1,FALSE,,,,,,,benthic,benthic (many possible substrates),,,,,,NON_N_FIXER,MODERATELY_MOTILE,HIGHLY_MOTILE.1,
Caloneis sp. 7 NE Lakes,Species/Dataset,Caloneis,Caloneis sp. 7 NE Lakes,3,3,FALSE,,,,,,,,,,,,,,,,,
Caloneis sp. 8 NE Lakes,Species/Dataset,Caloneis,Caloneis sp. 8 NE Lakes,1,1,FALSE,,,,,,,benthic,benthic (many possible substrates),,,,,,NON_N_FIXER,MODERATELY_MOTILE,HIGHLY_MOTILE.1,
Caloneis sp. 9 NE Lakes,Species/Dataset,Caloneis,Caloneis sp. 9 NE Lakes,6,7,FALSE,,,,,,,benthic,benthic (many possible substrates),,,,,,NON_N_FIXER,MODERATELY_MOTILE,HIGHLY_MOTILE.1,
Caloneis tenuis,Species,Caloneis,Caloneis tenuis,19,6,FALSE,,,,,,,benthic,benthic (many possible substrates),SMALL,meso,TROPHIC_3,,,NON_N_FIXER,MODERATELY_MOTILE,HIGHLY_MOTILE.1,
Caloneis thermalis,Species,Caloneis,Caloneis thermalis,1,2,FALSE,,,,,,,,,,,,,,,,,
Caloneis undulata,Species,Caloneis,Caloneis undulata,46,10,FALSE,,,,,,,benthic,benthic (many possible substrates),,oligo,TROPHIC_1,,,NON_N_FIXER,MODERATELY_MOTILE,HIGHLY_MOTILE.1,
Caloneis ventricosa,Species,Caloneis,Caloneis ventricosa,86,21,FALSE,3,,III,low,acid,,benthic,benthic (many possible substrates),,,,,,NON_N_FIXER,MODERATELY_MOTILE,HIGHLY_MOTILE.1,
Caloneis ventricosa var. minuta,Variety,Caloneis,Caloneis ventricosa,2,3,FALSE,,,,,,,benthic,benthic (many possible substrates),SMALL,,,,,NON_N_FIXER,MODERATELY_MOTILE,HIGHLY_MOTILE.1,
Caloneis ventricosa var. subundulata,Variety,Caloneis,Caloneis ventricosa,4,6,FALSE,,,,,,,benthic,benthic (many possible substrates),MEDIUM,,,,,NON_N_FIXER,MODERATELY_MOTILE,HIGHLY_MOTILE.1,
Caloneis ventricosa var. truncatula,Variety,Caloneis,Caloneis ventricosa,6,3,FALSE,,,,,,,benthic,benthic (many possible substrates),MEDIUM,,,,,NON_N_FIXER,MODERATELY_MOTILE,HIGHLY_MOTILE.1,
Campylodiscus hibernicus,Species,Campylodiscus,Campylodiscus hibernicus,1,1,FALSE,,,,,,,benthic,benthic (many possible substrates),VERY_BIG,oligo,TROPHIC_1,,,NON_N_FIXER,HIGHLY_MOTILE,HIGHLY_MOTILE.1,
Campylostylus normannianus,Species,Campylostylus,Campylostylus normannianus,1,1,FALSE,,,,,,,,,,,,,,,,,
Capartogramma crucicula,Species,Capartogramma,Capartogramma crucicula,8,3,FALSE,,,,,,,benthic,benthic (many possible substrates),SMALL,,,HIGH_P,,NON_N_FIXER,MODERATELY_MOTILE,HIGHLY_MOTILE.1,
Cavinula,Genera,Cavinula,,1,1,FALSE,4,4_better,IV_better,,neutral,,benthic,benthic (many possible substrates),,,,,,,,,
Cavinula cocconeiformis,Species,Cavinula,Cavinula cocconeiformis,292,28,FALSE,3,,III,low,acid,,benthic,benthic (many possible substrates),SMALL,oligo-meso,TROPHIC_2,,,NON_N_FIXER,SLIGHTLY_MOTILE,HIGHLY_MOTILE.1,
Cavinula cocconeiformis f. elliptica,Variety,Cavinula,Cavinula cocconeiformis,5,8,FALSE,,,,,,,benthic,benthic (many possible substrates),SMALL,oligo-meso,TROPHIC_2,,,NON_N_FIXER,SLIGHTLY_MOTILE,HIGHLY_MOTILE.1,
Cavinula cocconeiformis Morphotype 1,Variety,Cavinula,Cavinula cocconeiformis,59,21,FALSE,3,,III,low,neutral,,benthic,benthic (many possible substrates),SMALL,oligo-meso,TROPHIC_2,,,NON_N_FIXER,SLIGHTLY_MOTILE,HIGHLY_MOTILE.1,
Cavinula cocconeiformis Morphotype 2,Variety,Cavinula,Cavinula cocconeiformis,31,22,FALSE,,,,,,,benthic,benthic (many possible substrates),SMALL,oligo-meso,TROPHIC_2,,,NON_N_FIXER,SLIGHTLY_MOTILE,HIGHLY_MOTILE.1,
Cavinula jaernefeltii,Species,Cavinula,Cavinula jaernefeltii,48,21,FALSE,,,,,,,benthic,benthic (many possible substrates),SMALL,oligo-meso,TROPHIC_2,,,NON_N_FIXER,MODERATELY_MOTILE,HIGHLY_MOTILE.1,
Cavinula lapidosa,Species,Cavinula,Cavinula lapidosa,12,14,FALSE,,,,,,,benthic,benthic (many possible substrates),SMALL,,,,LOW_N,NON_N_FIXER,MODERATELY_MOTILE,HIGHLY_MOTILE.1,
Cavinula pseudoscutiformis,Species,Cavinula,Cavinula pseudoscutiformis,335,41,FALSE,3,,III,,neutral,,benthic,benthic (many possible substrates),SMALL,meso-eutra,TROPHIC_4,,,NON_N_FIXER,SLIGHTLY_MOTILE,HIGHLY_MOTILE.1,
Cavinula scutelloides,Species,Cavinula,Cavinula scutelloides,13,12,FALSE,,,,,,,benthic,benthic (many possible substrates),SMALL,eutra,TROPHIC_5,,,NON_N_FIXER,MODERATELY_MOTILE,HIGHLY_MOTILE.1,
Cavinula scutiformis,Species,Cavinula,Cavinula scutiformis,7,3,FALSE,,,,,,,benthic,benthic (many possible substrates),SMALL,,,,,NON_N_FIXER,MODERATELY_MOTILE,HIGHLY_MOTILE.1,
Cavinula sp. 1 NE Lakes,Species/Dataset,Cavinula,Cavinula sp. 1 NE Lakes,11,3,FALSE,,,,,,,benthic,benthic (many possible substrates),,,,,,,,,
Cavinula variostriata,Species,Cavinula,Cavinula variostriata,2,1,FALSE,,,,,,,benthic,benthic (many possible substrates),SMALL,oligo,TROPHIC_1,,,NON_N_FIXER,SLIGHTLY_MOTILE,HIGHLY_MOTILE.1,
Cavinula vincentii,Species,Cavinula,Cavinula vincentii,73,24,FALSE,3,,III,,alkali,,benthic,benthic (many possible substrates),SMALL,,,,,NON_N_FIXER,SLIGHTLY_MOTILE,HIGHLY_MOTILE.1,
Chamaepinnularia,Genera,Chamaepinnularia,,31,15,FALSE,3,,III,low,acid,,benthic,benthic (many possible substrates),VERY SMALL,,,,,NON_N_FIXER,SLIGHTLY_MOTILE,,
Chamaepinnularia begeri,Species,Chamaepinnularia,Chamaepinnularia begeri,11,15,FALSE,,,,,,,benthic,benthic (many possible substrates),VERY SMALL,,,,,NON_N_FIXER,SLIGHTLY_MOTILE,,
Chamaepinnularia bremensis,Species,Chamaepinnularia,Chamaepinnularia bremensis,142,261,FALSE,3,,III,low,acid,,benthic,benthic (many possible substrates),VERY SMALL,,,,,NON_N_FIXER,SLIGHTLY_MOTILE,,
Chamaepinnularia evanida,Species,Chamaepinnularia,Chamaepinnularia evanida,15,35,FALSE,,,,,,,benthic,benthic (many possible substrates),VERY SMALL,meso,TROPHIC_3,,,NON_N_FIXER,SLIGHTLY_MOTILE,,
Chamaepinnularia hassiaca,Species,Chamaepinnularia,Chamaepinnularia hassiaca,154,45,FALSE,3,,III,low,acid,,benthic,benthic (many possible substrates),VERY SMALL,,,,,NON_N_FIXER,SLIGHTLY_MOTILE,,
Chamaepinnularia krookii,Species,Chamaepinnularia,Chamaepinnularia krookii,2,11,FALSE,,,,,,,benthic,benthic (many possible substrates),VERY SMALL,,,,,NON_N_FIXER,SLIGHTLY_MOTILE,,
Chamaepinnularia mediocris,Species,Chamaepinnularia,Chamaepinnularia mediocris,436,361,FALSE,3,,III,low,acid,,benthic,benthic (many possible substrates),VERY SMALL,oligo,TROPHIC_1,,,NON_N_FIXER,SLIGHTLY_MOTILE,,
Chamaepinnularia muscicola,Species,Chamaepinnularia,Chamaepinnularia muscicola,8,6,FALSE,,,,,,,benthic,benthic (many possible substrates),VERY SMALL,,,,,NON_N_FIXER,SLIGHTLY_MOTILE,,
Chamaepinnularia parsura,Species,Chamaepinnularia,Chamaepinnularia parsura,2,1,FALSE,,,,,,,benthic,benthic (many possible substrates),VERY SMALL,,,,,NON_N_FIXER,SLIGHTLY_MOTILE,,
Chamaepinnularia soehrensis,Species,Chamaepinnularia,Chamaepinnularia soehrensis,2,1,FALSE,,,,,,,benthic,benthic (many possible substrates),VERY SMALL,oligo,TROPHIC_1,,,NON_N_FIXER,SLIGHTLY_MOTILE,,
Chamaepinnularia sp. 501 NE Lakes,Species/Dataset,Chamaepinnularia,Chamaepinnularia sp. 501 NE Lakes,1,4,FALSE,,,,,,,benthic,benthic (many possible substrates),VERY SMALL,,,,,NON_N_FIXER,SLIGHTLY_MOTILE,,
Chamaepinnularia sp. 506 NE Lakes,Species/Dataset,Chamaepinnularia,Chamaepinnularia sp. 506 NE Lakes,1,2,FALSE,,,,,,,benthic,benthic (many possible substrates),VERY SMALL,,,,,NON_N_FIXER,SLIGHTLY_MOTILE,,
Chamaepinnularia vyvermanii,Species,Chamaepinnularia,Chamaepinnularia vyvermanii,6,43,FALSE,,,,,,,benthic,benthic (many possible substrates),VERY SMALL,,,,,NON_N_FIXER,SLIGHTLY_MOTILE,,
Chamaepinnularia witkowskii,Species,Chamaepinnularia,Chamaepinnularia witkowskii,22,71,FALSE,,,,,,,benthic,benthic (many possible substrates),VERY SMALL,,,,,NON_N_FIXER,SLIGHTLY_MOTILE,,
Cocconeis,Genera,Cocconeis,,7,10,FALSE,4,4_worse,IV_worse,,hialkali,,"benthic,macrophytic",benthic (strong macrophyte indicator),,,,,,NON_N_FIXER,SLIGHTLY_MOTILE,,ADNATE
Cocconeis diminuta,Species,Cocconeis,Cocconeis diminuta,2,1,FALSE,,,,,,,"benthic,macrophytic",benthic (strong macrophyte indicator),,,,,,NON_N_FIXER,SLIGHTLY_MOTILE,,ADNATE
Cocconeis disculus,Species,Cocconeis,Cocconeis disculus,24,38,FALSE,,,,,,,"benthic,macrophytic",benthic (strong macrophyte indicator),SMALL,,,,,NON_N_FIXER,SLIGHTLY_MOTILE,,ADNATE
Cocconeis fluviatilis,Species,Cocconeis,Cocconeis fluviatilis,1,1,FALSE,,,,,,,"benthic,macrophytic",benthic (strong macrophyte indicator),SMALL,,,,,NON_N_FIXER,SLIGHTLY_MOTILE,,ADNATE
Cocconeis neodiminuta,Species,Cocconeis,Cocconeis neodiminuta,18,18,FALSE,,,,,,,"benthic,macrophytic",benthic (strong macrophyte indicator),SMALL,,,,,NON_N_FIXER,SLIGHTLY_MOTILE,,ADNATE
Cocconeis neothumensis,Species,Cocconeis,Cocconeis neothumensis,23,14,FALSE,,,,,,,"benthic,macrophytic",benthic (strong macrophyte indicator),SMALL,,,,,NON_N_FIXER,SLIGHTLY_MOTILE,,ADNATE
Cocconeis pediculus,Species,Cocconeis,Cocconeis pediculus,23,23,FALSE,,,,,,,"benthic,macrophytic",benthic (strong macrophyte indicator),SMALL,eutra,TROPHIC_5,,HIGH_N,NON_N_FIXER,SLIGHTLY_MOTILE,,ADNATE
Cocconeis placentula,Species,Cocconeis,Cocconeis placentula,457,1984,FALSE,4,4_worse,IV_worse,,hialkali,,"benthic,macrophytic",benthic (strong macrophyte indicator),SMALL,eutra,TROPHIC_5,HIGH_P,HIGH_N,NON_N_FIXER,WEAKLY_MOTILE,,ADNATE
Cocconeis placentula sensu lato complex,Species complex,Cocconeis,Cocconeis placentula,252,493,FALSE,,,,,,,,,,,,,,,,,
Cocconeis pseudothumensis,Species,Cocconeis,Cocconeis pseudothumensis,11,31,FALSE,,,,,,,"benthic,macrophytic",benthic (strong macrophyte indicator),SMALL,,,,,NON_N_FIXER,SLIGHTLY_MOTILE,,ADNATE
Cocconeis sp. 1 NE Lakes,Species/Dataset,Cocconeis,Cocconeis sp. 1 NE Lakes,2,1,FALSE,,,,,,,"benthic,macrophytic",benthic (strong macrophyte indicator),,,,,,NON_N_FIXER,SLIGHTLY_MOTILE,,ADNATE
Conticribra weissflogii,Species,Conticribra,Conticribra weissflogii,4,7,FALSE,,,,,,,planktonic,planktonic,,,,,,,,,
Coscinodiscus,Genera,Coscinodiscus,,2,21,FALSE,,,,,,,planktonic,planktonic,BIG,,,,,NON_N_FIXER,NON_MOTILE,,
Cosmioneis pusilla,Species,Cosmioneis,Cosmioneis pusilla,6,1,FALSE,,,,,,,benthic,benthic (many possible substrates),SMALL,,,,,NON_N_FIXER,MODERATELY_MOTILE,HIGHLY_MOTILE.1,
Craticula,Genera,Craticula,,10,19,FALSE,4,4_middle,IV_middle,,alkali,,benthic,benthic (many possible substrates),,,,HIGH_P,HIGH_N,NON_N_FIXER,MODERATELY_MOTILE,HIGHLY_MOTILE.1,
Craticula accomoda,Species,Craticula,Craticula accomoda,1,1,FALSE,,,,,,,benthic,benthic (many possible substrates),SMALL,hypereutra,TROPHIC_6,HIGH_P,HIGH_N,NON_N_FIXER,MODERATELY_MOTILE,HIGHLY_MOTILE.1,
Craticula acidoclinata,Species,Craticula,Craticula acidoclinata,1,1,FALSE,,,,,,,benthic,benthic (many possible substrates),,,,HIGH_P,HIGH_N,NON_N_FIXER,MODERATELY_MOTILE,HIGHLY_MOTILE.1,
Craticula ambigua,Species,Craticula,Craticula ambigua,9,8,FALSE,,,,,,,benthic,benthic (many possible substrates),SMALL,,,HIGH_P,HIGH_N,NON_N_FIXER,MODERATELY_MOTILE,HIGHLY_MOTILE.1,
Craticula buderi,Species,Craticula,Craticula buderi,2,6,FALSE,,,,,,,benthic,benthic (many possible substrates),SMALL,,,HIGH_P,HIGH_N,NON_N_FIXER,MODERATELY_MOTILE,HIGHLY_MOTILE.1,
Craticula citrus,Species,Craticula,Craticula citrus,1,2,FALSE,,,,,,,benthic,benthic (many possible substrates),VERY SMALL,,,HIGH_P,HIGH_N,NON_N_FIXER,MODERATELY_MOTILE,HIGHLY_MOTILE.1,
Craticula cuspidata,Species,Craticula,Craticula cuspidata,132,74,FALSE,4,4_worse,IV_worse,,hialkali,,benthic,benthic (many possible substrates),BIG,eutra,TROPHIC_5,HIGH_P,HIGH_N,NON_N_FIXER,HIGHLY_MOTILE,HIGHLY_MOTILE.1,
Craticula halophila,Species,Craticula,Craticula halophila,54,209,FALSE,,,,,,,benthic,benthic (many possible substrates),MEDIUM,eutra,TROPHIC_5,HIGH_P,HIGH_N,NON_N_FIXER,MODERATELY_MOTILE,HIGHLY_MOTILE.1,
Craticula halophilioides,Species,Craticula,Craticula halophilioides,3,1,FALSE,,,,,,,,,,,,,,,,,
Craticula minusculoides,Species,Craticula,Craticula minusculoides,7,6,FALSE,,,,,,,benthic,benthic (many possible substrates),VERY SMALL,eutra,TROPHIC_5,HIGH_P,HIGH_N,NON_N_FIXER,MODERATELY_MOTILE,HIGHLY_MOTILE.1,
Craticula molestiformis,Species,Craticula,Craticula molestiformis,40,51,FALSE,,,,,,,benthic,benthic (many possible substrates),VERY SMALL,eutra,TROPHIC_5,HIGH_P,HIGH_N,NON_N_FIXER,MODERATELY_MOTILE,HIGHLY_MOTILE.1,
Craticula riparia,Species,Craticula,Craticula riparia,1,6,FALSE,,,,,,,benthic,benthic (many possible substrates),MEDIUM,eutra,TROPHIC_5,HIGH_P,HIGH_N,NON_N_FIXER,MODERATELY_MOTILE,HIGHLY_MOTILE.1,
Craticula subminuscula,Species,Craticula,Craticula subminuscula,27,46,FALSE,,,,,,,benthic,benthic (many possible substrates),VERY SMALL,,,HIGH_P,HIGH_N,NON_N_FIXER,WEAKLY_MOTILE,HIGHLY_MOTILE.1,
Craticula submolesta,Species,Craticula,Craticula submolesta,134,105,FALSE,4,4_middle,IV_middle,,acid,,benthic,benthic (many possible substrates),SMALL,,,HIGH_P,HIGH_N,NON_N_FIXER,MODERATELY_MOTILE,HIGHLY_MOTILE.1,
Crenotia gibberula,Species,Crenotia,Crenotia gibberula,1,12,FALSE,,,,,,,benthic,benthic (many possible substrates),,,,,,NON_N_FIXER,SLIGHTLY_MOTILE,,ADNATE
Ctenophora pulchella,Species,Ctenophora,Ctenophora pulchella,112,268,FALSE,4,4_worse,IV_worse,high,hialkali,,benthic,benthic (many possible substrates),MEDIUM,meso,TROPHIC_3,,,NON_N_FIXER,NON_MOTILE,ARAPHID,
Ctenophora pulchella var. lacerata,Variety,Ctenophora,Ctenophora pulchella,14,35,FALSE,,,,,,,benthic,benthic (many possible substrates),MEDIUM,,,,,NON_N_FIXER,NON_MOTILE,ARAPHID,
Cyclostephanos,Genera,Cyclostephanos,,4,28,FALSE,5,,V,high,hialkali,,planktonic,planktonic,,,,,,NON_N_FIXER,NON_MOTILE,,
Cyclostephanos costatilimbus,Species,Cyclostephanos,Cyclostephanos costatilimbus,1,4,FALSE,,,,,,,,,,,,,,,,,
Cyclostephanos dubius,Species,Cyclostephanos,Cyclostephanos dubius,28,438,FALSE,5,,V,high,,,planktonic,planktonic,SMALL,eutra,TROPHIC_5,HIGH_P,HIGH_N,NON_N_FIXER,NON_MOTILE,,
Cyclostephanos invisitatus,Species,Cyclostephanos,Cyclostephanos invisitatus,50,278,FALSE,5,,V,high,,,planktonic,planktonic,SMALL,,,HIGH_P,,NON_N_FIXER,NON_MOTILE,,
Cyclostephanos tholiformis,Species,Cyclostephanos,Cyclostephanos tholiformis,50,360,FALSE,5,,V,high,,,planktonic,planktonic,VERY SMALL,,,,,NON_N_FIXER,NON_MOTILE,,
Cyclotella,Genera,Cyclotella,,56,317,FALSE,4,4_middle,IV_middle,,hialkali,,planktonic,planktonic,,,,,,NON_N_FIXER,NON_MOTILE,,
Cyclotella atomus,Species,Cyclotella,Cyclotella atomus,53,263,FALSE,4,4_worse,IV_worse,,,,planktonic,planktonic,VERY SMALL,eutra,TROPHIC_5,HIGH_P,,NON_N_FIXER,NON_MOTILE,,
Cyclotella cf. comensis/C. rosii,Species/Slash,Cyclotella,,10,811,FALSE,,,,,,,,,,,,,,,,,
Cyclotella cryptica,Species,Cyclotella,Cyclotella cryptica,10,31,FALSE,,,,,,,planktonic,planktonic,VERY SMALL,,,,,NON_N_FIXER,NON_MOTILE,,
Cyclotella cyclopuncta,Species,Cyclotella,Cyclotella cyclopuncta,9,91,FALSE,,,,,,,planktonic,planktonic,,,,,,NON_N_FIXER,NON_MOTILE,,
Cyclotella distinguenda,Species,Cyclotella,Cyclotella distinguenda,38,162,FALSE,,,,,,,planktonic,planktonic,MEDIUM,,,,,NON_N_FIXER,NON_MOTILE,,
Cyclotella distinguenda var. unipunctata,Variety,Cyclotella,Cyclotella distinguenda,3,19,FALSE,,,,,,,,,,,,,,,,,
Cyclotella gamma,Species,Cyclotella,Cyclotella gamma,16,34,FALSE,,,,,,,planktonic,planktonic,MEDIUM,,,,,NON_N_FIXER,NON_MOTILE,,
Cyclotella glomerata,Species,Cyclotella,Cyclotella glomerata,1,2,FALSE,,,,,,,,,,,,,,,,,
Cyclotella gordonensis,Species,Cyclotella,Cyclotella gordonensis,11,131,FALSE,,,,,,,planktonic,planktonic,,,,,,NON_N_FIXER,NON_MOTILE,,
Cyclotella kingstonii,Species,Cyclotella,Cyclotella kingstonii,1,46,FALSE,,,,,,,planktonic,planktonic,,,,,,NON_N_FIXER,NON_MOTILE,,
Cyclotella meduanae,Species,Cyclotella,Cyclotella meduanae,4,5,FALSE,,,,,,,planktonic,planktonic,VERY SMALL,,,,,NON_N_FIXER,NON_MOTILE,,
Cyclotella plitvicensis,Species,Cyclotella,Cyclotella plitvicensis,1,4,FALSE,,,,,,,,,,,,,,,,,
Cyclotella schumannii,Species,Cyclotella,Cyclotella schumannii,9,65,FALSE,,,,,,,planktonic,planktonic,,,,,,NON_N_FIXER,NON_MOTILE,,
Cyclotella sp. 1 NE Lakes,Species/Dataset,Cyclotella,Cyclotella sp. 1 NE Lakes,16,11,FALSE,,,,,,,planktonic,planktonic,,,,,,NON_N_FIXER,NON_MOTILE,,
Cyclotella sp. 2 NE Lakes,Species/Dataset,Cyclotella,Cyclotella sp. 2 NE Lakes,1,2,FALSE,,,,,,,planktonic,planktonic,,,,,,NON_N_FIXER,NON_MOTILE,,
Cyclotella sp. 3 NE Lakes,Species/Dataset,Cyclotella,Cyclotella sp. 3 NE Lakes,3,1,FALSE,,,,,,,planktonic,planktonic,,,,,,NON_N_FIXER,NON_MOTILE,,
Cyclotella striata,Species,Cyclotella,Cyclotella striata,6,16,FALSE,,,,,,,planktonic,planktonic,,,,,,NON_N_FIXER,NON_MOTILE,,
Cyclotella subtilis,Species,Cyclotella,Cyclotella subtilis,1,1,FALSE,,,,,,,,,,,,,,,,,
Cymatopleura,Genera,Cymatopleura,,1,1,FALSE,,,,,,,benthic,benthic (many possible substrates),,,,,,NON_N_FIXER,HIGHLY_MOTILE,HIGHLY_MOTILE.1,
Cymatopleura solea,Species,Cymatopleura,Cymatopleura solea,27,39,FALSE,,,,,,,benthic,benthic (many possible substrates),BIG,eutra,TROPHIC_5,,HIGH_N,NON_N_FIXER,HIGHLY_MOTILE,HIGHLY_MOTILE.1,
Cymatopleura solea var. apiculata,Variety,Cymatopleura,Cymatopleura solea,2,1,FALSE,,,,,,,benthic,benthic (many possible substrates),BIG,,,,HIGH_N,NON_N_FIXER,HIGHLY_MOTILE,HIGHLY_MOTILE.1,
Cymbella,Genera,Cymbella,,277,197,FALSE,4,4_better,IV_better,,neutral,,benthic,benthic (many possible substrates),,,,,,NON_N_FIXER,SLIGHTLY_MOTILE,HIGHLY_MOTILE.1,STALKED
Cymbella affiniformis,Species,Cymbella,Cymbella affiniformis,4,9,FALSE,,,,,,,benthic,benthic (many possible substrates),SMALL,eutra,TROPHIC_5,,,NON_N_FIXER,SLIGHTLY_MOTILE,HIGHLY_MOTILE.1,STALKED
Cymbella affinis,Species,Cymbella,Cymbella affinis,30,39,FALSE,2,,II,low,,,benthic,benthic (many possible substrates),SMALL,eutra,TROPHIC_5,LOW_P,LOW_N,NON_N_FIXER,SLIGHTLY_MOTILE,HIGHLY_MOTILE.1,STALKED
Cymbella aspera,Species,Cymbella,Cymbella aspera,9,8,FALSE,2,,II,low,,,benthic,benthic (many possible substrates),VERY_BIG,indiff,TROPHIC_7,,,NON_N_FIXER,SLIGHTLY_MOTILE,HIGHLY_MOTILE.1,STALKED
Cymbella blinnii,Species,Cymbella,Cymbella blinnii,8,6,FALSE,,,,,,,benthic,benthic (many possible substrates),,,,,,NON_N_FIXER,SLIGHTLY_MOTILE,HIGHLY_MOTILE.1,STALKED
Cymbella borealis,Species,Cymbella,Cymbella borealis,1,1,FALSE,,,,,,,,,,,,,,,,,
Cymbella brehmii,Species,Cymbella,Cymbella brehmii,2,1,FALSE,,,,,,,benthic,benthic (many possible substrates),,,,,,NON_N_FIXER,SLIGHTLY_MOTILE,HIGHLY_MOTILE.1,STALKED
Cymbella cf. schubartii,Variety,Cymbella,Cymbella cf. schubartii,105,28,FALSE,3,,III,low,acid,,benthic,benthic (many possible substrates),,,,,,NON_N_FIXER,SLIGHTLY_MOTILE,HIGHLY_MOTILE.1,STALKED
Cymbella cistula,Species,Cymbella,Cymbella cistula,116,56,FALSE,4,4_better,IV_better,,alkali,,benthic,benthic (many possible substrates),BIG,eutra,TROPHIC_5,LOW_P,LOW_N,NON_N_FIXER,SLIGHTLY_MOTILE,HIGHLY_MOTILE.1,STALKED
Cymbella compacta,Species,Cymbella,Cymbella compacta,2,3,FALSE,,,,,,,benthic,benthic (many possible substrates),,,,,,NON_N_FIXER,SLIGHTLY_MOTILE,HIGHLY_MOTILE.1,STALKED
Cymbella cymbiformis,Species,Cymbella,Cymbella cymbiformis,23,37,FALSE,,,,,,,benthic,benthic (many possible substrates),MEDIUM,,,LOW_P,LOW_N,NON_N_FIXER,SLIGHTLY_MOTILE,HIGHLY_MOTILE.1,STALKED
Cymbella ehrenbergii,Species,Cymbella,Cymbella ehrenbergii,9,18,FALSE,,,,,,,benthic,benthic (many possible substrates),BIG,meso,TROPHIC_3,,,NON_N_FIXER,SLIGHTLY_MOTILE,HIGHLY_MOTILE.1,STALKED
Cymbella elginensis,Species,Cymbella,Cymbella elginensis,1,1,FALSE,,,,,,,benthic,benthic (many possible substrates),SMALL,,,,,NON_N_FIXER,SLIGHTLY_MOTILE,HIGHLY_MOTILE.1,STALKED
Cymbella excisiformis,Species,Cymbella,Cymbella excisiformis,1,7,FALSE,,,,,,,benthic,benthic (many possible substrates),SMALL,,,,,NON_N_FIXER,SLIGHTLY_MOTILE,HIGHLY_MOTILE.1,STALKED
Cymbella gaeumannii,Species,Cymbella,Cymbella gaeumannii,157,148,FALSE,3,,III,low,acid,,benthic,benthic (many possible substrates),,,,,,NON_N_FIXER,SLIGHTLY_MOTILE,HIGHLY_MOTILE.1,STALKED
Cymbella gracilis,Species,Cymbella,Cymbella gracilis,35,22,FALSE,,,,,,,,,,,,,,,,,
Cymbella helvetica,Species,Cymbella,Cymbella helvetica,5,11,FALSE,,,,,,,benthic,benthic (many possible substrates),BIG,,,,,NON_N_FIXER,SLIGHTLY_MOTILE,HIGHLY_MOTILE.1,STALKED
Cymbella heteropleura,Species,Cymbella,Cymbella heteropleura,1,18,FALSE,,,,,,,benthic,benthic (many possible substrates),BIG,,,,,NON_N_FIXER,SLIGHTLY_MOTILE,HIGHLY_MOTILE.1,STALKED
Cymbella hustedtii,Species,Cymbella,Cymbella hustedtii,23,38,FALSE,,,,,,,benthic,benthic (many possible substrates),SMALL,oligo-meso,TROPHIC_2,LOW_P,LOW_N,NON_N_FIXER,SLIGHTLY_MOTILE,HIGHLY_MOTILE.1,STALKED
Cymbella hybrida var. 1 PIRLA,Variety/Dataset,Cymbella,Cymbella hybrida,17,3,FALSE,,,,,,,,,,,,,,,,,
Cymbella laevis,Species,Cymbella,Cymbella laevis,6,8,FALSE,,,,,,,,,,,,,,,,,
Cymbella lanceolata,Species,Cymbella,Cymbella lanceolata,2,7,FALSE,,,,,,,benthic,benthic (many possible substrates),VERY_BIG,indiff,TROPHIC_7,,,NON_N_FIXER,SLIGHTLY_MOTILE,HIGHLY_MOTILE.1,STALKED
Cymbella maggiana,Species,Cymbella,Cymbella maggiana,1,1,FALSE,,,,,,,,,,,,,,,,,
Cymbella mexicana,Species,Cymbella,Cymbella mexicana,2,5,FALSE,,,,,,,benthic,benthic (many possible substrates),VERY_BIG,,,LOW_P,,NON_N_FIXER,HIGHLY_MOTILE,HIGHLY_MOTILE.1,STALKED
Cymbella microcephala var. crassa,Variety,Cymbella,Cymbella microcephala,3,3,FALSE,,,,,,,benthic,benthic (many possible substrates),VERY SMALL,,,LOW_P,LOW_N,NON_N_FIXER,SLIGHTLY_MOTILE,HIGHLY_MOTILE.1,STALKED
Cymbella minuta var. pseudogracilis,Variety,Cymbella,Cymbella minuta,4,6,FALSE,,,,,,,,,,,,,,,,,
Cymbella neocistula,Species,Cymbella,Cymbella neocistula,67,77,FALSE,,,,,,,benthic,benthic (many possible substrates),MEDIUM,,,,,NON_N_FIXER,MODERATELY_MOTILE,HIGHLY_MOTILE.1,STALKED
Cymbella neocistula var. islandica,Variety,Cymbella,Cymbella neocistula,1,1,FALSE,,,,,,,benthic,benthic (many possible substrates),MEDIUM,,,,,NON_N_FIXER,MODERATELY_MOTILE,HIGHLY_MOTILE.1,STALKED
Cymbella neoleptoceros,Species,Cymbella,Cymbella neoleptoceros,1,1,FALSE,,,,,,,,,,,,,,,,,
Cymbella ovalis,Species,Cymbella,Cymbella ovalis,1,1,FALSE,,,,,,,,,,,,,,,,,
Cymbella perpusilla,Species,Cymbella,Cymbella perpusilla,137,396,FALSE,,,,,,,benthic,benthic (many possible substrates),,,,,,NON_N_FIXER,SLIGHTLY_MOTILE,HIGHLY_MOTILE.1,STALKED
Cymbella proxima,Species,Cymbella,Cymbella proxima,23,6,FALSE,,,,,,,benthic,benthic (many possible substrates),BIG,meso,TROPHIC_3,,,NON_N_FIXER,MODERATELY_MOTILE,HIGHLY_MOTILE.1,STALKED
Cymbella rupicola,Species,Cymbella,Cymbella rupicola,1,1,FALSE,,,,,,,,,,,,,,,,,
Cymbella schubartoides,Species,Cymbella,Cymbella schubartoides,15,55,FALSE,,,,,,,benthic,benthic (many possible substrates),,,,,,NON_N_FIXER,SLIGHTLY_MOTILE,HIGHLY_MOTILE.1,STALKED
Cymbella sp. 1 JFord-ConeP,Species/Dataset,Cymbella,Cymbella sp. 1 JFord-ConeP,3,6,FALSE,,,,,,,,,,,,,,,,,
Cymbella sp. 1 NE Lakes,Species/Dataset,Cymbella,Cymbella sp. 1 NE Lakes,9,25,FALSE,,,,,,,benthic,benthic (many possible substrates),,,,,,NON_N_FIXER,SLIGHTLY_MOTILE,HIGHLY_MOTILE.1,STALKED
Cymbella sp. 10 PIRLA,Species/Dataset,Cymbella,Cymbella sp. 10 PIRLA,3,3,FALSE,,,,,,,,,,,,,,,,,
Cymbella sp. 2 PIRLA,Species/Dataset,Cymbella,Cymbella sp. 2 PIRLA,7,41,FALSE,,,,,,,,,,,,,,,,,
Cymbella sp. 5 PIRLA,Species/Dataset,Cymbella,Cymbella sp. 5 PIRLA,7,3,FALSE,,,,,,,,,,,,,,,,,
Cymbella sp. 9 PIRLA,Species/Dataset,Cymbella,Cymbella sp. 9 PIRLA,3,10,FALSE,,,,,,,,,,,,,,,,,
Cymbella subaequalis f. krasskei,Variety,Cymbella,Cymbella subaequalis,1,33,FALSE,,,,,,,,,,,,,,,,,
Cymbella subleptoceros,Species,Cymbella,Cymbella subleptoceros,4,15,FALSE,,,,,,,benthic,benthic (many possible substrates),SMALL,,,,,NON_N_FIXER,SLIGHTLY_MOTILE,HIGHLY_MOTILE.1,STALKED
Cymbella subturgidula,Species,Cymbella,Cymbella subturgidula,4,13,FALSE,,,,,,,benthic,benthic (many possible substrates),MEDIUM,,,LOW_P,LOW_N,NON_N_FIXER,SLIGHTLY_MOTILE,HIGHLY_MOTILE.1,STALKED
Cymbella tropica,Species,Cymbella,Cymbella tropica,1,4,FALSE,,,,,,,,,,,,,,,,,
Cymbella tumida,Species,Cymbella,Cymbella tumida,8,21,FALSE,,,,,,,benthic,benthic (many possible substrates),BIG,meso-eutra,TROPHIC_4,,,NON_N_FIXER,SLIGHTLY_MOTILE,HIGHLY_MOTILE.1,STALKED
Cymbella tumidula,Species,Cymbella,Cymbella tumidula,2,1,FALSE,,,,,,,benthic,benthic (many possible substrates),SMALL,,,,,NON_N_FIXER,SLIGHTLY_MOTILE,HIGHLY_MOTILE.1,STALKED
Cymbella turgidula,Species,Cymbella,Cymbella turgidula,1,1,FALSE,,,,,,,benthic,benthic (many possible substrates),BIG,,,,,NON_N_FIXER,SLIGHTLY_MOTILE,HIGHLY_MOTILE.1,STALKED
Cymbellafalsa diluviana,Species,Cymbellafalsa,Cymbellafalsa diluviana,31,356,FALSE,,,,,,,benthic,benthic (many possible substrates),SMALL,indiff,TROPHIC_7,LOW_P,,NON_N_FIXER,SLIGHTLY_MOTILE,HIGHLY_MOTILE.1,
Cymbellonitzschia diluviana,Species,Cymbellonitzschia,Cymbellonitzschia diluviana,1,2,FALSE,,,,,,,,,,,,,,,,,
Cymbopleura,Genera,Cymbopleura,,16,3,FALSE,4,4_better,IV_better,,alkali,,benthic,benthic (many possible substrates),,,,,,NON_N_FIXER,SLIGHTLY_MOTILE,HIGHLY_MOTILE.1,
Cymbopleura amphicephala,Species,Cymbopleura,Cymbopleura amphicephala,23,10,FALSE,2,,II,low,,,benthic,benthic (many possible substrates),MEDIUM,,,,,NON_N_FIXER,SLIGHTLY_MOTILE,HIGHLY_MOTILE.1,
Cymbopleura anglica,Species,Cymbopleura,Cymbopleura anglica,3,4,FALSE,,,,,,,benthic,benthic (many possible substrates),,,,,,NON_N_FIXER,SLIGHTLY_MOTILE,HIGHLY_MOTILE.1,
Cymbopleura angustata,Species,Cymbopleura,Cymbopleura angustata,8,8,FALSE,2,,II,low,,,benthic,benthic (many possible substrates),MEDIUM,,,,,NON_N_FIXER,SLIGHTLY_MOTILE,HIGHLY_MOTILE.1,
Cymbopleura apiculata,Species,Cymbopleura,Cymbopleura apiculata,6,3,FALSE,,,,,,,benthic,benthic (many possible substrates),BIG,,,,,NON_N_FIXER,SLIGHTLY_MOTILE,HIGHLY_MOTILE.1,
Cymbopleura cuspidata,Species,Cymbopleura,Cymbopleura cuspidata,162,105,FALSE,4,4_better,IV_better,,neutral,,benthic,benthic (many possible substrates),BIG,,,LOW_P,,NON_N_FIXER,SLIGHTLY_MOTILE,HIGHLY_MOTILE.1,
Cymbopleura elliptica,Species,Cymbopleura,Cymbopleura elliptica,4,8,FALSE,,,,,,,benthic,benthic (many possible substrates),,,,,,NON_N_FIXER,SLIGHTLY_MOTILE,HIGHLY_MOTILE.1,
Cymbopleura fluminea,Species,Cymbopleura,Cymbopleura fluminea,2,5,FALSE,,,,,,,benthic,benthic (many possible substrates),,,,,,NON_N_FIXER,SLIGHTLY_MOTILE,HIGHLY_MOTILE.1,
Cymbopleura hauckii,Species,Cymbopleura,Cymbopleura hauckii,7,7,FALSE,,,,,,,benthic,benthic (many possible substrates),,,,,,NON_N_FIXER,SLIGHTLY_MOTILE,HIGHLY_MOTILE.1,
Cymbopleura heinii,Species,Cymbopleura,Cymbopleura heinii,5,7,FALSE,,,,,,,benthic,benthic (many possible substrates),,,,,,NON_N_FIXER,SLIGHTLY_MOTILE,HIGHLY_MOTILE.1,
Cymbopleura hercynica,Species,Cymbopleura,Cymbopleura hercynica,126,24,FALSE,4,4_better,IV_better,,neutral,,benthic,benthic (many possible substrates),,,,,,NON_N_FIXER,SLIGHTLY_MOTILE,HIGHLY_MOTILE.1,
Cymbopleura inaequalis,Species,Cymbopleura,Cymbopleura inaequalis,12,118,FALSE,,,,,,,benthic,benthic (many possible substrates),,,,,,NON_N_FIXER,SLIGHTLY_MOTILE,HIGHLY_MOTILE.1,
Cymbopleura incerta,Species,Cymbopleura,Cymbopleura incerta,30,187,FALSE,2,,II,low,,,benthic,benthic (many possible substrates),SMALL,oligo,TROPHIC_1,,,NON_N_FIXER,SLIGHTLY_MOTILE,HIGHLY_MOTILE.1,
Cymbopleura incertiformis,Species,Cymbopleura,Cymbopleura incertiformis,40,52,FALSE,2,,II,low,,,benthic,benthic (many possible substrates),,,,,,NON_N_FIXER,SLIGHTLY_MOTILE,HIGHLY_MOTILE.1,
Cymbopleura incertiformis var. laterostrata,Variety,Cymbopleura,Cymbopleura incertiformis,3,8,FALSE,,,,,,,benthic,benthic (many possible substrates),,,,,,NON_N_FIXER,SLIGHTLY_MOTILE,HIGHLY_MOTILE.1,
Cymbopleura lapponica,Species,Cymbopleura,Cymbopleura lapponica,1,2,FALSE,,,,,,,,,,,,,,,,,
Cymbopleura naviculiformis,Species,Cymbopleura,Cymbopleura naviculiformis,136,33,FALSE,4,4_middle,IV_middle,,neutral,,benthic,benthic (many possible substrates),SMALL,,,,,NON_N_FIXER,SLIGHTLY_MOTILE,HIGHLY_MOTILE.1,
Cymbopleura perprocera,Species,Cymbopleura,Cymbopleura perprocera,25,46,FALSE,,,,,,,benthic,benthic (many possible substrates),,,,,,NON_N_FIXER,SLIGHTLY_MOTILE,HIGHLY_MOTILE.1,
Cymbopleura reinhardtii,Species,Cymbopleura,Cymbopleura reinhardtii,2,4,FALSE,,,,,,,,,,,,,,,,,
Cymbopleura rupicola,Species,Cymbopleura,Cymbopleura rupicola,3,8,FALSE,,,,,,,,,,,,,,,,,
Cymbopleura similis,Species,Cymbopleura,Cymbopleura similis,1,2,FALSE,,,,,,,,,,,,,,,,,
Cymbopleura sp. 1 NE Lakes,Species/Dataset,Cymbopleura,Cymbopleura sp. 1 NE Lakes,5,26,FALSE,,,,,,,benthic,benthic (many possible substrates),,,,,,NON_N_FIXER,SLIGHTLY_MOTILE,HIGHLY_MOTILE.1,
Cymbopleura sp. 2 NE Lakes,Species/Dataset,Cymbopleura,Cymbopleura sp. 2 NE Lakes,1,2,FALSE,,,,,,,benthic,benthic (many possible substrates),,,,,,NON_N_FIXER,SLIGHTLY_MOTILE,HIGHLY_MOTILE.1,
Cymbopleura subaequalis,Species,Cymbopleura,Cymbopleura subaequalis,13,24,FALSE,2,,II,low,,,benthic,benthic (many possible substrates),SMALL,,,,,NON_N_FIXER,SLIGHTLY_MOTILE,HIGHLY_MOTILE.1,
Cymbopleura subcuspidata,Species,Cymbopleura,Cymbopleura subcuspidata,58,28,FALSE,,,,,,,benthic,benthic (many possible substrates),BIG,,,,,NON_N_FIXER,SLIGHTLY_MOTILE,HIGHLY_MOTILE.1,
Cymbopleura sublanceolata,Species,Cymbopleura,Cymbopleura sublanceolata,24,6,FALSE,,,,,,,benthic,benthic (many possible substrates),BIG,,,,,NON_N_FIXER,SLIGHTLY_MOTILE,HIGHLY_MOTILE.1,
Cymbopleura subrostrata,Species,Cymbopleura,Cymbopleura subrostrata,2,1,FALSE,,,,,,,benthic,benthic (many possible substrates),BIG,,,,,NON_N_FIXER,SLIGHTLY_MOTILE,HIGHLY_MOTILE.1,
Decussiphycus,Genera,Decussiphycus,,1,1,FALSE,,,,,,,benthic,benthic (many possible substrates),,,,,,,,,
Decussiphycus placenta,Species,Decussiphycus,Decussiphycus placenta,10,16,FALSE,,,,,,,benthic,benthic (many possible substrates),,,,,,,,,
Delicata sp. 1 NE Lakes,Species/Dataset,Delicata,Delicata sp. 1 NE Lakes,1,5,FALSE,,,,,,,,,,,,,,,,,
Delicatophycus delicatulus,Species,Delicatophycus,Delicatophycus delicatulus,102,287,FALSE,2,,II,,,,benthic,benthic (many possible substrates),,,,,,,,,
Delicatophycus sp. 1 NE Lakes,Species/Dataset,Delicatophycus,Delicatophycus sp. 1 NE Lakes,8,57,FALSE,,,,,,,benthic,benthic (many possible substrates),,,,,,,,,
Delphineis minutissima,Species,Delphineis,Delphineis minutissima,1,1,FALSE,,,,,,,,,,,,,,,,,
Denticula,Genera,Denticula,,3,10,FALSE,4,4_better,IV_better,,hialkali,,benthic,benthic (many possible substrates),,,,,,NON_N_FIXER,MODERATELY_MOTILE,HIGHLY_MOTILE.1,
Denticula elegans,Species,Denticula,Denticula elegans,1,6,FALSE,,,,,,,,,,,,,,,,,
Denticula kuetzingii,Species,Denticula,Denticula kuetzingii,84,525,FALSE,4,4_middle,IV_middle,,hialkali,,benthic,benthic (many possible substrates),MEDIUM,meso,TROPHIC_3,,,NON_N_FIXER,MODERATELY_MOTILE,HIGHLY_MOTILE.1,
Denticula kuetzingii var. rumrichae,Variety,Denticula,Denticula kuetzingii,1,2,FALSE,,,,,,,,,,,,,,,,,
Denticula tenuis,Species,Denticula,Denticula tenuis,54,480,FALSE,,,,,,,benthic,benthic (many possible substrates),VERY SMALL,meso,TROPHIC_3,LOW_P,LOW_N,NON_N_FIXER,MODERATELY_MOTILE,HIGHLY_MOTILE.1,
Denticula valida,Species,Denticula,Denticula valida,3,6,FALSE,,,,,,,benthic,benthic (many possible substrates),SMALL,,,,,NON_N_FIXER,MODERATELY_MOTILE,HIGHLY_MOTILE.1,
Diadesmis confervacea,Species,Diadesmis,Diadesmis confervacea,39,155,FALSE,,,,,,,benthic,benthic (many possible substrates),VERY SMALL,meso,TROPHIC_3,HIGH_P,,NON_N_FIXER,MODERATELY_MOTILE,,
Diadesmis sp. 1 MONTANA,Species/Dataset,Diadesmis,Diadesmis sp. 1 MONTANA,1,2,FALSE,,,,,,,,,,,,,,,,,
Diatoma,Genera,Diatoma,,7,3,FALSE,4,4_worse,IV_worse,,hialkali,,"benthic,planktonic",planktonic and benthic,MEDIUM,,,,,NON_N_FIXER,NON_MOTILE,ARAPHID,
Diatoma moniliformis,Species,Diatoma,Diatoma moniliformis,34,92,FALSE,,,,,,,"benthic,planktonic",planktonic and benthic,SMALL,,,,,NON_N_FIXER,NON_MOTILE,ARAPHID,
Diatoma tenuis,Species,Diatoma,Diatoma tenuis,53,393,FALSE,4,4_middle,IV_middle,,hialkali,,"benthic,planktonic",planktonic and benthic,SMALL,,,,,NON_N_FIXER,NON_MOTILE,ARAPHID,
Diatoma tenuis var. elongata,Variety,Diatoma,Diatoma tenuis,14,95,FALSE,,,,,,,,,,,,,,,,,
Diatoma vulgaris,Species,Diatoma,Diatoma vulgaris,34,57,FALSE,3,,III,,,,"benthic,planktonic",planktonic and benthic,MEDIUM,meso-eutra,TROPHIC_4,,,NON_N_FIXER,NON_MOTILE,ARAPHID,
Diploneis,Genera,Diploneis,,45,19,FALSE,4,4_better,IV_better,,alkali,,benthic,benthic (many possible substrates),MEDIUM,,,,,NON_N_FIXER,MODERATELY_MOTILE,HIGHLY_MOTILE.1,
Diploneis abscondita,Species,Diploneis,Diploneis abscondita,1,1,FALSE,,,,,,,benthic,benthic (many possible substrates),MEDIUM,,,,,NON_N_FIXER,MODERATELY_MOTILE,HIGHLY_MOTILE.1,
Diploneis boldtiana,Species,Diploneis,Diploneis boldtiana,10,6,FALSE,,,,,,,benthic,benthic (many possible substrates),MEDIUM,,,,,NON_N_FIXER,MODERATELY_MOTILE,HIGHLY_MOTILE.1,
Diploneis calcilacustris,Species,Diploneis,Diploneis calcilacustris,2,1,FALSE,,,,,,,,,,,,,,,,,
Diploneis dilatata,Species,Diploneis,Diploneis dilatata,4,11,FALSE,,,,,,,benthic,benthic (many possible substrates),MEDIUM,,,,,NON_N_FIXER,MODERATELY_MOTILE,HIGHLY_MOTILE.1,
Diploneis elliptica,Species,Diploneis,Diploneis elliptica,35,16,FALSE,3,,III,,,,benthic,benthic (many possible substrates),MEDIUM,meso,TROPHIC_3,,,NON_N_FIXER,MODERATELY_MOTILE,HIGHLY_MOTILE.1,
Diploneis finnica,Species,Diploneis,Diploneis finnica,71,22,FALSE,,,,,,,benthic,benthic (many possible substrates),MEDIUM,,,,,NON_N_FIXER,MODERATELY_MOTILE,HIGHLY_MOTILE.1,
Diploneis fontanella,Species,Diploneis,Diploneis fontanella,2,5,FALSE,,,,,,,,,,,,,,,,,
Diploneis interrupta,Species,Diploneis,Diploneis interrupta,1,1,FALSE,,,,,,,benthic,benthic (many possible substrates),MEDIUM,,,,,NON_N_FIXER,MODERATELY_MOTILE,HIGHLY_MOTILE.1,
Diploneis krammeri,Species,Diploneis,Diploneis krammeri,31,6,FALSE,,,,,,,benthic,benthic (many possible substrates),MEDIUM,,,,,NON_N_FIXER,MODERATELY_MOTILE,HIGHLY_MOTILE.1,
Diploneis marginestriata,Species,Diploneis,Diploneis marginestriata,240,50,FALSE,4,4_better,IV_better,,alkali,,benthic,benthic (many possible substrates),SMALL,,,,,NON_N_FIXER,WEAKLY_MOTILE,HIGHLY_MOTILE.1,
Diploneis modica,Species,Diploneis,Diploneis modica,3,6,FALSE,,,,,,,benthic,benthic (many possible substrates),MEDIUM,,,,,NON_N_FIXER,MODERATELY_MOTILE,HIGHLY_MOTILE.1,
Diploneis oblongella,Species,Diploneis,Diploneis oblongella,13,6,FALSE,,,,,,,benthic,benthic (many possible substrates),SMALL,,,,,NON_N_FIXER,MODERATELY_MOTILE,HIGHLY_MOTILE.1,
Diploneis oblongellopsis/D. oblongella,Species/Slash,Diploneis,,11,7,FALSE,,,,,,,,,,,,,,,,,
Diploneis oculata,Species,Diploneis,Diploneis oculata,10,22,FALSE,,,,,,,benthic,benthic (many possible substrates),,,,,,NON_N_FIXER,MODERATELY_MOTILE,HIGHLY_MOTILE.1,
Diploneis ovalis,Species,Diploneis,Diploneis ovalis,108,30,FALSE,4,4_better,IV_better,,neutral,,benthic,benthic (many possible substrates),MEDIUM,,,,,NON_N_FIXER,MODERATELY_MOTILE,HIGHLY_MOTILE.1,
Diploneis parma,Species,Diploneis,Diploneis parma,37,39,FALSE,,,,,,,benthic,benthic (many possible substrates),MEDIUM,,,,,NON_N_FIXER,MODERATELY_MOTILE,HIGHLY_MOTILE.1,
Diploneis puella,Species,Diploneis,Diploneis puella,6,6,FALSE,,,,,,,benthic,benthic (many possible substrates),VERY SMALL,meso,TROPHIC_3,HIGH_P,,NON_N_FIXER,MODERATELY_MOTILE,HIGHLY_MOTILE.1,
Diploneis puellafallax,Species,Diploneis,Diploneis puellafallax,3,6,FALSE,,,,,,,benthic,benthic (many possible substrates),MEDIUM,,,,,NON_N_FIXER,MODERATELY_MOTILE,HIGHLY_MOTILE.1,
Diploneis smithii,Species,Diploneis,Diploneis smithii,1,1,FALSE,,,,,,,benthic,benthic (many possible substrates),MEDIUM,,,,,NON_N_FIXER,MODERATELY_MOTILE,HIGHLY_MOTILE.1,
Diploneis smithii var. dilatata,Variety,Diploneis,Diploneis smithii,1,1,FALSE,,,,,,,benthic,benthic (many possible substrates),MEDIUM,,,,,NON_N_FIXER,MODERATELY_MOTILE,HIGHLY_MOTILE.1,
Diploneis sp. 1 NE Lakes,Species/Dataset,Diploneis,Diploneis sp. 1 NE Lakes,9,12,FALSE,,,,,,,benthic,benthic (many possible substrates),MEDIUM,,,,,NON_N_FIXER,MODERATELY_MOTILE,HIGHLY_MOTILE.1,
Diploneis submarginestriata,Species,Diploneis,Diploneis submarginestriata,8,6,FALSE,,,,,,,benthic,benthic (many possible substrates),MEDIUM,,,,,NON_N_FIXER,MODERATELY_MOTILE,HIGHLY_MOTILE.1,
Diploneis subovalis,Species,Diploneis,Diploneis subovalis,4,4,FALSE,,,,,,,benthic,benthic (many possible substrates),MEDIUM,,,,,NON_N_FIXER,MODERATELY_MOTILE,HIGHLY_MOTILE.1,
Discostella asterocostata,Species,Discostella,Discostella asterocostata,7,23,FALSE,,,,,,,mostlyplanktonic,mostly planktonic,SMALL,,,,,NON_N_FIXER,NON_MOTILE,,
Discostella glomerata,Species,Discostella,Discostella glomerata,56,782,FALSE,,,,,,,mostlyplanktonic,mostly planktonic,MEDIUM,,,,,NON_N_FIXER,NON_MOTILE,,
Discostella lakuskarluki,Species,Discostella,Discostella lakuskarluki,28,1781,FALSE,,,,,,,mostlyplanktonic,mostly planktonic,,,,,,NON_N_FIXER,NON_MOTILE,,
Discostella pseudostelligera,Species,Discostella,Discostella pseudostelligera,416,9439,FALSE,4,4_better,IV_better,,hialkali,,mostlyplanktonic,mostly planktonic,SMALL,eutra,TROPHIC_5,,,NON_N_FIXER,NON_MOTILE,,
Discostella sp. 1 VTEC Lakes,Species/Dataset,Discostella,Discostella sp. 1 VTEC Lakes,100,783,FALSE,,,,,,,,,,,,,,,,,
Discostella sp. 2 VTEC Lakes,Species/Dataset,Discostella,Discostella sp. 2 VTEC Lakes,2,3,FALSE,,,,,,,,,,,,,,,,,
Discostella sp. 3 VTEC Lakes,Species/Dataset,Discostella,Discostella sp. 3 VTEC Lakes,16,21,FALSE,,,,,,,,,,,,,,,,,
Discostella sp. 4 VTEC Lakes,Species/Dataset,Discostella,Discostella sp. 4 VTEC Lakes,1,11,FALSE,,,,,,,,,,,,,,,,,
Discostella stelligera,Species,Discostella,Discostella stelligera,1283,39397,FALSE,3,,III,,alkali,,mostlyplanktonic,mostly planktonic,VERY SMALL,,,,,NON_N_FIXER,NON_MOTILE,,
Discostella stelligera/D. asterocostata,Species/Slash,Discostella,,91,3186,FALSE,,,,,,,mostlyplanktonic,mostly planktonic,,,,,,NON_N_FIXER,NON_MOTILE,,
Discostella woltereckii,Species,Discostella,Discostella woltereckii,66,239,FALSE,,,,,,,mostlyplanktonic,mostly planktonic,SMALL,,,,,NON_N_FIXER,NON_MOTILE,,
Dorofeyukea kotschyi,Species,Dorofeyukea,Dorofeyukea kotschyi,5,10,FALSE,,,,,,,benthic,benthic (many possible substrates),,,,,,,,,
Ellerbeckia arenaria,Species,Ellerbeckia,Ellerbeckia arenaria,1,16,FALSE,,,,,,,,,,,,,,,,,
Encyonema,Genera,Encyonema,,80,36,FALSE,4,4_better,IV_better,,neutral,,benthic,benthic (many possible substrates),,,,,,NON_N_FIXER,MODERATELY_MOTILE,,
Encyonema appalachianum,Species,Encyonema,Encyonema appalachianum,1,2,FALSE,,,,,,,benthic,benthic (many possible substrates),SMALL,,,,,NON_N_FIXER,SLIGHTLY_MOTILE,,
Encyonema auerswaldii,Species,Encyonema,Encyonema auerswaldii,2,2,FALSE,,,,,,,,,,,,,,,,,
Encyonema brehmii,Species,Encyonema,Encyonema brehmii,5,8,FALSE,,,,,,,benthic,benthic (many possible substrates),VERY SMALL,,,,LOW_N,NON_N_FIXER,MODERATELY_MOTILE,,
Encyonema brevicapitatum,Species,Encyonema,Encyonema brevicapitatum,28,50,FALSE,,,,,,,benthic,benthic (many possible substrates),,,,,,NON_N_FIXER,MODERATELY_MOTILE,,
Encyonema cespitosum,Species,Encyonema,Encyonema cespitosum,2,2,FALSE,,,,,,,,,,,,,,,,,
Encyonema evergladianum,Species,Encyonema,Encyonema evergladianum,1,12,FALSE,,,,,,,,,,,,,,,,,
Encyonema gaeumannii,Species,Encyonema,Encyonema gaeumannii,48,79,FALSE,,,,,,,benthic,benthic (many possible substrates),SMALL,oligo,TROPHIC_1,,,NON_N_FIXER,MODERATELY_MOTILE,,
Encyonema hamsherae,Species,Encyonema,Encyonema hamsherae,1,1,FALSE,,,,,,,benthic,benthic (many possible substrates),SMALL,,,,,NON_N_FIXER,MODERATELY_MOTILE,,
Encyonema hebridicum,Species,Encyonema,Encyonema hebridicum,438,953,FALSE,3,,III,low,acid,,benthic,benthic (many possible substrates),SMALL,,,,,NON_N_FIXER,MODERATELY_MOTILE,,
Encyonema kalbei,Species,Encyonema,Encyonema kalbei,5,10,FALSE,,,,,,,benthic,benthic (many possible substrates),,,,,,NON_N_FIXER,MODERATELY_MOTILE,,
Encyonema lange-bertalotii,Species,Encyonema,Encyonema lange-bertalotii,2,6,FALSE,,,,,,,benthic,benthic (many possible substrates),MEDIUM,,,,,NON_N_FIXER,MODERATELY_MOTILE,,
Encyonema latens,Species,Encyonema,Encyonema latens,48,62,FALSE,,,,,,,benthic,benthic (many possible substrates),VERY SMALL,,,,,NON_N_FIXER,MODERATELY_MOTILE,,
Encyonema leibleinii,Species,Encyonema,Encyonema leibleinii,1,1,FALSE,,,,,,,,,,,,,,,,,
Encyonema lunatum,Species,Encyonema,Encyonema lunatum,432,107,FALSE,3,,III,low,acid,,benthic,benthic (many possible substrates),SMALL,,,LOW_P,LOW_N,NON_N_FIXER,SLIGHTLY_MOTILE,,
Encyonema mesianum,Species,Encyonema,Encyonema mesianum,71,67,FALSE,4,4_better,IV_better,,hialkali,,benthic,benthic (many possible substrates),MEDIUM,,,,,NON_N_FIXER,MODERATELY_MOTILE,,
Encyonema minutum,Species,Encyonema,Encyonema minutum,740,499,FALSE,3,,III,,neutral,,benthic,benthic (many possible substrates),VERY SMALL,,,LOW_P,LOW_N,NON_N_FIXER,MODERATELY_MOTILE,,
Encyonema neogracile,Species,Encyonema,Encyonema neogracile,178,243,FALSE,4,4_middle,IV_middle,,acid,,benthic,benthic (many possible substrates),,,,,,NON_N_FIXER,MODERATELY_MOTILE,,
Encyonema norvegicum,Species,Encyonema,Encyonema norvegicum,3,3,FALSE,,,,,,,benthic,benthic (many possible substrates),SMALL,oligo,TROPHIC_1,,,NON_N_FIXER,MODERATELY_MOTILE,,
Encyonema obscurum,Species,Encyonema,Encyonema obscurum,5,6,FALSE,,,,,,,benthic,benthic (many possible substrates),MEDIUM,,,,,NON_N_FIXER,MODERATELY_MOTILE,,
Encyonema pergracile,Species,Encyonema,Encyonema pergracile,105,116,FALSE,4,4_better,IV_better,,neutral,,benthic,benthic (many possible substrates),MEDIUM,,,,,NON_N_FIXER,MODERATELY_MOTILE,,
Encyonema perminutum,Species,Encyonema,Encyonema perminutum,2,3,FALSE,,,,,,,benthic,benthic (many possible substrates),,,,,,NON_N_FIXER,MODERATELY_MOTILE,,
Encyonema perpusillum,Species,Encyonema,Encyonema perpusillum,81,273,FALSE,,,,,,,benthic,benthic (many possible substrates),SMALL,oligo,TROPHIC_1,LOW_P,,NON_N_FIXER,MODERATELY_MOTILE,,
Encyonema ponteanum,Species,Encyonema,Encyonema ponteanum,27,42,FALSE,,,,,,,benthic,benthic (many possible substrates),,,,,,NON_N_FIXER,MODERATELY_MOTILE,,
Encyonema reichardtii,Species,Encyonema,Encyonema reichardtii,9,10,FALSE,,,,,,,benthic,benthic (many possible substrates),BIG,meso,TROPHIC_3,,,NON_N_FIXER,MODERATELY_MOTILE,,
Encyonema reimeri,Species,Encyonema,Encyonema reimeri,1,1,FALSE,,,,,,,,,,,,,,,,,
Encyonema silesiacum,Species,Encyonema,Encyonema silesiacum,432,201,FALSE,4,4_middle,IV_middle,,alkali,,benthic,benthic (many possible substrates),MEDIUM,indiff,TROPHIC_7,,LOW_N,NON_N_FIXER,MODERATELY_MOTILE,,
Encyonema sp. 1 NE Lakes,Species/Dataset,Encyonema,Encyonema sp. 1 NE Lakes,5,3,FALSE,,,,,,,benthic,benthic (many possible substrates),,,,,,NON_N_FIXER,MODERATELY_MOTILE,,
Encyonema sp. 2 NE Lakes,Species/Dataset,Encyonema,Encyonema sp. 2 NE Lakes,5,6,FALSE,,,,,,,,,,,,,,,,,
Encyonema sp. 2 VTEC Lakes,Species/Dataset,Encyonema,Encyonema sp. 2 VTEC Lakes,1,5,FALSE,,,,,,,,,,,,,,,,,
Encyonema sp. 3 NE Lakes,Species/Dataset,Encyonema,Encyonema sp. 3 NE Lakes,1,1,FALSE,,,,,,,benthic,benthic (many possible substrates),,,,,,NON_N_FIXER,MODERATELY_MOTILE,,
Encyonema sp. 505 NE Lakes,Species/Dataset,Encyonema,Encyonema sp. 505 NE Lakes,1,1,FALSE,,,,,,,benthic,benthic (many possible substrates),,,,,,NON_N_FIXER,MODERATELY_MOTILE,,
Encyonema temperei,Species,Encyonema,Encyonema temperei,1,2,FALSE,,,,,,,,,,,,,,,,,
Encyonema tenuissimum,Species,Encyonema,Encyonema tenuissimum,1,3,FALSE,,,,,,,,,,,,,,,,,
Encyonema triangulum,Species,Encyonema,Encyonema triangulum,3,2,FALSE,,,,,,,benthic,benthic (many possible substrates),MEDIUM,,,,,NON_N_FIXER,MODERATELY_MOTILE,,
Encyonema tumida,Species,Encyonema,Encyonema tumida,5,3,FALSE,,,,,,,benthic,benthic (many possible substrates),MEDIUM,meso-eutra,TROPHIC_4,,,NON_N_FIXER,MODERATELY_MOTILE,,
Encyonema ventricosum,Species,Encyonema,Encyonema ventricosum,11,10,FALSE,,,,,,,benthic,benthic (many possible substrates),,,,,,NON_N_FIXER,MODERATELY_MOTILE,,
Encyonema vulgare,Species,Encyonema,Encyonema vulgare,10,16,FALSE,,,,,,,benthic,benthic (many possible substrates),MEDIUM,,,,,NON_N_FIXER,MODERATELY_MOTILE,,
Encyonema vulgare sensu lato,Variety,Encyonema,Encyonema vulgare,1,2,FALSE,,,,,,,benthic,benthic (many possible substrates),MEDIUM,,,,,NON_N_FIXER,MODERATELY_MOTILE,,
Encyonopsis,Genera,Encyonopsis,,24,96,FALSE,4,4_better,IV_better,,alkali,,benthic,benthic (many possible substrates),,,,,,NON_N_FIXER,SLIGHTLY_MOTILE,,
Encyonopsis aff. cesatii EAM,Species/Dataset,Encyonopsis,Encyonopsis aff. cesatii EAM,25,90,FALSE,,,,,,,,,,,,,,,,,
Encyonopsis albertana,Species,Encyonopsis,Encyonopsis albertana,73,146,FALSE,,,,,,,benthic,benthic (many possible substrates),,,,,,NON_N_FIXER,SLIGHTLY_MOTILE,,
Encyonopsis cesatiformis,Species,Encyonopsis,Encyonopsis cesatiformis,7,17,FALSE,,,,,,,benthic,benthic (many possible substrates),VERY SMALL,,,,,NON_N_FIXER,SLIGHTLY_MOTILE,,
Encyonopsis cesatii,Species,Encyonopsis,Encyonopsis cesatii,199,253,FALSE,3,,III,low,alkali,,benthic,benthic (many possible substrates),SMALL,oligo,TROPHIC_1,,,NON_N_FIXER,SLIGHTLY_MOTILE,,
Encyonopsis delicatissima,Species,Encyonopsis,Encyonopsis delicatissima,1,13,FALSE,,,,,,,,,,,,,,,,,
Encyonopsis descripta,Species,Encyonopsis,Encyonopsis descripta,124,184,FALSE,4,4_better,IV_better,,alkali,,benthic,benthic (many possible substrates),SMALL,oligo,TROPHIC_1,,,NON_N_FIXER,SLIGHTLY_MOTILE,,
Encyonopsis descriptiformis,Species,Encyonopsis,Encyonopsis descriptiformis,6,14,FALSE,,,,,,,benthic,benthic (many possible substrates),,,,,,NON_N_FIXER,SLIGHTLY_MOTILE,,
Encyonopsis falaisensis,Species,Encyonopsis,Encyonopsis falaisensis,5,13,FALSE,,,,,,,,,,,,,,,,,
Encyonopsis hustedtii,Species,Encyonopsis,Encyonopsis hustedtii,2,2,FALSE,,,,,,,benthic,benthic (many possible substrates),,,,,,NON_N_FIXER,SLIGHTLY_MOTILE,,
Encyonopsis krammeri,Species,Encyonopsis,Encyonopsis krammeri,119,244,FALSE,4,4_better,IV_better,,hialkali,,benthic,benthic (many possible substrates),SMALL,,,,,NON_N_FIXER,SLIGHTLY_MOTILE,,
Encyonopsis microcephala,Species,Encyonopsis,Encyonopsis microcephala,491,850,FALSE,3,,III,low,alkali,,benthic,benthic (many possible substrates),VERY SMALL,meso-eutra,TROPHIC_4,LOW_P,LOW_N,NON_N_FIXER,MODERATELY_MOTILE,,
Encyonopsis minuta,Species,Encyonopsis,Encyonopsis minuta,2,6,FALSE,,,,,,,,,,,,,,,,,
Encyonopsis montana,Species,Encyonopsis,Encyonopsis montana,24,55,FALSE,,,,,,,benthic,benthic (many possible substrates),,,,,,NON_N_FIXER,SLIGHTLY_MOTILE,,
Encyonopsis naviculacea,Species,Encyonopsis,Encyonopsis naviculacea,2,3,FALSE,,,,,,,benthic,benthic (many possible substrates),VERY SMALL,,,,,NON_N_FIXER,SLIGHTLY_MOTILE,,
Encyonopsis neerlandica,Species,Encyonopsis,Encyonopsis neerlandica,36,60,FALSE,,,,,,,benthic,benthic (many possible substrates),,,,,,NON_N_FIXER,SLIGHTLY_MOTILE,,
Encyonopsis sp. 1 NE Lakes,Species/Dataset,Encyonopsis,Encyonopsis sp. 1 NE Lakes,10,3,FALSE,,,,,,,benthic,benthic (many possible substrates),,,,,,NON_N_FIXER,SLIGHTLY_MOTILE,,
Encyonopsis sp. 2 NE Lakes,Species/Dataset,Encyonopsis,Encyonopsis sp. 2 NE Lakes,12,14,FALSE,,,,,,,benthic,benthic (many possible substrates),,,,,,NON_N_FIXER,SLIGHTLY_MOTILE,,
Encyonopsis sp. 501 NE Lakes,Species/Dataset,Encyonopsis,Encyonopsis sp. 501 NE Lakes,1,5,FALSE,,,,,,,benthic,benthic (many possible substrates),,,,,,NON_N_FIXER,SLIGHTLY_MOTILE,,
Encyonopsis sp. 601 NE Lakes,Species/Dataset,Encyonopsis,Encyonopsis sp. 601 NE Lakes,1,4,FALSE,,,,,,,,,,,,,,,,,
Encyonopsis stafsholtii,Species,Encyonopsis,Encyonopsis stafsholtii,93,400,FALSE,4,4_better,IV_better,,alkali,,benthic,benthic (many possible substrates),VERY SMALL,,,,,NON_N_FIXER,SLIGHTLY_MOTILE,,
Encyonopsis subminuta,Species,Encyonopsis,Encyonopsis subminuta,23,42,FALSE,,,,,,,benthic,benthic (many possible substrates),VERY SMALL,,,,,NON_N_FIXER,MODERATELY_MOTILE,,
Entomoneis,Genera,Entomoneis,,40,7,FALSE,4,4_middle,IV_middle,,hialkali,,benthic,benthic (many possible substrates),VERY_BIG,,,,,NON_N_FIXER,HIGHLY_MOTILE,HIGHLY_MOTILE.1,
Entomoneis ornata,Species,Entomoneis,Entomoneis ornata,26,10,FALSE,,,,,,,benthic,benthic (many possible substrates),VERY_BIG,oligo-meso,TROPHIC_2,,,NON_N_FIXER,HIGHLY_MOTILE,HIGHLY_MOTILE.1,
Entomoneis paludosa,Species,Entomoneis,Entomoneis paludosa,1,1,FALSE,,,,,,,benthic,benthic (many possible substrates),VERY_BIG,,,,,NON_N_FIXER,HIGHLY_MOTILE,HIGHLY_MOTILE.1,
Eolimna,Genera,Eolimna,,2,12,FALSE,4,4_better,IV_better,,neutral,,benthic,benthic (many possible substrates),,,,,,,,,
Eolimna aboensis,Species,Eolimna,Eolimna aboensis,91,165,FALSE,,,,,,,benthic,benthic (many possible substrates),VERY SMALL,,,,,NON_N_FIXER,SLIGHTLY_MOTILE,,
Eolimna metafarta,Species,Eolimna,Eolimna metafarta,13,8,FALSE,,,,,,,benthic,benthic (many possible substrates),VERY SMALL,,,,,NON_N_FIXER,SLIGHTLY_MOTILE,,
Eolimna minima,Species,Eolimna,Eolimna minima,104,342,FALSE,4,4_middle,IV_middle,,neutral,,benthic,benthic (many possible substrates),VERY SMALL,,,,,NON_N_FIXER,SLIGHTLY_MOTILE,,
Eolimna sp. 1 NE Lakes,Species/Dataset,Eolimna,Eolimna sp. 1 NE Lakes,116,157,FALSE,4,4_better,IV_better,,alkali,,benthic,benthic (many possible substrates),,,,,,,,,
Eolimna sp. 2 NE Lakes,Species/Dataset,Eolimna,Eolimna sp. 2 NE Lakes,3,6,FALSE,,,,,,,benthic,benthic (many possible substrates),,,,,,,,,
Eolimna subadnata,Species,Eolimna,Eolimna subadnata,1,1,FALSE,,,,,,,,,,,,,,,,,
Eolimna tantula,Species,Eolimna,Eolimna tantula,11,45,FALSE,,,,,,,benthic,benthic (many possible substrates),VERY SMALL,,,,,NON_N_FIXER,SLIGHTLY_MOTILE,,
Epithemia,Genera,Epithemia,,116,65,FALSE,4,4_middle,IV_middle,,hialkali,,"benthic,macrophytic",benthic (strong macrophyte indicator),,,,,LOW_N,N_FIXER,MODERATELY_MOTILE,HIGHLY_MOTILE.1,
Epithemia adnata,Species,Epithemia,Epithemia adnata,60,47,FALSE,2,,II,low,,,"benthic,macrophytic",benthic (strong macrophyte indicator),BIG,meso-eutra,TROPHIC_4,LOW_P,LOW_N,N_FIXER,MODERATELY_MOTILE,HIGHLY_MOTILE.1,
Epithemia argus,Species,Epithemia,Epithemia argus,12,10,FALSE,2,,II,low,,,"benthic,macrophytic",benthic (strong macrophyte indicator),BIG,meso,TROPHIC_3,,LOW_N,N_FIXER,MODERATELY_MOTILE,HIGHLY_MOTILE.1,
Epithemia argus var. protracta,Variety,Epithemia,Epithemia argus,1,1,FALSE,,,,,,,"benthic,macrophytic",benthic (strong macrophyte indicator),BIG,,,,LOW_N,N_FIXER,MODERATELY_MOTILE,HIGHLY_MOTILE.1,
Epithemia gibba,Species,Epithemia,Epithemia gibba,4,6,FALSE,,,,,,,"benthic,macrophytic",benthic (strong macrophyte indicator),,,,,LOW_N,N_FIXER,MODERATELY_MOTILE,HIGHLY_MOTILE.1,
Epithemia reichelti,Species,Epithemia,Epithemia reichelti,2,1,FALSE,,,,,,,"benthic,macrophytic",benthic (strong macrophyte indicator),BIG,,,,LOW_N,N_FIXER,MODERATELY_MOTILE,HIGHLY_MOTILE.1,
Epithemia smithii,Species,Epithemia,Epithemia smithii,11,3,FALSE,,,,,,,"benthic,macrophytic",benthic (strong macrophyte indicator),BIG,,,,LOW_N,N_FIXER,MODERATELY_MOTILE,HIGHLY_MOTILE.1,
Epithemia sorex,Species,Epithemia,Epithemia sorex,19,34,FALSE,2,,II,low,,,"benthic,macrophytic",benthic (strong macrophyte indicator),MEDIUM,eutra,TROPHIC_5,,LOW_N,N_FIXER,MODERATELY_MOTILE,HIGHLY_MOTILE.1,
Epithemia sp. 2 NE Lakes,Species/Dataset,Epithemia,Epithemia sp. 2 NE Lakes,5,3,FALSE,,,,,,,"benthic,macrophytic",benthic (strong macrophyte indicator),,,,,LOW_N,N_FIXER,MODERATELY_MOTILE,HIGHLY_MOTILE.1,
Epithemia turgida,Species,Epithemia,Epithemia turgida,29,34,FALSE,2,,II,low,,,"benthic,macrophytic",benthic (strong macrophyte indicator),BIG,meso-eutra,TROPHIC_4,,LOW_N,N_FIXER,MODERATELY_MOTILE,HIGHLY_MOTILE.1,
Epithemia turgida var. granulata,Variety,Epithemia,Epithemia turgida,2,3,FALSE,,,,,,,,,,,,,,,,,
Epithemia turgida var. westermannii,Variety,Epithemia,Epithemia turgida,1,1,FALSE,,,,,,,,,,,,,,,,,
Eucocconeis,Genera,Eucocconeis,,5,1,FALSE,4,4_better,IV_better,,alkali,,"benthic,macrophytic",benthic (strong macrophyte indicator),,,,,,,SLIGHTLY_MOTILE,,ADNATE
Eucocconeis alpestris,Species,Eucocconeis,Eucocconeis alpestris,40,15,FALSE,,,,,,,"benthic,macrophytic",benthic (strong macrophyte indicator),SMALL,oligo,TROPHIC_1,,,,SLIGHTLY_MOTILE,,ADNATE
Eucocconeis americana,Species,Eucocconeis,Eucocconeis americana,13,3,FALSE,,,,,,,"benthic,macrophytic",benthic (strong macrophyte indicator),,,,,,,SLIGHTLY_MOTILE,,ADNATE
Eucocconeis austriaca,Species,Eucocconeis,Eucocconeis austriaca,1,1,FALSE,,,,,,,"benthic,macrophytic",benthic (strong macrophyte indicator),,,,,,NON_N_FIXER,SLIGHTLY_MOTILE,,ADNATE
Eucocconeis depressa,Species,Eucocconeis,Eucocconeis depressa,5,3,FALSE,,,,,,,"benthic,macrophytic",benthic (strong macrophyte indicator),,,,,,,SLIGHTLY_MOTILE,,ADNATE
Eucocconeis flexella,Species,Eucocconeis,Eucocconeis flexella,298,150,FALSE,3,,III,low,alkali,,"benthic,macrophytic",benthic (strong macrophyte indicator),SMALL,oligo,TROPHIC_1,LOW_P,,,SLIGHTLY_MOTILE,,ADNATE
Eucocconeis laevis,Species,Eucocconeis,Eucocconeis laevis,94,55,FALSE,3,,III,low,alkali,,"benthic,macrophytic",benthic (strong macrophyte indicator),MEDIUM,oligo,TROPHIC_1,LOW_P,LOW_N,,SLIGHTLY_MOTILE,,ADNATE
Eucocconeis lapponica,Species,Eucocconeis,Eucocconeis lapponica,7,3,FALSE,,,,,,,"benthic,macrophytic",benthic (strong macrophyte indicator),SMALL,,,,,,SLIGHTLY_MOTILE,,ADNATE
Eucocconeis leptostriata,Species,Eucocconeis,Eucocconeis leptostriata,4,6,FALSE,,,,,,,"benthic,macrophytic",benthic (strong macrophyte indicator),,,,,,,SLIGHTLY_MOTILE,,ADNATE
Eucocconeis sp. 1 NE Lakes,Species/Dataset,Eucocconeis,Eucocconeis sp. 1 NE Lakes,6,9,FALSE,,,,,,,"benthic,macrophytic",benthic (strong macrophyte indicator),,,,,,,SLIGHTLY_MOTILE,,ADNATE
Eucocconeis sp. 2 NE Lakes,Species/Dataset,Eucocconeis,Eucocconeis sp. 2 NE Lakes,4,3,FALSE,,,,,,,"benthic,macrophytic",benthic (strong macrophyte indicator),,,,,,,SLIGHTLY_MOTILE,,ADNATE
Eunotia,Genera,Eunotia,,513,1044,FALSE,4,4_middle,IV_middle,,acid,,"benthic,macrophytic",benthic (strong macrophyte indicator),,,,LOW_P,LOW_N,NON_N_FIXER,WEAKLY_MOTILE,,
Eunotia ambivalens,Species,Eunotia,Eunotia ambivalens,110,44,FALSE,4,4_better,IV_better,,acid,,"benthic,macrophytic",benthic (strong macrophyte indicator),,,,LOW_P,LOW_N,NON_N_FIXER,WEAKLY_MOTILE,,
Eunotia arcubus,Species,Eunotia,Eunotia arcubus,10,3,FALSE,,,,,,,"benthic,macrophytic",benthic (strong macrophyte indicator),,,,LOW_P,LOW_N,NON_N_FIXER,WEAKLY_MOTILE,,
Eunotia arculus,Species,Eunotia,Eunotia arculus,1,2,FALSE,,,,,,,"benthic,macrophytic",benthic (strong macrophyte indicator),,,,LOW_P,LOW_N,NON_N_FIXER,WEAKLY_MOTILE,,
Eunotia arcus,Species,Eunotia,Eunotia arcus,56,58,FALSE,,,,,,,"benthic,macrophytic",benthic (strong macrophyte indicator),MEDIUM,oligo-meso,TROPHIC_2,,,NON_N_FIXER,WEAKLY_MOTILE,,
Eunotia arcus var. bidens,Variety,Eunotia,Eunotia arcus,1,2,FALSE,,,,,,,"benthic,macrophytic",benthic (strong macrophyte indicator),SMALL,oligo-meso,TROPHIC_2,,,NON_N_FIXER,WEAKLY_MOTILE,,
Eunotia arcus var. fallax,Variety,Eunotia,Eunotia arcus,2,1,FALSE,,,,,,,,,,,,,,,,,
Eunotia assymetrica,Species,Eunotia,Eunotia assymetrica,1,5,FALSE,,,,,,,,,,,,,,,,,
Eunotia bactriana,Species,Eunotia,Eunotia bactriana,50,21,FALSE,,,,,,,"benthic,macrophytic",benthic (strong macrophyte indicator),,,,LOW_P,LOW_N,NON_N_FIXER,WEAKLY_MOTILE,,
Eunotia bertrandii,Species,Eunotia,Eunotia bertrandii,5,6,FALSE,,,,,,,"benthic,macrophytic",benthic (strong macrophyte indicator),,,,LOW_P,LOW_N,NON_N_FIXER,WEAKLY_MOTILE,,
Eunotia bidens,Species,Eunotia,Eunotia bidens,5,6,FALSE,,,,,,,"benthic,macrophytic",benthic (strong macrophyte indicator),,,,LOW_P,LOW_N,NON_N_FIXER,WEAKLY_MOTILE,,
Eunotia bidens/E. richbuttensis,Species/Slash,Eunotia,,3,11,FALSE,,,,,,,,,,,,,,,,,
Eunotia bidentula,Species,Eunotia,Eunotia bidentula,221,482,FALSE,3,,III,low,acid,,"benthic,macrophytic",benthic (strong macrophyte indicator),MEDIUM,,,,,NON_N_FIXER,WEAKLY_MOTILE,,
Eunotia bigibba,Species,Eunotia,Eunotia bigibba,20,91,FALSE,,,,,,,"benthic,macrophytic",benthic (strong macrophyte indicator),SMALL,,,,,NON_N_FIXER,WEAKLY_MOTILE,,
Eunotia bigibba var. pumila,Variety,Eunotia,Eunotia bigibba,32,6,FALSE,,,,,,,"benthic,macrophytic",benthic (strong macrophyte indicator),SMALL,,,,,NON_N_FIXER,WEAKLY_MOTILE,,
Eunotia bilunaris,Species,Eunotia,Eunotia bilunaris,301,324,FALSE,4,4_middle,IV_middle,,neutral,,"benthic,macrophytic",benthic (strong macrophyte indicator),SMALL,indiff,TROPHIC_7,,,NON_N_FIXER,WEAKLY_MOTILE,,
Eunotia bilunaris var. linearis,Variety,Eunotia,Eunotia bilunaris,14,28,FALSE,,,,,,,"benthic,macrophytic",benthic (strong macrophyte indicator),SMALL,,,,,NON_N_FIXER,WEAKLY_MOTILE,,
Eunotia boreoalpina,Species,Eunotia,Eunotia boreoalpina,17,19,FALSE,,,,,,,"benthic,macrophytic",benthic (strong macrophyte indicator),,,,LOW_P,LOW_N,NON_N_FIXER,WEAKLY_MOTILE,,
Eunotia botuliformis,Species,Eunotia,Eunotia botuliformis,16,34,FALSE,,,,,,,"benthic,macrophytic",benthic (strong macrophyte indicator),SMALL,,,,,NON_N_FIXER,WEAKLY_MOTILE,,
Eunotia canicula,Species,Eunotia,Eunotia canicula,84,193,FALSE,4,4_better,IV_better,,acid,,"benthic,macrophytic",benthic (strong macrophyte indicator),SMALL,,,,,NON_N_FIXER,SLIGHTLY_MOTILE,,
Eunotia carolina,Species,Eunotia,Eunotia carolina,26,36,FALSE,4,4_better,IV_better,,acid,,"benthic,macrophytic",benthic (strong macrophyte indicator),SMALL,,,,,NON_N_FIXER,WEAKLY_MOTILE,,
Eunotia carolina var. 1 PIRLA,Variety/Dataset,Eunotia,Eunotia carolina,157,202,FALSE,,,,,,,,,,,,,,,,,
Eunotia cataractarum,Species,Eunotia,Eunotia cataractarum,1,1,FALSE,,,,,,,"benthic,macrophytic",benthic (strong macrophyte indicator),,,,LOW_P,LOW_N,NON_N_FIXER,WEAKLY_MOTILE,,
Eunotia cf. carolina NLS DME,Species/Dataset,Eunotia,Eunotia cf. carolina NLS DME,4,50,FALSE,,,,,,,,,,,,,,,,,
Eunotia cf. pirla NLS DME,Species/Dataset,Eunotia,Eunotia cf. pirla NLS DME,2,48,FALSE,,,,,,,,,,,,,,,,,
Eunotia charliereimeri,Species,Eunotia,Eunotia charliereimeri,1,1,FALSE,,,,,,,"benthic,macrophytic",benthic (strong macrophyte indicator),,,,LOW_P,LOW_N,NON_N_FIXER,WEAKLY_MOTILE,,
Eunotia chelonia,Species,Eunotia,Eunotia chelonia,9,6,FALSE,,,,,,,"benthic,macrophytic",benthic (strong macrophyte indicator),,,,LOW_P,LOW_N,NON_N_FIXER,WEAKLY_MOTILE,,
Eunotia circumborealis,Species,Eunotia,Eunotia circumborealis,15,19,FALSE,,,,,,,"benthic,macrophytic",benthic (strong macrophyte indicator),MEDIUM,,,,,NON_N_FIXER,WEAKLY_MOTILE,,
Eunotia cisalpina,Species,Eunotia,Eunotia cisalpina,15,11,FALSE,,,,,,,"benthic,macrophytic",benthic (strong macrophyte indicator),,,,LOW_P,LOW_N,NON_N_FIXER,WEAKLY_MOTILE,,
Eunotia compactarcus,Species,Eunotia,Eunotia compactarcus,7,3,FALSE,,,,,,,"benthic,macrophytic",benthic (strong macrophyte indicator),,,,LOW_P,LOW_N,NON_N_FIXER,WEAKLY_MOTILE,,
Eunotia cristagalli,Species,Eunotia,Eunotia cristagalli,2,10,FALSE,,,,,,,"benthic,macrophytic",benthic (strong macrophyte indicator),,,,,,NON_N_FIXER,WEAKLY_MOTILE,,
Eunotia curtagrunowii,Species,Eunotia,Eunotia curtagrunowii,1,1,FALSE,,,,,,,"benthic,macrophytic",benthic (strong macrophyte indicator),SMALL,,,,,NON_N_FIXER,WEAKLY_MOTILE,,
Eunotia curvata,Species,Eunotia,Eunotia curvata,443,1054,FALSE,3,,III,low,acid,,"benthic,macrophytic",benthic (strong macrophyte indicator),,,,LOW_P,LOW_N,NON_N_FIXER,WEAKLY_MOTILE,,
Eunotia curvata fo. bergii,Variety,Eunotia,Eunotia curvata,2,5,FALSE,,,,,,,"benthic,macrophytic",benthic (strong macrophyte indicator),,,,,,NON_N_FIXER,WEAKLY_MOTILE,,
Eunotia curvata var. capitata,Variety,Eunotia,Eunotia curvata,45,48,FALSE,,,,,,,"benthic,macrophytic",benthic (strong macrophyte indicator),,,,,,NON_N_FIXER,WEAKLY_MOTILE,,
Eunotia curvata var. subarcuata,Variety,Eunotia,Eunotia curvata,102,665,FALSE,3,,III,low,acid,,"benthic,macrophytic",benthic (strong macrophyte indicator),,,,,,NON_N_FIXER,WEAKLY_MOTILE,,
Eunotia denticulata,Species,Eunotia,Eunotia denticulata,13,11,FALSE,,,,,,,"benthic,macrophytic",benthic (strong macrophyte indicator),,oligo,TROPHIC_1,,,NON_N_FIXER,WEAKLY_MOTILE,,
Eunotia diadema,Species,Eunotia,Eunotia diadema,19,10,FALSE,,,,,,,"benthic,macrophytic",benthic (strong macrophyte indicator),SMALL,,,,,NON_N_FIXER,SLIGHTLY_MOTILE,,
Eunotia diodon,Species,Eunotia,Eunotia diodon,24,18,FALSE,,,,,,,"benthic,macrophytic",benthic (strong macrophyte indicator),,oligo,TROPHIC_1,,,NON_N_FIXER,WEAKLY_MOTILE,,
Eunotia elegans,Species,Eunotia,Eunotia elegans,124,49,FALSE,3,,III,low,acid,,"benthic,macrophytic",benthic (strong macrophyte indicator),SMALL,oligo,TROPHIC_1,,,NON_N_FIXER,WEAKLY_MOTILE,,
Eunotia elena,Species,Eunotia,Eunotia elena,37,36,FALSE,,,,,,,"benthic,macrophytic",benthic (strong macrophyte indicator),,,,LOW_P,LOW_N,NON_N_FIXER,WEAKLY_MOTILE,,
Eunotia eurycephala,Species,Eunotia,Eunotia eurycephala,37,14,FALSE,,,,,,,"benthic,macrophytic",benthic (strong macrophyte indicator),,,,LOW_P,LOW_N,NON_N_FIXER,WEAKLY_MOTILE,,
Eunotia exigua,Species,Eunotia,Eunotia exigua,493,1302,FALSE,3,,III,low,acid,,"benthic,macrophytic",benthic (strong macrophyte indicator),VERY SMALL,indiff,TROPHIC_7,LOW_P,LOW_N,NON_N_FIXER,SLIGHTLY_MOTILE,,
Eunotia exigua var. bidens,Variety,Eunotia,Eunotia exigua,10,14,FALSE,,,,,,,"benthic,macrophytic",benthic (strong macrophyte indicator),VERY SMALL,,,LOW_P,LOW_N,NON_N_FIXER,SLIGHTLY_MOTILE,,
Eunotia exigua var. compacta,Variety,Eunotia,Eunotia exigua,3,3,FALSE,,,,,,,"benthic,macrophytic",benthic (strong macrophyte indicator),VERY SMALL,indiff,TROPHIC_7,LOW_P,LOW_N,NON_N_FIXER,SLIGHTLY_MOTILE,,
Eunotia exigua var. tridentula,Variety,Eunotia,Eunotia exigua,2,4,FALSE,,,,,,,"benthic,macrophytic",benthic (strong macrophyte indicator),VERY SMALL,,,LOW_P,LOW_N,NON_N_FIXER,SLIGHTLY_MOTILE,,
Eunotia faba,Species,Eunotia,Eunotia faba,306,282,FALSE,4,4_better,IV_better,,acid,,"benthic,macrophytic",benthic (strong macrophyte indicator),SMALL,oligo-meso,TROPHIC_2,,,NON_N_FIXER,SLIGHTLY_MOTILE,,
Eunotia fallacoides,Species,Eunotia,Eunotia fallacoides,2,7,FALSE,,,,,,,"benthic,macrophytic",benthic (strong macrophyte indicator),,,,LOW_P,LOW_N,NON_N_FIXER,WEAKLY_MOTILE,,
Eunotia fallax,Species,Eunotia,Eunotia fallax,92,58,FALSE,3,,III,low,acid,,"benthic,macrophytic",benthic (strong macrophyte indicator),,oligo,TROPHIC_1,,,NON_N_FIXER,WEAKLY_MOTILE,,
Eunotia fallax var. gracillima,Variety,Eunotia,Eunotia fallax,4,1,FALSE,,,,,,,"benthic,macrophytic",benthic (strong macrophyte indicator),,oligo,TROPHIC_1,,,NON_N_FIXER,WEAKLY_MOTILE,,
Eunotia flexuosa,Species,Eunotia,Eunotia flexuosa,579,443,FALSE,4,4_better,IV_better,,acid,,"benthic,macrophytic",benthic (strong macrophyte indicator),SMALL,oligo-meso,TROPHIC_2,LOW_P,,NON_N_FIXER,WEAKLY_MOTILE,,
Eunotia formica,Species,Eunotia,Eunotia formica,201,187,FALSE,4,4_middle,IV_middle,,neutral,,"benthic,macrophytic",benthic (strong macrophyte indicator),BIG,meso,TROPHIC_3,,,NON_N_FIXER,SLIGHTLY_MOTILE,,
Eunotia gallica,Species,Eunotia,Eunotia gallica,3,4,FALSE,,,,,,,"benthic,macrophytic",benthic (strong macrophyte indicator),,,,LOW_P,LOW_N,NON_N_FIXER,WEAKLY_MOTILE,,
Eunotia gibbosa,Species,Eunotia,Eunotia gibbosa,9,1,FALSE,,,,,,,"benthic,macrophytic",benthic (strong macrophyte indicator),,,,LOW_P,LOW_N,NON_N_FIXER,WEAKLY_MOTILE,,
Eunotia glacialis,Species,Eunotia,Eunotia glacialis,25,21,FALSE,,,,,,,"benthic,macrophytic",benthic (strong macrophyte indicator),MEDIUM,oligo-meso,TROPHIC_2,,,NON_N_FIXER,WEAKLY_MOTILE,,
Eunotia groenlandica,Species,Eunotia,Eunotia groenlandica,1,1,FALSE,,,,,,,,,,,,,,,,,
Eunotia hexaglyphis,Species,Eunotia,Eunotia hexaglyphis,157,209,FALSE,4,4_better,IV_better,,acid,,"benthic,macrophytic",benthic (strong macrophyte indicator),,,,LOW_P,LOW_N,NON_N_FIXER,WEAKLY_MOTILE,,
Eunotia iatriaensis,Species,Eunotia,Eunotia iatriaensis,113,21,FALSE,3,,III,low,acid,,"benthic,macrophytic",benthic (strong macrophyte indicator),,,,,,NON_N_FIXER,WEAKLY_MOTILE,,
Eunotia implicata,Species,Eunotia,Eunotia implicata,182,215,FALSE,4,4_middle,IV_middle,,neutral,,"benthic,macrophytic",benthic (strong macrophyte indicator),SMALL,,,LOW_P,LOW_N,NON_N_FIXER,WEAKLY_MOTILE,,
Eunotia incisa,Species,Eunotia,Eunotia incisa,1000,1234,FALSE,4,4_better,IV_better,low,acid,,"benthic,macrophytic",benthic (strong macrophyte indicator),SMALL,oligo,TROPHIC_1,LOW_P,LOW_N,NON_N_FIXER,SLIGHTLY_MOTILE,,
Eunotia incisa var. 1 PIRLA,Variety/Dataset,Eunotia,Eunotia incisa,5,6,FALSE,,,,,,,,,,,,,,,,,
Eunotia incisa var. 2 PIRLA,Variety/Dataset,Eunotia,Eunotia incisa,10,13,FALSE,,,,,,,,,,,,,,,,,
Eunotia incisa var. 4 PIRLA,Variety/Dataset,Eunotia,Eunotia incisa,1,7,FALSE,,,,,,,,,,,,,,,,,
Eunotia incisa var. 6 PIRLA,Variety/Dataset,Eunotia,Eunotia incisa,28,85,FALSE,,,,,,,,,,,,,,,,,
Eunotia incisa var. 8 PIRLA,Variety/Dataset,Eunotia,Eunotia incisa,2,1,FALSE,,,,,,,,,,,,,,,,,
Eunotia indica,Species,Eunotia,Eunotia indica,1,1,FALSE,,,,,,,"benthic,macrophytic",benthic (strong macrophyte indicator),SMALL,,,,,NON_N_FIXER,WEAKLY_MOTILE,,
Eunotia intermedia,Species,Eunotia,Eunotia intermedia,265,401,FALSE,3,,III,low,acid,,"benthic,macrophytic",benthic (strong macrophyte indicator),SMALL,oligo,TROPHIC_1,,,NON_N_FIXER,WEAKLY_MOTILE,,
Eunotia islandica,Species,Eunotia,Eunotia islandica,1,2,FALSE,,,,,,,"benthic,macrophytic",benthic (strong macrophyte indicator),,,,LOW_P,LOW_N,NON_N_FIXER,WEAKLY_MOTILE,,
Eunotia kocheliensis,Species,Eunotia,Eunotia kocheliensis,14,6,FALSE,,,,,,,"benthic,macrophytic",benthic (strong macrophyte indicator),,,,LOW_P,LOW_N,NON_N_FIXER,WEAKLY_MOTILE,,
Eunotia kruegeri,Species,Eunotia,Eunotia kruegeri,4,5,FALSE,,,,,,,"benthic,macrophytic",benthic (strong macrophyte indicator),,,,LOW_P,LOW_N,NON_N_FIXER,WEAKLY_MOTILE,,
Eunotia kulikovskiyi,Species,Eunotia,Eunotia kulikovskiyi,5,10,FALSE,,,,,,,"benthic,macrophytic",benthic (strong macrophyte indicator),,,,LOW_P,LOW_N,NON_N_FIXER,WEAKLY_MOTILE,,
Eunotia lapponica,Species,Eunotia,Eunotia lapponica,33,73,FALSE,,,,,,,"benthic,macrophytic",benthic (strong macrophyte indicator),,,,LOW_P,LOW_N,NON_N_FIXER,WEAKLY_MOTILE,,
Eunotia latinasuta,Species,Eunotia,Eunotia latinasuta,1,1,FALSE,,,,,,,"benthic,macrophytic",benthic (strong macrophyte indicator),,,,LOW_P,LOW_N,NON_N_FIXER,WEAKLY_MOTILE,,
Eunotia lunaris,Species,Eunotia,Eunotia lunaris,1,5,FALSE,,,,,,,"benthic,macrophytic",benthic (strong macrophyte indicator),,,,,,,,,
Eunotia lunaris var. attenuata,Variety,Eunotia,Eunotia lunaris,249,259,FALSE,3,,III,low,acid,,"benthic,macrophytic",benthic (strong macrophyte indicator),,,,LOW_P,LOW_N,NON_N_FIXER,WEAKLY_MOTILE,,
Eunotia macroglossa,Species,Eunotia,Eunotia macroglossa,30,15,FALSE,,,,,,,"benthic,macrophytic",benthic (strong macrophyte indicator),MEDIUM,,,,,NON_N_FIXER,SLIGHTLY_MOTILE,,
Eunotia maior,Species,Eunotia,Eunotia maior,14,97,FALSE,,,,,,,"benthic,macrophytic",benthic (strong macrophyte indicator),MEDIUM,,,,,NON_N_FIXER,WEAKLY_MOTILE,,
Eunotia major,Species,Eunotia,Eunotia major,2,1,FALSE,,,,,,,,,,,,,,,,,
Eunotia meisteri,Species,Eunotia,Eunotia meisteri,140,77,FALSE,3,,III,low,acid,,"benthic,macrophytic",benthic (strong macrophyte indicator),VERY SMALL,oligo,TROPHIC_1,,,NON_N_FIXER,WEAKLY_MOTILE,,
Eunotia meisteri var. bidens,Variety,Eunotia,Eunotia meisteri,62,67,FALSE,,,,,,,"benthic,macrophytic",benthic (strong macrophyte indicator),VERY SMALL,oligo,TROPHIC_1,,,NON_N_FIXER,WEAKLY_MOTILE,,
Eunotia meisterioides,Species,Eunotia,Eunotia meisterioides,44,50,FALSE,4,4_better,IV_better,,acid,,"benthic,macrophytic",benthic (strong macrophyte indicator),,,,LOW_P,LOW_N,NON_N_FIXER,WEAKLY_MOTILE,,
Eunotia metamonodon,Species,Eunotia,Eunotia metamonodon,30,142,FALSE,,,,,,,"benthic,macrophytic",benthic (strong macrophyte indicator),BIG,,,LOW_P,LOW_N,NON_N_FIXER,WEAKLY_MOTILE,,
Eunotia microcephala,Species,Eunotia,Eunotia microcephala,92,123,FALSE,3,,III,low,acid,,"benthic,macrophytic",benthic (strong macrophyte indicator),VERY SMALL,oligo,TROPHIC_1,,LOW_N,NON_N_FIXER,SLIGHTLY_MOTILE,,
Eunotia microcephala var. tridentata,Variety,Eunotia,Eunotia microcephala,48,56,FALSE,,,,,,,"benthic,macrophytic",benthic (strong macrophyte indicator),VERY SMALL,,,,LOW_N,NON_N_FIXER,WEAKLY_MOTILE,,
Eunotia minor,Species,Eunotia,Eunotia minor,340,1292,FALSE,3,,III,low,acid,,"benthic,macrophytic",benthic (strong macrophyte indicator),SMALL,,,,,NON_N_FIXER,SLIGHTLY_MOTILE,,
Eunotia minor/E. dorofeyukae,Species/Slash,Eunotia,,26,45,FALSE,,,,,,,,,,,,,,,,,
Eunotia minutula,Species,Eunotia,Eunotia minutula,1,8,FALSE,,,,,,,"benthic,macrophytic",benthic (strong macrophyte indicator),,,,LOW_P,LOW_N,NON_N_FIXER,WEAKLY_MOTILE,,
Eunotia monodon,Species,Eunotia,Eunotia monodon,219,182,FALSE,4,4_middle,IV_middle,,acid,,"benthic,macrophytic",benthic (strong macrophyte indicator),BIG,oligo,TROPHIC_1,LOW_P,LOW_N,NON_N_FIXER,WEAKLY_MOTILE,,
Eunotia mucophila,Species,Eunotia,Eunotia mucophila,135,414,FALSE,4,4_better,IV_better,,acid,,"benthic,macrophytic",benthic (strong macrophyte indicator),MEDIUM,,,,,NON_N_FIXER,WEAKLY_MOTILE,,
Eunotia muscicola var. tridentula,Variety,Eunotia,Eunotia muscicola,22,6,FALSE,,,,,,,"benthic,macrophytic",benthic (strong macrophyte indicator),VERY SMALL,,,,,NON_N_FIXER,WEAKLY_MOTILE,,
Eunotia naegelii,Species,Eunotia,Eunotia naegelii,379,878,FALSE,4,4_better,IV_better,,acid,,"benthic,macrophytic",benthic (strong macrophyte indicator),SMALL,oligo-meso,TROPHIC_2,,,NON_N_FIXER,WEAKLY_MOTILE,,
Eunotia neocompacta var. vixcompacta,Variety,Eunotia,Eunotia neocompacta,27,32,FALSE,,,,,,,"benthic,macrophytic",benthic (strong macrophyte indicator),,,,,,NON_N_FIXER,WEAKLY_MOTILE,,
Eunotia neofallax,Species,Eunotia,Eunotia neofallax,4,6,FALSE,,,,,,,"benthic,macrophytic",benthic (strong macrophyte indicator),,,,LOW_P,LOW_N,NON_N_FIXER,WEAKLY_MOTILE,,
Eunotia nivalis,Species,Eunotia,Eunotia nivalis,1,1,FALSE,,,,,,,"benthic,macrophytic",benthic (strong macrophyte indicator),,,,LOW_P,LOW_N,NON_N_FIXER,WEAKLY_MOTILE,,
Eunotia novaeangliae,Species,Eunotia,Eunotia novaeangliae,9,24,FALSE,,,,,,,"benthic,macrophytic",benthic (strong macrophyte indicator),,,,LOW_P,LOW_N,NON_N_FIXER,WEAKLY_MOTILE,,
Eunotia novascotica,Species,Eunotia,Eunotia novascotica,10,3,FALSE,,,,,,,"benthic,macrophytic",benthic (strong macrophyte indicator),,,,LOW_P,LOW_N,NON_N_FIXER,WEAKLY_MOTILE,,
Eunotia nymanniana,Species,Eunotia,Eunotia nymanniana,43,57,FALSE,,,,,,,"benthic,macrophytic",benthic (strong macrophyte indicator),,,,LOW_P,LOW_N,NON_N_FIXER,WEAKLY_MOTILE,,
Eunotia obtusinasuta,Species,Eunotia,Eunotia obtusinasuta,14,17,FALSE,,,,,,,"benthic,macrophytic",benthic (strong macrophyte indicator),,,,LOW_P,LOW_N,NON_N_FIXER,WEAKLY_MOTILE,,
Eunotia paludosa,Species,Eunotia,Eunotia paludosa,44,98,FALSE,,,,,,,"benthic,macrophytic",benthic (strong macrophyte indicator),VERY SMALL,oligo-meso,TROPHIC_2,LOW_P,LOW_N,NON_N_FIXER,SLIGHTLY_MOTILE,,
Eunotia paludosa var. trinacria,Variety,Eunotia,Eunotia paludosa,9,67,FALSE,,,,,,,"benthic,macrophytic",benthic (strong macrophyte indicator),VERY SMALL,,,LOW_P,LOW_N,NON_N_FIXER,WEAKLY_MOTILE,,
Eunotia pantropica,Species,Eunotia,Eunotia pantropica,1,1,FALSE,,,,,,,,,,,,,,,,,
Eunotia papilioforma,Species,Eunotia,Eunotia papilioforma,7,10,FALSE,,,,,,,"benthic,macrophytic",benthic (strong macrophyte indicator),VERY SMALL,,,,,NON_N_FIXER,SLIGHTLY_MOTILE,,
Eunotia parallela,Species,Eunotia,Eunotia parallela,26,56,FALSE,,,,,,,"benthic,macrophytic",benthic (strong macrophyte indicator),,oligo-meso,TROPHIC_2,,,NON_N_FIXER,WEAKLY_MOTILE,,
Eunotia pectinalis,Species,Eunotia,Eunotia pectinalis,377,678,FALSE,4,4_better,IV_better,,acid,,"benthic,macrophytic",benthic (strong macrophyte indicator),BIG,meso-eutra,TROPHIC_4,LOW_P,LOW_N,NON_N_FIXER,WEAKLY_MOTILE,,
Eunotia pectinalis var. 4 PIRLA,Variety/Dataset,Eunotia,Eunotia pectinalis,1,2,FALSE,,,,,,,"benthic,macrophytic",benthic (strong macrophyte indicator),BIG,meso-eutra,TROPHIC_4,LOW_P,LOW_N,NON_N_FIXER,WEAKLY_MOTILE,,
Eunotia pectinalis var. undulata,Variety,Eunotia,Eunotia pectinalis,281,1406,FALSE,4,4_middle,IV_middle,,acid,,"benthic,macrophytic",benthic (strong macrophyte indicator),BIG,oligo-meso,TROPHIC_2,LOW_P,LOW_N,NON_N_FIXER,WEAKLY_MOTILE,,
Eunotia pectinalis var. ventricosa,Variety,Eunotia,Eunotia pectinalis,372,831,FALSE,4,4_better,IV_better,,acid,,"benthic,macrophytic",benthic (strong macrophyte indicator),BIG,,,LOW_P,LOW_N,NON_N_FIXER,WEAKLY_MOTILE,,
Eunotia perpusilla,Species,Eunotia,Eunotia perpusilla,42,34,FALSE,,,,,,,"benthic,macrophytic",benthic (strong macrophyte indicator),VERY SMALL,,,,,NON_N_FIXER,WEAKLY_MOTILE,,
Eunotia pienitzii,Species,Eunotia,Eunotia pienitzii,1,1,FALSE,,,,,,,"benthic,macrophytic",benthic (strong macrophyte indicator),,,,LOW_P,LOW_N,NON_N_FIXER,WEAKLY_MOTILE,,
Eunotia pirla,Species,Eunotia,Eunotia pirla,151,499,FALSE,4,4_better,IV_better,,acid,,"benthic,macrophytic",benthic (strong macrophyte indicator),,,,,,NON_N_FIXER,WEAKLY_MOTILE,,
Eunotia polydentula,Species,Eunotia,Eunotia polydentula,4,8,FALSE,,,,,,,"benthic,macrophytic",benthic (strong macrophyte indicator),VERY SMALL,,,,,NON_N_FIXER,WEAKLY_MOTILE,,
Eunotia praerupta,Species,Eunotia,Eunotia praerupta,219,88,FALSE,3,,III,low,acid,,"benthic,macrophytic",benthic (strong macrophyte indicator),SMALL,meso,TROPHIC_3,LOW_P,LOW_N,NON_N_FIXER,WEAKLY_MOTILE,,
Eunotia praerupta cf. var. monodon fo. polaris,Variety,Eunotia,Eunotia praerupta,29,22,FALSE,,,,,,,,,,,,,,,,,
Eunotia praerupta var. inflata,Variety,Eunotia,Eunotia praerupta,2,4,FALSE,,,,,,,"benthic,macrophytic",benthic (strong macrophyte indicator),SMALL,meso,TROPHIC_3,LOW_P,LOW_N,NON_N_FIXER,WEAKLY_MOTILE,,
Eunotia praerupta var. muscicola,Variety,Eunotia,Eunotia praerupta,2,1,FALSE,,,,,,,"benthic,macrophytic",benthic (strong macrophyte indicator),SMALL,meso,TROPHIC_3,LOW_P,LOW_N,NON_N_FIXER,WEAKLY_MOTILE,,
Eunotia pseudogroenlandica,Species,Eunotia,Eunotia pseudogroenlandica,46,48,FALSE,3,,III,low,acid,,"benthic,macrophytic",benthic (strong macrophyte indicator),,,,LOW_P,LOW_N,NON_N_FIXER,WEAKLY_MOTILE,,
Eunotia punctastriata,Species,Eunotia,Eunotia punctastriata,42,35,FALSE,,,,,,,"benthic,macrophytic",benthic (strong macrophyte indicator),,,,LOW_P,LOW_N,NON_N_FIXER,WEAKLY_MOTILE,,
Eunotia quaternaria,Species,Eunotia,Eunotia quaternaria,1,1,FALSE,,,,,,,"benthic,macrophytic",benthic (strong macrophyte indicator),,,,LOW_P,LOW_N,NON_N_FIXER,WEAKLY_MOTILE,,
Eunotia rabenhorstii,Species,Eunotia,Eunotia rabenhorstii,2,72,FALSE,,,,,,,"benthic,macrophytic",benthic (strong macrophyte indicator),,,,,,NON_N_FIXER,WEAKLY_MOTILE,,
Eunotia reflexa fo. minores,Variety,Eunotia,Eunotia reflexa,1,4,FALSE,,,,,,,"benthic,macrophytic",benthic (strong macrophyte indicator),,,,LOW_P,LOW_N,NON_N_FIXER,WEAKLY_MOTILE,,
Eunotia rhomboidea,Species,Eunotia,Eunotia rhomboidea,400,461,FALSE,4,4_better,IV_better,,acid,,"benthic,macrophytic",benthic (strong macrophyte indicator),VERY SMALL,oligo-meso,TROPHIC_2,,,NON_N_FIXER,SLIGHTLY_MOTILE,,
Eunotia rhynchocephala,Species,Eunotia,Eunotia rhynchocephala,33,23,FALSE,,,,,,,"benthic,macrophytic",benthic (strong macrophyte indicator),,,,LOW_P,LOW_N,NON_N_FIXER,WEAKLY_MOTILE,,
Eunotia romanowii,Species,Eunotia,Eunotia romanowii,9,16,FALSE,,,,,,,"benthic,macrophytic",benthic (strong macrophyte indicator),,,,LOW_P,LOW_N,NON_N_FIXER,WEAKLY_MOTILE,,
Eunotia rostellata,Species,Eunotia,Eunotia rostellata,5,9,FALSE,,,,,,,"benthic,macrophytic",benthic (strong macrophyte indicator),SMALL,,,,,NON_N_FIXER,WEAKLY_MOTILE,,
Eunotia satelles,Species,Eunotia,Eunotia satelles,14,10,FALSE,,,,,,,"benthic,macrophytic",benthic (strong macrophyte indicator),VERY SMALL,,,,,NON_N_FIXER,WEAKLY_MOTILE,,
Eunotia septentrionalis,Species,Eunotia,Eunotia septentrionalis,23,6,FALSE,,,,,,,"benthic,macrophytic",benthic (strong macrophyte indicator),,oligo,TROPHIC_1,,,NON_N_FIXER,WEAKLY_MOTILE,,
Eunotia serra,Species,Eunotia,Eunotia serra,169,171,FALSE,3,,III,low,acid,,"benthic,macrophytic",benthic (strong macrophyte indicator),BIG,oligo,TROPHIC_1,,,NON_N_FIXER,SLIGHTLY_MOTILE,,
Eunotia siolii,Species,Eunotia,Eunotia siolii,3,86,FALSE,,,,,,,"benthic,macrophytic",benthic (strong macrophyte indicator),VERY SMALL,,,,,NON_N_FIXER,WEAKLY_MOTILE,,
Eunotia soleirolii,Species,Eunotia,Eunotia soleirolii,23,66,FALSE,,,,,,,"benthic,macrophytic",benthic (strong macrophyte indicator),VERY SMALL,oligo,TROPHIC_1,,,NON_N_FIXER,WEAKLY_MOTILE,,
Eunotia sp. 1 NE Lakes,Species/Dataset,Eunotia,Eunotia sp. 1 NE Lakes,8,6,FALSE,,,,,,,"benthic,macrophytic",benthic (strong macrophyte indicator),,,,LOW_P,LOW_N,NON_N_FIXER,WEAKLY_MOTILE,,
Eunotia sp. 1 NJSS DME,Species/Dataset,Eunotia,Eunotia sp. 1 NJSS DME,1,34,FALSE,,,,,,,,,,,,,,,,,
Eunotia sp. 1 PIRLA,Species/Dataset,Eunotia,Eunotia sp. 1 PIRLA,46,142,FALSE,,,,,,,,,,,,,,,,,
Eunotia sp. 1 VTEC Lakes,Species/Dataset,Eunotia,Eunotia sp. 1 VTEC Lakes,1,1,FALSE,,,,,,,,,,,,,,,,,
Eunotia sp. 10 NE Lakes,Species/Dataset,Eunotia,Eunotia sp. 10 NE Lakes,10,14,FALSE,,,,,,,"benthic,macrophytic",benthic (strong macrophyte indicator),,,,LOW_P,LOW_N,NON_N_FIXER,WEAKLY_MOTILE,,
Eunotia sp. 10 PIRLA,Species/Dataset,Eunotia,Eunotia sp. 10 PIRLA,1,1,FALSE,,,,,,,,,,,,,,,,,
Eunotia sp. 11 NE Lakes,Species/Dataset,Eunotia,Eunotia sp. 11 NE Lakes,20,17,FALSE,,,,,,,"benthic,macrophytic",benthic (strong macrophyte indicator),,,,LOW_P,LOW_N,NON_N_FIXER,WEAKLY_MOTILE,,
Eunotia sp. 11 PIRLA,Species/Dataset,Eunotia,Eunotia sp. 11 PIRLA,9,10,FALSE,,,,,,,,,,,,,,,,,
Eunotia sp. 12 PIRLA,Species/Dataset,Eunotia,Eunotia sp. 12 PIRLA,1,2,FALSE,,,,,,,,,,,,,,,,,
Eunotia sp. 13 NE Lakes,Species/Dataset,Eunotia,Eunotia sp. 13 NE Lakes,23,26,FALSE,,,,,,,"benthic,macrophytic",benthic (strong macrophyte indicator),,,,LOW_P,LOW_N,NON_N_FIXER,WEAKLY_MOTILE,,
Eunotia sp. 13 PIRLA,Species/Dataset,Eunotia,Eunotia sp. 13 PIRLA,1,1,FALSE,,,,,,,,,,,,,,,,,
Eunotia sp. 14 NE Lakes,Species/Dataset,Eunotia,Eunotia sp. 14 NE Lakes,3,8,FALSE,,,,,,,"benthic,macrophytic",benthic (strong macrophyte indicator),,,,LOW_P,LOW_N,NON_N_FIXER,WEAKLY_MOTILE,,
Eunotia sp. 15 PIRLA,Species/Dataset,Eunotia,Eunotia sp. 15 PIRLA,1,18,FALSE,,,,,,,,,,,,,,,,,
Eunotia sp. 16 NE Lakes,Species/Dataset,Eunotia,Eunotia sp. 16 NE Lakes,7,6,FALSE,,,,,,,"benthic,macrophytic",benthic (strong macrophyte indicator),,,,LOW_P,LOW_N,NON_N_FIXER,WEAKLY_MOTILE,,
Eunotia sp. 18 PIRLA,Species/Dataset,Eunotia,Eunotia sp. 18 PIRLA,47,114,FALSE,,,,,,,,,,,,,,,,,
Eunotia sp. 19 PIRLA,Species/Dataset,Eunotia,Eunotia sp. 19 PIRLA,7,19,FALSE,,,,,,,,,,,,,,,,,
Eunotia sp. 2 NE Lakes,Species/Dataset,Eunotia,Eunotia sp. 2 NE Lakes,5,3,FALSE,,,,,,,"benthic,macrophytic",benthic (strong macrophyte indicator),,,,LOW_P,LOW_N,NON_N_FIXER,WEAKLY_MOTILE,,
Eunotia sp. 2 NJSS DME,Species/Dataset,Eunotia,Eunotia sp. 2 NJSS DME,1,15,FALSE,,,,,,,,,,,,,,,,,
Eunotia sp. 2 PIRLA,Species/Dataset,Eunotia,Eunotia sp. 2 PIRLA,83,205,FALSE,,,,,,,,,,,,,,,,,
Eunotia sp. 2 VTEC Lakes,Species/Dataset,Eunotia,Eunotia sp. 2 VTEC Lakes,1,2,FALSE,,,,,,,,,,,,,,,,,
Eunotia sp. 27 PIRLA,Species/Dataset,Eunotia,Eunotia sp. 27 PIRLA,3,4,FALSE,,,,,,,,,,,,,,,,,
Eunotia sp. 3 NE Lakes,Species/Dataset,Eunotia,Eunotia sp. 3 NE Lakes,4,3,FALSE,,,,,,,"benthic,macrophytic",benthic (strong macrophyte indicator),,,,LOW_P,LOW_N,NON_N_FIXER,WEAKLY_MOTILE,,
Eunotia sp. 3 NJSS DME,Species/Dataset,Eunotia,Eunotia sp. 3 NJSS DME,1,9,FALSE,,,,,,,,,,,,,,,,,
Eunotia sp. 30 PIRLA,Species/Dataset,Eunotia,Eunotia sp. 30 PIRLA,1,17,FALSE,,,,,,,,,,,,,,,,,
Eunotia sp. 31 PIRLA,Species/Dataset,Eunotia,Eunotia sp. 31 PIRLA,13,38,FALSE,,,,,,,,,,,,,,,,,
Eunotia sp. 35 PIRLA,Species/Dataset,Eunotia,Eunotia sp. 35 PIRLA,17,54,FALSE,,,,,,,,,,,,,,,,,
Eunotia sp. 37 PIRLA,Species/Dataset,Eunotia,Eunotia sp. 37 PIRLA,1,1,FALSE,,,,,,,,,,,,,,,,,
Eunotia sp. 38 PIRLA,Species/Dataset,Eunotia,Eunotia sp. 38 PIRLA,5,36,FALSE,,,,,,,,,,,,,,,,,
Eunotia sp. 39 PIRLA,Species/Dataset,Eunotia,Eunotia sp. 39 PIRLA,2,8,FALSE,,,,,,,,,,,,,,,,,
Eunotia sp. 4 NE Lakes,Species/Dataset,Eunotia,Eunotia sp. 4 NE Lakes,2,13,FALSE,,,,,,,"benthic,macrophytic",benthic (strong macrophyte indicator),,,,LOW_P,LOW_N,NON_N_FIXER,WEAKLY_MOTILE,,
Eunotia sp. 4 PIRLA,Species/Dataset,Eunotia,Eunotia sp. 4 PIRLA,3,25,FALSE,,,,,,,,,,,,,,,,,
Eunotia sp. 40 PIRLA,Species/Dataset,Eunotia,Eunotia sp. 40 PIRLA,21,24,FALSE,,,,,,,,,,,,,,,,,
Eunotia sp. 46 PIRLA,Species/Dataset,Eunotia,Eunotia sp. 46 PIRLA,2,1,FALSE,,,,,,,,,,,,,,,,,
Eunotia sp. 48 PIRLA,Species/Dataset,Eunotia,Eunotia sp. 48 PIRLA,37,27,FALSE,,,,,,,,,,,,,,,,,
Eunotia sp. 49 PIRLA,Species/Dataset,Eunotia,Eunotia sp. 49 PIRLA,13,17,FALSE,,,,,,,,,,,,,,,,,
Eunotia sp. 5 NE Lakes,Species/Dataset,Eunotia,Eunotia sp. 5 NE Lakes,19,15,FALSE,,,,,,,"benthic,macrophytic",benthic (strong macrophyte indicator),,,,LOW_P,LOW_N,NON_N_FIXER,WEAKLY_MOTILE,,
Eunotia sp. 51 PIRLA,Species/Dataset,Eunotia,Eunotia sp. 51 PIRLA,2,6,FALSE,,,,,,,,,,,,,,,,,
Eunotia sp. 52 PIRLA,Species/Dataset,Eunotia,Eunotia sp. 52 PIRLA,7,3,FALSE,,,,,,,,,,,,,,,,,
Eunotia sp. 53 PIRLA,Species/Dataset,Eunotia,Eunotia sp. 53 PIRLA,1,4,FALSE,,,,,,,,,,,,,,,,,
Eunotia sp. 54 PIRLA,Species/Dataset,Eunotia,Eunotia sp. 54 PIRLA,3,6,FALSE,,,,,,,,,,,,,,,,,
Eunotia sp. 6 PIRLA,Species/Dataset,Eunotia,Eunotia sp. 6 PIRLA,6,15,FALSE,,,,,,,,,,,,,,,,,
Eunotia sp. 7 NE Lakes,Species/Dataset,Eunotia,Eunotia sp. 7 NE Lakes,2,3,FALSE,,,,,,,"benthic,macrophytic",benthic (strong macrophyte indicator),,,,,,NON_N_FIXER,WEAKLY_MOTILE,,
Eunotia sp. 7 PIRLA,Species/Dataset,Eunotia,Eunotia sp. 7 PIRLA,5,130,FALSE,,,,,,,,,,,,,,,,,
Eunotia sp. 8 NE Lakes,Species/Dataset,Eunotia,Eunotia sp. 8 NE Lakes,25,24,FALSE,,,,,,,"benthic,macrophytic",benthic (strong macrophyte indicator),,,,LOW_P,LOW_N,NON_N_FIXER,WEAKLY_MOTILE,,
Eunotia sp. 8 PIRLA,Species/Dataset,Eunotia,Eunotia sp. 8 PIRLA,28,10,FALSE,,,,,,,,,,,,,,,,,
Eunotia sp. 9 NAWQA EAM,Species/Dataset,Eunotia,Eunotia sp. 9 NAWQA EAM,5,15,FALSE,,,,,,,,,,,,,,,,,
Eunotia sp. 9 NE Lakes,Species/Dataset,Eunotia,Eunotia sp. 9 NE Lakes,2,1,FALSE,,,,,,,"benthic,macrophytic",benthic (strong macrophyte indicator),,,,LOW_P,LOW_N,NON_N_FIXER,WEAKLY_MOTILE,,
Eunotia steineckei,Species,Eunotia,Eunotia steineckei,2,10,FALSE,,,,,,,"benthic,macrophytic",benthic (strong macrophyte indicator),,,,LOW_P,LOW_N,NON_N_FIXER,WEAKLY_MOTILE,,
Eunotia subarcuatoides,Species,Eunotia,Eunotia subarcuatoides,57,123,FALSE,4,4_middle,IV_middle,,acid,,"benthic,macrophytic",benthic (strong macrophyte indicator),VERY SMALL,oligo-meso,TROPHIC_2,,,NON_N_FIXER,WEAKLY_MOTILE,,
Eunotia subherkiniensis,Species,Eunotia,Eunotia subherkiniensis,2,1,FALSE,,,,,,,"benthic,macrophytic",benthic (strong macrophyte indicator),VERY SMALL,,,,,NON_N_FIXER,SLIGHTLY_MOTILE,,
Eunotia submonodon,Species,Eunotia,Eunotia submonodon,1,1,FALSE,,,,,,,"benthic,macrophytic",benthic (strong macrophyte indicator),,,,LOW_P,LOW_N,NON_N_FIXER,WEAKLY_MOTILE,,
Eunotia sudetica,Species,Eunotia,Eunotia sudetica,40,79,FALSE,,,,,,,"benthic,macrophytic",benthic (strong macrophyte indicator),SMALL,meso,TROPHIC_3,LOW_P,LOW_N,NON_N_FIXER,SLIGHTLY_MOTILE,,
Eunotia suecica,Species,Eunotia,Eunotia suecica,2,1,FALSE,,,,,,,,,,,,,,,,,
Eunotia superbidens,Species,Eunotia,Eunotia superbidens,1,10,FALSE,,,,,,,,,,,,,,,,,
Eunotia tauntoniensis,Species,Eunotia,Eunotia tauntoniensis,16,61,FALSE,,,,,,,"benthic,macrophytic",benthic (strong macrophyte indicator),,,,LOW_P,LOW_N,NON_N_FIXER,WEAKLY_MOTILE,,
Eunotia tenella,Species,Eunotia,Eunotia tenella,166,278,FALSE,3,,III,low,acid,,"benthic,macrophytic",benthic (strong macrophyte indicator),VERY SMALL,oligo-meso,TROPHIC_2,,LOW_N,NON_N_FIXER,WEAKLY_MOTILE,,
Eunotia tetraodon,Species,Eunotia,Eunotia tetraodon,98,61,FALSE,4,4_better,IV_better,,acid,,"benthic,macrophytic",benthic (strong macrophyte indicator),MEDIUM,,,,,NON_N_FIXER,SLIGHTLY_MOTILE,,
Eunotia tridentula,Species,Eunotia,Eunotia tridentula,1,1,FALSE,,,,,,,"benthic,macrophytic",benthic (strong macrophyte indicator),VERY SMALL,,,,,NON_N_FIXER,WEAKLY_MOTILE,,
Eunotia trinacria,Species,Eunotia,Eunotia trinacria,16,59,FALSE,,,,,,,"benthic,macrophytic",benthic (strong macrophyte indicator),,,,LOW_P,LOW_N,NON_N_FIXER,WEAKLY_MOTILE,,
Eunotia trinacria var. undulata,Variety,Eunotia,Eunotia trinacria,10,40,FALSE,,,,,,,"benthic,macrophytic",benthic (strong macrophyte indicator),,,,LOW_P,LOW_N,NON_N_FIXER,WEAKLY_MOTILE,,
Eunotia triodon,Species,Eunotia,Eunotia triodon,9,13,FALSE,,,,,,,"benthic,macrophytic",benthic (strong macrophyte indicator),BIG,,,,,NON_N_FIXER,SLIGHTLY_MOTILE,,
Eunotia ursamaioris,Species,Eunotia,Eunotia ursamaioris,18,24,FALSE,,,,,,,"benthic,macrophytic",benthic (strong macrophyte indicator),,,,LOW_P,LOW_N,NON_N_FIXER,WEAKLY_MOTILE,,
Eunotia valida,Species,Eunotia,Eunotia valida,11,3,FALSE,,,,,,,"benthic,macrophytic",benthic (strong macrophyte indicator),,,,,,NON_N_FIXER,WEAKLY_MOTILE,,
Eunotia vanheurckii var. intermedia,Variety,Eunotia,Eunotia vanheurckii,11,33,FALSE,,,,,,,"benthic,macrophytic",benthic (strong macrophyte indicator),SMALL,,,,,NON_N_FIXER,WEAKLY_MOTILE,,
Eunotia varioundulata,Species,Eunotia,Eunotia varioundulata,17,7,FALSE,,,,,,,"benthic,macrophytic",benthic (strong macrophyte indicator),VERY SMALL,,,,,NON_N_FIXER,WEAKLY_MOTILE,,
Eunotia weisingii,Species,Eunotia,Eunotia weisingii,1,13,FALSE,,,,,,,"benthic,macrophytic",benthic (strong macrophyte indicator),,,,LOW_P,LOW_N,NON_N_FIXER,WEAKLY_MOTILE,,
Eunotia wiltschkorum,Species,Eunotia,Eunotia wiltschkorum,21,50,FALSE,,,,,,,"benthic,macrophytic",benthic (strong macrophyte indicator),,,,LOW_P,LOW_N,NON_N_FIXER,WEAKLY_MOTILE,,
Eunotia yanomami,Species,Eunotia,Eunotia yanomami,1,1,FALSE,,,,,,,"benthic,macrophytic",benthic (strong macrophyte indicator),,,,LOW_P,LOW_N,NON_N_FIXER,WEAKLY_MOTILE,,
Eunotia zasuminensis,Species,Eunotia,Eunotia zasuminensis,237,1234,FALSE,4,4_better,IV_better,,acid,,"benthic,macrophytic",benthic (strong macrophyte indicator),SMALL,,,,,NON_N_FIXER,WEAKLY_MOTILE,,
Eunotia zygodon,Species,Eunotia,Eunotia zygodon,1,16,FALSE,,,,,,,,,,,,,,,,,
Fallacia,Genera,Fallacia,,6,7,FALSE,4,4_middle,IV_middle,,hialkali,,benthic,benthic (many possible substrates),,,,,,NON_N_FIXER,MODERATELY_MOTILE,HIGHLY_MOTILE.1,
Fallacia helensis,Species,Fallacia,Fallacia helensis,3,13,FALSE,,,,,,,,,,,,,,,,,
Fallacia indifferens,Species,Fallacia,Fallacia indifferens,36,37,FALSE,,,,,,,benthic,benthic (many possible substrates),,,,,,NON_N_FIXER,MODERATELY_MOTILE,HIGHLY_MOTILE.1,
Fallacia lenzii,Species,Fallacia,Fallacia lenzii,7,14,FALSE,,,,,,,benthic,benthic (many possible substrates),VERY SMALL,,,,,NON_N_FIXER,MODERATELY_MOTILE,HIGHLY_MOTILE.1,
Fallacia monoculata,Species,Fallacia,Fallacia monoculata,2,3,FALSE,,,,,,,benthic,benthic (many possible substrates),SMALL,eutra,TROPHIC_5,,,NON_N_FIXER,MODERATELY_MOTILE,HIGHLY_MOTILE.1,
Fallacia omissa,Species,Fallacia,Fallacia omissa,13,143,FALSE,,,,,,,benthic,benthic (many possible substrates),VERY SMALL,,,,,NON_N_FIXER,MODERATELY_MOTILE,HIGHLY_MOTILE.1,
Fallacia pygmaea,Species,Fallacia,Fallacia pygmaea,2,1,FALSE,,,,,,,benthic,benthic (many possible substrates),SMALL,eutra,TROPHIC_5,HIGH_P,,NON_N_FIXER,MODERATELY_MOTILE,HIGHLY_MOTILE.1,
Fallacia sp. 1 VTEC Lakes,Species/Dataset,Fallacia,Fallacia sp. 1 VTEC Lakes,1,2,FALSE,,,,,,,,,,,,,,,,,
Fallacia subhamulata,Species,Fallacia,Fallacia subhamulata,7,14,FALSE,,,,,,,benthic,benthic (many possible substrates),VERY SMALL,meso-eutra,TROPHIC_4,,HIGH_N,NON_N_FIXER,MODERATELY_MOTILE,HIGHLY_MOTILE.1,
Fallacia sublucidula,Species,Fallacia,Fallacia sublucidula,6,21,FALSE,,,,,,,benthic,benthic (many possible substrates),VERY SMALL,,,,,NON_N_FIXER,MODERATELY_MOTILE,HIGHLY_MOTILE.1,
Fallacia vitrea,Species,Fallacia,Fallacia vitrea,4,2,FALSE,,,,,,,benthic,benthic (many possible substrates),VERY SMALL,,,,,NON_N_FIXER,WEAKLY_MOTILE,HIGHLY_MOTILE.1,
Fistulifera pelliculosa,Species,Fistulifera,Fistulifera pelliculosa,10,20,FALSE,,,,,,,benthic,benthic (many possible substrates),VERY SMALL,oligo-meso,TROPHIC_2,,,NON_N_FIXER,MODERATELY_MOTILE,,
Fragilaria,Genera,Fragilaria,,208,871,FALSE,4,4_middle,IV_middle,,alkali,,,,,,,,,NON_N_FIXER,NON_MOTILE,ARAPHID,
Fragilaria alpestris,Species,Fragilaria,Fragilaria alpestris,8,13,FALSE,,,,,,,mostlybenthic,mostly benthic,,,,,,NON_N_FIXER,NON_MOTILE,ARAPHID,
Fragilaria amphicephaloides,Species,Fragilaria,Fragilaria amphicephaloides,30,315,FALSE,3,,III,,,,mostlybenthic,mostly benthic,,,,,,NON_N_FIXER,NON_MOTILE,ARAPHID,
Fragilaria austriaca,Species,Fragilaria,Fragilaria austriaca,2,1,FALSE,,,,,,,mostlybenthic,mostly benthic,,,,,,NON_N_FIXER,NON_MOTILE,ARAPHID,
Fragilaria brevistriata var. elliptica,Variety,Fragilaria,Fragilaria brevistriata,7,19,FALSE,,,,,,,mostlybenthic,mostly benthic,,,,,,NON_N_FIXER,NON_MOTILE,ARAPHID,
Fragilaria brevistriata var. trigona,Variety,Fragilaria,Fragilaria brevistriata,1,2,FALSE,,,,,,,,,,,,,,,,,
Fragilaria capensis,Species,Fragilaria,Fragilaria capensis,2,7,FALSE,,,,,,,mostlybenthic,mostly benthic,SMALL,,,,,NON_N_FIXER,NON_MOTILE,ARAPHID,
Fragilaria capucina,Species,Fragilaria,Fragilaria capucina,214,2364,FALSE,4,4_worse,IV_worse,,hialkali,,"benthic,planktonic",planktonic and benthic,SMALL,meso,TROPHIC_3,LOW_P,LOW_N,NON_N_FIXER,NON_MOTILE,ARAPHID,
Fragilaria capucina var. fragilarioides,Variety,Fragilaria,Fragilaria capucina,55,592,FALSE,,,,,,,"benthic,planktonic",planktonic and benthic,SMALL,,,LOW_P,LOW_N,NON_N_FIXER,NON_MOTILE,ARAPHID,
Fragilaria capucina var. perminuta,Variety,Fragilaria,Fragilaria capucina,1,1,FALSE,,,,,,,"benthic,planktonic",planktonic and benthic,SMALL,,,LOW_P,LOW_N,NON_N_FIXER,NON_MOTILE,ARAPHID,
Fragilaria capucina var. rumpens,Variety,Fragilaria,Fragilaria capucina,5,24,FALSE,,,,,,,"benthic,planktonic",planktonic and benthic,SMALL,meso,TROPHIC_3,LOW_P,LOW_N,NON_N_FIXER,NON_MOTILE,ARAPHID,
Fragilaria cf. famelica,Species,Fragilaria,Fragilaria cf. famelica,2,2,FALSE,,,,,,,,,,,,,,,,,
Fragilaria constricta f. tetranodis,Variety,Fragilaria,Fragilaria constricta,4,11,FALSE,,,,,,,mostlybenthic,mostly benthic,,,,,,NON_N_FIXER,NON_MOTILE,ARAPHID,
Fragilaria constricta fo. stricta,Variety,Fragilaria,Fragilaria constricta,29,43,FALSE,,,,,,,mostlybenthic,mostly benthic,,,,,,NON_N_FIXER,NON_MOTILE,ARAPHID,
Fragilaria construens var. subsalina,Variety,Fragilaria,Fragilaria construens,8,60,FALSE,,,,,,,mostlybenthic,mostly benthic,,,,,,NON_N_FIXER,NON_MOTILE,ARAPHID,
Fragilaria construens var. trinodis,Variety,Fragilaria,Fragilaria construens,5,6,FALSE,,,,,,,mostlybenthic,mostly benthic,,,,,,NON_N_FIXER,NON_MOTILE,ARAPHID,
Fragilaria construens/F. brevistriata,Species/Slash,Fragilaria,,2,51,FALSE,,,,,,,mostlybenthic,mostly benthic,,,,,,NON_N_FIXER,NON_MOTILE,ARAPHID,
Fragilaria crotonensis,Species,Fragilaria,Fragilaria crotonensis,777,13571,FALSE,4,4_middle,IV_middle,,hialkali,,planktonic,planktonic,SMALL,,,LOW_P,,NON_N_FIXER,NON_MOTILE,ARAPHID,
Fragilaria crotonensis/F. amphicephala,Species/Slash,Fragilaria,,8,294,FALSE,,,,,,,planktonic,planktonic,,,,,,NON_N_FIXER,NON_MOTILE,ARAPHID,
Fragilaria cycloplum,Species,Fragilaria,Fragilaria cycloplum,19,25,FALSE,,,,,,,,,,,,,,,,,
Fragilaria demerarae,Species,Fragilaria,Fragilaria demerarae,1,1,FALSE,,,,,,,,,,,,,,,,,
Fragilaria distans,Species,Fragilaria,Fragilaria distans,21,93,FALSE,,,,,,,mostlybenthic,mostly benthic,SMALL,,,,,NON_N_FIXER,NON_MOTILE,ARAPHID,
Fragilaria exigua,Species,Fragilaria,Fragilaria exigua,8,15,FALSE,,,,,,,"benthic,planktonic",planktonic and benthic,,,,,,NON_N_FIXER,NON_MOTILE,ARAPHID,
Fragilaria famelica,Species,Fragilaria,Fragilaria famelica,239,888,FALSE,4,4_better,IV_better,,acid,,"benthic,planktonic",planktonic and benthic,SMALL,,,,,NON_N_FIXER,NON_MOTILE,ARAPHID,
Fragilaria filiformis,Species,Fragilaria,Fragilaria filiformis,1,1,FALSE,,,,,,,planktonic,planktonic,,,,,,,,,
Fragilaria fragilarioides,Species,Fragilaria,Fragilaria fragilarioides,2,1,FALSE,,,,,,,planktonic,planktonic,SMALL,oligo-meso,TROPHIC_2,,,NON_N_FIXER,NON_MOTILE,ARAPHID,
Fragilaria gracilis,Species,Fragilaria,Fragilaria gracilis,565,2114,FALSE,4,4_middle,IV_middle,,alkali,,"benthic,planktonic,macrophytic",planktonic or macrophytic or benthic,SMALL,,,LOW_P,LOW_N,NON_N_FIXER,NON_MOTILE,ARAPHID,
Fragilaria heidenii,Species,Fragilaria,Fragilaria heidenii,1,8,FALSE,,,,,,,,,,,,,,,,,
Fragilaria incisa,Species,Fragilaria,Fragilaria incisa,1,2,FALSE,,,,,,,mostlybenthic,mostly benthic,SMALL,,,,,NON_N_FIXER,NON_MOTILE,ARAPHID,
Fragilaria lapponica,Species,Fragilaria,Fragilaria lapponica,3,51,FALSE,,,,,,,mostlybenthic,mostly benthic,,,,,,NON_N_FIXER,NON_MOTILE,ARAPHID,
Fragilaria longifusiformis,Species,Fragilaria,Fragilaria longifusiformis,16,67,FALSE,,,,,,,"benthic,planktonic",planktonic and benthic,,,,,,NON_N_FIXER,NON_MOTILE,ARAPHID,
Fragilaria mesolepta,Species,Fragilaria,Fragilaria mesolepta,230,3589,FALSE,5,,V,high,hialkali,,"benthic,planktonic",planktonic and benthic,SMALL,,,,,NON_N_FIXER,NON_MOTILE,ARAPHID,
Fragilaria mesolepta/F. subconstricta,Species/Slash,Fragilaria,,7,158,FALSE,,,,,,,planktonic,planktonic,,,,,,NON_N_FIXER,NON_MOTILE,ARAPHID,
Fragilaria microvaucheriae,Species,Fragilaria,Fragilaria microvaucheriae,6,7,FALSE,,,,,,,"benthic,planktonic",planktonic and benthic,,,,,,NON_N_FIXER,NON_MOTILE,ARAPHID,
Fragilaria nanana,Species,Fragilaria,Fragilaria nanana,12,28,FALSE,,,,,,,planktonic,planktonic,,,,,,NON_N_FIXER,NON_MOTILE,ARAPHID,
Fragilaria pararumpens,Species,Fragilaria,Fragilaria pararumpens,126,525,FALSE,4,4_middle,IV_middle,,hialkali,,mostlybenthic,mostly benthic,VERY SMALL,,,,,NON_N_FIXER,NON_MOTILE,ARAPHID,
Fragilaria pectinalis,Species,Fragilaria,Fragilaria pectinalis,24,170,FALSE,,,,,,,"benthic,planktonic",planktonic and benthic,SMALL,,,,,NON_N_FIXER,NON_MOTILE,ARAPHID,
Fragilaria perdelicatissima,Species,Fragilaria,Fragilaria perdelicatissima,126,316,FALSE,4,4_better,IV_better,,alkali,,mostlybenthic,mostly benthic,,,,,,NON_N_FIXER,NON_MOTILE,ARAPHID,
Fragilaria perminuta,Species,Fragilaria,Fragilaria perminuta,7,18,FALSE,,,,,,,"benthic,planktonic",planktonic and benthic,VERY SMALL,,,,,NON_N_FIXER,NON_MOTILE,ARAPHID,
Fragilaria pinnata var. acuminata,Variety,Fragilaria,Fragilaria pinnata,370,1435,FALSE,4,4_better,IV_better,,neutral,,mostlybenthic,mostly benthic,VERY SMALL,,,,,NON_N_FIXER,NON_MOTILE,ARAPHID,
Fragilaria pinnata var. trigona,Variety,Fragilaria,Fragilaria pinnata,1,3,FALSE,,,,,,,mostlybenthic,mostly benthic,,,,,,NON_N_FIXER,NON_MOTILE,ARAPHID,
Fragilaria radians,Species,Fragilaria,Fragilaria radians,32,80,FALSE,,,,,,,"benthic,planktonic",planktonic and benthic,SMALL,,,,,NON_N_FIXER,NON_MOTILE,ARAPHID,
Fragilaria recapitellata,Species,Fragilaria,Fragilaria recapitellata,35,471,FALSE,,,,,,,mostlybenthic,mostly benthic,SMALL,,,,,NON_N_FIXER,NON_MOTILE,ARAPHID,
Fragilaria rumpens,Species,Fragilaria,Fragilaria rumpens,183,681,FALSE,4,4_middle,IV_middle,,alkali,,"benthic,planktonic",planktonic and benthic,SMALL,,,,,NON_N_FIXER,NON_MOTILE,ARAPHID,
Fragilaria saxoplanctonica,Species,Fragilaria,Fragilaria saxoplanctonica,119,819,FALSE,4,4_better,IV_better,,alkali,,planktonic,planktonic,,,,,,NON_N_FIXER,NON_MOTILE,ARAPHID,
Fragilaria scotica,Species,Fragilaria,Fragilaria scotica,2,3,FALSE,,,,,,,mostlybenthic,mostly benthic,SMALL,,,,,NON_N_FIXER,NON_MOTILE,ARAPHID,
Fragilaria sepes,Species,Fragilaria,Fragilaria sepes,287,2278,FALSE,4,4_middle,IV_middle,,alkali,,mostlybenthic,mostly benthic,SMALL,,,,,NON_N_FIXER,NON_MOTILE,ARAPHID,
Fragilaria sp. 1 NE Lakes,Species/Dataset,Fragilaria,Fragilaria sp. 1 NE Lakes,14,22,FALSE,,,,,,,mostlybenthic,mostly benthic,,,,,,NON_N_FIXER,NON_MOTILE,ARAPHID,
Fragilaria sp. 1 PIRLA,Species/Dataset,Fragilaria,Fragilaria sp. 1 PIRLA,10,6,FALSE,,,,,,,,,,,,,,,,,
Fragilaria sp. 11 NAWQA EAM,Species/Dataset,Fragilaria,Fragilaria sp. 11 NAWQA EAM,1,1,FALSE,,,,,,,,,,,,,,,,,
Fragilaria sp. 2 NE Lakes,Species/Dataset,Fragilaria,Fragilaria sp. 2 NE Lakes,1,4,FALSE,,,,,,,,,,,,,,,,,
Fragilaria sp. 2 PIRLA,Species/Dataset,Fragilaria,Fragilaria sp. 2 PIRLA,79,546,FALSE,,,,,,,,,,,,,,,,,
Fragilaria sp. 3 NE Lakes,Species/Dataset,Fragilaria,Fragilaria sp. 3 NE Lakes,16,19,FALSE,,,,,,,mostlybenthic,mostly benthic,,,,,,NON_N_FIXER,NON_MOTILE,ARAPHID,
Fragilaria sp. 3 PIRLA,Species/Dataset,Fragilaria,Fragilaria sp. 3 PIRLA,28,65,FALSE,,,,,,,,,,,,,,,,,
Fragilaria sp. 4 NE Lakes,Species/Dataset,Fragilaria,Fragilaria sp. 4 NE Lakes,26,42,FALSE,,,,,,,mostlybenthic,mostly benthic,,,,,,NON_N_FIXER,NON_MOTILE,ARAPHID,
Fragilaria sp. 4 PIRLA,Species/Dataset,Fragilaria,Fragilaria sp. 4 PIRLA,3,16,FALSE,,,,,,,,,,,,,,,,,
Fragilaria sp. 5 NE Lakes,Species/Dataset,Fragilaria,Fragilaria sp. 5 NE Lakes,24,132,FALSE,,,,,,,mostlybenthic,mostly benthic,,,,,,NON_N_FIXER,NON_MOTILE,ARAPHID,
Fragilaria sp. 5 PIRLA,Species/Dataset,Fragilaria,Fragilaria sp. 5 PIRLA,5,10,FALSE,,,,,,,,,,,,,,,,,
Fragilaria sp. 6 PIRLA,Species/Dataset,Fragilaria,Fragilaria sp. 6 PIRLA,2,1,FALSE,,,,,,,,,,,,,,,,,
Fragilaria sp. 7 PIRLA,Species/Dataset,Fragilaria,Fragilaria sp. 7 PIRLA,1,10,FALSE,,,,,,,,,,,,,,,,,
Fragilaria sp. 8 PIRLA,Species/Dataset,Fragilaria,Fragilaria sp. 8 PIRLA,21,45,FALSE,,,,,,,,,,,,,,,,,
Fragilaria subconstricta,Species,Fragilaria,Fragilaria subconstricta,69,1178,FALSE,4,4_worse,IV_worse,,hialkali,,mostlybenthic,mostly benthic,VERY SMALL,,,,,NON_N_FIXER,NON_MOTILE,ARAPHID,
Fragilaria suboldenburgiana,Species,Fragilaria,Fragilaria suboldenburgiana,70,243,FALSE,,,,,,,mostlybenthic,mostly benthic,,,,,,NON_N_FIXER,NON_MOTILE,ARAPHID,
Fragilaria tenera,Species,Fragilaria,Fragilaria tenera,315,1419,FALSE,4,4_middle,IV_middle,,hialkali,,planktonic,planktonic,SMALL,oligo-meso,TROPHIC_2,,,NON_N_FIXER,NON_MOTILE,ARAPHID,
Fragilaria vaucheriae,Species,Fragilaria,Fragilaria vaucheriae,681,1112,FALSE,4,4_middle,IV_middle,,alkali,,"benthic,planktonic",planktonic and benthic,SMALL,eutra,TROPHIC_5,,LOW_N,NON_N_FIXER,NON_MOTILE,ARAPHID,
Fragilaria vaucheriae var. distans,Variety,Fragilaria,Fragilaria vaucheriae,1,1,FALSE,,,,,,,planktonic,planktonic,SMALL,eutra,TROPHIC_5,,LOW_N,NON_N_FIXER,NON_MOTILE,ARAPHID,
Fragilaria virescens var. birostrata,Variety,Fragilaria,Fragilaria virescens,3,191,FALSE,,,,,,,,,,,,,,,,,
Fragilaria virescens var. oblongella,Variety,Fragilaria,Fragilaria virescens,2,11,FALSE,,,,,,,mostlybenthic,mostly benthic,,,,,,NON_N_FIXER,NON_MOTILE,ARAPHID,
Fragilaria virescens var. subsalina,Variety,Fragilaria,Fragilaria virescens,6,49,FALSE,,,,,,,mostlybenthic,mostly benthic,,,,,,NON_N_FIXER,NON_MOTILE,ARAPHID,
Fragilaria zeilleri,Species,Fragilaria,Fragilaria zeilleri,1,2,FALSE,,,,,,,mostlybenthic,mostly benthic,,,,,,,,,
Fragilaria zeilleri var. elliptica,Variety,Fragilaria,Fragilaria zeilleri,23,207,FALSE,,,,,,,mostlybenthic,mostly benthic,,,,,,NON_N_FIXER,NON_MOTILE,ARAPHID,
Fragilariforma,Genera,Fragilariforma,,8,34,FALSE,4,4_better,IV_better,,acid,,benthic,benthic (many possible substrates),SMALL,,,,,NON_N_FIXER,NON_MOTILE,ARAPHID,
Fragilariforma acidobiontica,Species,Fragilariforma,Fragilariforma acidobiontica,90,2530,FALSE,4,4_worse,IV_worse,low,acid,TRUE,benthic,benthic (many possible substrates),SMALL,,,,,NON_N_FIXER,NON_MOTILE,ARAPHID,
Fragilariforma bicapitata,Species,Fragilariforma,Fragilariforma bicapitata,38,17,FALSE,3,,III,low,,,benthic,benthic (many possible substrates),SMALL,indiff,TROPHIC_7,LOW_P,,NON_N_FIXER,NON_MOTILE,ARAPHID,
Fragilariforma constricta,Species,Fragilariforma,Fragilariforma constricta,247,444,FALSE,4,4_better,IV_better,,acid,,benthic,benthic (many possible substrates),SMALL,oligo,TROPHIC_1,,,NON_N_FIXER,NON_MOTILE,ARAPHID,
Fragilariforma constricta f. stricta,Variety,Fragilariforma,Fragilariforma constricta,33,121,FALSE,,,,,,,benthic,benthic (many possible substrates),SMALL,oligo,TROPHIC_1,,,NON_N_FIXER,NON_MOTILE,ARAPHID,
Fragilariforma constricta var. trinodis,Variety,Fragilariforma,Fragilariforma constricta,12,31,FALSE,,,,,,,benthic,benthic (many possible substrates),SMALL,,,,,NON_N_FIXER,NON_MOTILE,ARAPHID,
Fragilariforma constricta/F. sp. 1 NE Lakes,Species/Slash/Dataset,Fragilariforma,Fragilariforma constricta/F. sp. 1 NE Lakes,19,35,FALSE,,,,,,,,,,,,,,,,,
Fragilariforma hungarica var. tumida,Variety,Fragilariforma,Fragilariforma hungarica,136,403,FALSE,3,,III,low,acid,,benthic,benthic (many possible substrates),SMALL,,,,,NON_N_FIXER,NON_MOTILE,ARAPHID,
Fragilariforma lata,Species,Fragilariforma,Fragilariforma lata,139,257,FALSE,4,4_better,IV_better,,acid,,benthic,benthic (many possible substrates),,,,,,NON_N_FIXER,NON_MOTILE,ARAPHID,
Fragilariforma marylandica,Species,Fragilariforma,Fragilariforma marylandica,9,36,FALSE,,,,,,,benthic,benthic (many possible substrates),SMALL,,,,,NON_N_FIXER,NON_MOTILE,ARAPHID,
Fragilariforma neoproducta,Species,Fragilariforma,Fragilariforma neoproducta,14,247,FALSE,,,,,,,benthic,benthic (many possible substrates),SMALL,,,,,NON_N_FIXER,NON_MOTILE,ARAPHID,
Fragilariforma nitzschioides,Species,Fragilariforma,Fragilariforma nitzschioides,59,188,FALSE,,,,,,,benthic,benthic (many possible substrates),SMALL,,,,,NON_N_FIXER,NON_MOTILE,ARAPHID,
Fragilariforma polygonata,Species,Fragilariforma,Fragilariforma polygonata,46,131,FALSE,,,,,,,benthic,benthic (many possible substrates),MEDIUM,,,,,NON_N_FIXER,NON_MOTILE,ARAPHID,
Fragilariforma sp. 1 NE Lakes,Species/Dataset,Fragilariforma,Fragilariforma sp. 1 NE Lakes,17,89,FALSE,,,,,,,benthic,benthic (many possible substrates),SMALL,,,,,NON_N_FIXER,NON_MOTILE,ARAPHID,
Fragilariforma sp. 2 NE Lakes,Species/Dataset,Fragilariforma,Fragilariforma sp. 2 NE Lakes,18,41,FALSE,,,,,,,benthic,benthic (many possible substrates),SMALL,,,,,NON_N_FIXER,NON_MOTILE,ARAPHID,
Fragilariforma sp. 3 NE Lakes,Species/Dataset,Fragilariforma,Fragilariforma sp. 3 NE Lakes,3,1,FALSE,,,,,,,benthic,benthic (many possible substrates),SMALL,,,,,NON_N_FIXER,NON_MOTILE,ARAPHID,
Fragilariforma sp. 4 NE Lakes,Species/Dataset,Fragilariforma,Fragilariforma sp. 4 NE Lakes,24,147,FALSE,,,,,,,benthic,benthic (many possible substrates),SMALL,,,,,NON_N_FIXER,NON_MOTILE,ARAPHID,
Fragilariforma sp. 5 NE Lakes,Species/Dataset,Fragilariforma,Fragilariforma sp. 5 NE Lakes,11,48,FALSE,,,,,,,benthic,benthic (many possible substrates),SMALL,,,,,NON_N_FIXER,NON_MOTILE,ARAPHID,
Fragilariforma strangulata,Species,Fragilariforma,Fragilariforma strangulata,2,4,FALSE,,,,,,,benthic,benthic (many possible substrates),SMALL,,,,,NON_N_FIXER,NON_MOTILE,ARAPHID,
Fragilariforma virescens,Species,Fragilariforma,Fragilariforma virescens,225,726,FALSE,4,4_better,IV_better,,acid,,benthic,benthic (many possible substrates),MEDIUM,oligo-meso,TROPHIC_2,,,NON_N_FIXER,NON_MOTILE,ARAPHID,
Fragilariforma virescens var. capitata,Variety,Fragilariforma,Fragilariforma virescens,13,43,FALSE,,,,,,,benthic,benthic (many possible substrates),MEDIUM,,,,,NON_N_FIXER,NON_MOTILE,ARAPHID,
Frustulia,Genera,Frustulia,,62,49,FALSE,3,,III,low,acid,,benthic,benthic (many possible substrates),,,,,,NON_N_FIXER,MODERATELY_MOTILE,HIGHLY_MOTILE.1,
Frustulia amphipleuroides,Species,Frustulia,Frustulia amphipleuroides,27,44,FALSE,,,,,,,benthic,benthic (many possible substrates),MEDIUM,oligo,TROPHIC_1,,,NON_N_FIXER,MODERATELY_MOTILE,HIGHLY_MOTILE.1,
Frustulia bahlsii,Species,Frustulia,Frustulia bahlsii,4,78,FALSE,,,,,,,benthic,benthic (many possible substrates),,,,,,NON_N_FIXER,MODERATELY_MOTILE,HIGHLY_MOTILE.1,
Frustulia cf. magaliesmontana,Variety,Frustulia,Frustulia cf. magaliesmontana,71,683,FALSE,3,,III,low,acid,,benthic,benthic (many possible substrates),,,,,,NON_N_FIXER,MODERATELY_MOTILE,HIGHLY_MOTILE.1,
Frustulia crassinervia,Species,Frustulia,Frustulia crassinervia,114,405,FALSE,4,4_better,IV_better,,acid,,benthic,benthic (many possible substrates),MEDIUM,oligo,TROPHIC_1,,,NON_N_FIXER,MODERATELY_MOTILE,HIGHLY_MOTILE.1,
Frustulia inculta,Species,Frustulia,Frustulia inculta,9,22,FALSE,,,,,,,benthic,benthic (many possible substrates),MEDIUM,,,,,NON_N_FIXER,MODERATELY_MOTILE,HIGHLY_MOTILE.1,
Frustulia krammeri,Species,Frustulia,Frustulia krammeri,164,351,FALSE,4,4_better,IV_better,,acid,,benthic,benthic (many possible substrates),MEDIUM,,,,,NON_N_FIXER,MODERATELY_MOTILE,HIGHLY_MOTILE.1,
Frustulia latita/F. vulgaris,Species/Slash,Frustulia,,1,1,FALSE,,,,,,,,,,,,,,,,,
Frustulia marginata,Species,Frustulia,Frustulia marginata,1,44,FALSE,,,,,,,benthic,benthic (many possible substrates),,,,,,NON_N_FIXER,MODERATELY_MOTILE,HIGHLY_MOTILE.1,
Frustulia pseudomagaliesmontana,Species,Frustulia,Frustulia pseudomagaliesmontana,176,1464,FALSE,3,,III,low,acid,,benthic,benthic (many possible substrates),MEDIUM,,,,,NON_N_FIXER,MODERATELY_MOTILE,HIGHLY_MOTILE.1,
Frustulia quadrisinuata,Species,Frustulia,Frustulia quadrisinuata,5,3,FALSE,,,,,,,benthic,benthic (many possible substrates),,,,,,NON_N_FIXER,MODERATELY_MOTILE,HIGHLY_MOTILE.1,
Frustulia rexii,Species,Frustulia,Frustulia rexii,4,43,FALSE,,,,,,,benthic,benthic (many possible substrates),,,,,,NON_N_FIXER,MODERATELY_MOTILE,HIGHLY_MOTILE.1,
Frustulia rhomboides,Species,Frustulia,Frustulia rhomboides,376,574,FALSE,3,,III,low,acid,,benthic,benthic (many possible substrates),MEDIUM,oligo,TROPHIC_1,,,NON_N_FIXER,MODERATELY_MOTILE,HIGHLY_MOTILE.1,
Frustulia rhomboides var. amphipleuroides,Variety,Frustulia,Frustulia rhomboides,2,9,FALSE,,,,,,,benthic,benthic (many possible substrates),MEDIUM,oligo,TROPHIC_1,,,NON_N_FIXER,MODERATELY_MOTILE,HIGHLY_MOTILE.1,
Frustulia rhomboides var. capitata,Variety,Frustulia,Frustulia rhomboides,9,126,FALSE,,,,,,,benthic,benthic (many possible substrates),SMALL,,,,,NON_N_FIXER,MODERATELY_MOTILE,HIGHLY_MOTILE.1,
Frustulia rhomboides var. viridula,Variety,Frustulia,Frustulia rhomboides,1,1,FALSE,,,,,,,,,,,,,,,,,
Frustulia saxonica,Species,Frustulia,Frustulia saxonica,726,3242,FALSE,3,,III,low,acid,,benthic,benthic (many possible substrates),MEDIUM,oligo,TROPHIC_1,,,NON_N_FIXER,MODERATELY_MOTILE,HIGHLY_MOTILE.1,
Frustulia sp. 1 NE Lakes,Species/Dataset,Frustulia,Frustulia sp. 1 NE Lakes,62,365,FALSE,4,4_better,IV_better,,acid,,benthic,benthic (many possible substrates),,,,,,NON_N_FIXER,MODERATELY_MOTILE,HIGHLY_MOTILE.1,
Frustulia sp. 1 VTEC Lakes,Species/Dataset,Frustulia,Frustulia sp. 1 VTEC Lakes,1,12,FALSE,,,,,,,,,,,,,,,,,
Frustulia sp. 2 NAWQA EAM,Species/Dataset,Frustulia,Frustulia sp. 2 NAWQA EAM,1,1,FALSE,,,,,,,,,,,,,,,,,
Frustulia sp. 2 NE Lakes,Species/Dataset,Frustulia,Frustulia sp. 2 NE Lakes,1,1,FALSE,,,,,,,benthic,benthic (many possible substrates),,,,,,NON_N_FIXER,MODERATELY_MOTILE,HIGHLY_MOTILE.1,
Frustulia vulgaris,Species,Frustulia,Frustulia vulgaris,33,50,FALSE,4,4_middle,IV_middle,,,,benthic,benthic (many possible substrates),MEDIUM,meso-eutra,TROPHIC_4,,,NON_N_FIXER,MODERATELY_MOTILE,HIGHLY_MOTILE.1,
Frustulia weinholdii,Species,Frustulia,Frustulia weinholdii,5,29,FALSE,,,,,,,benthic,benthic (many possible substrates),MEDIUM,oligo-meso,TROPHIC_2,,,NON_N_FIXER,MODERATELY_MOTILE,HIGHLY_MOTILE.1,
Geissleria,Genera,Geissleria,,2,4,FALSE,4,4_middle,IV_middle,,alkali,,benthic,benthic (many possible substrates),,,,,,NON_N_FIXER,MODERATELY_MOTILE,HIGHLY_MOTILE.1,
Geissleria acceptata,Species,Geissleria,Geissleria acceptata,111,46,FALSE,4,4_better,IV_better,,alkali,,benthic,benthic (many possible substrates),SMALL,,,,,NON_N_FIXER,MODERATELY_MOTILE,HIGHLY_MOTILE.1,
Geissleria decussis,Species,Geissleria,Geissleria decussis,44,23,FALSE,4,4_middle,IV_middle,,,,benthic,benthic (many possible substrates),SMALL,meso-eutra,TROPHIC_4,,,NON_N_FIXER,MODERATELY_MOTILE,HIGHLY_MOTILE.1,
Geissleria ignota,Species,Geissleria,Geissleria ignota,1,1,FALSE,,,,,,,,,,,,,,,,,
Geissleria kriegeri,Species,Geissleria,Geissleria kriegeri,3,3,FALSE,,,,,,,benthic,benthic (many possible substrates),SMALL,,,,,NON_N_FIXER,MODERATELY_MOTILE,HIGHLY_MOTILE.1,
Geissleria lateropunctata,Species,Geissleria,Geissleria lateropunctata,1,2,FALSE,,,,,,,,,,,,,,,,,
Geissleria paludosa,Species,Geissleria,Geissleria paludosa,3,12,FALSE,,,,,,,benthic,benthic (many possible substrates),SMALL,,,,,NON_N_FIXER,MODERATELY_MOTILE,HIGHLY_MOTILE.1,
Geissleria punctifera,Species,Geissleria,Geissleria punctifera,11,7,FALSE,,,,,,,,,,,,,,,,,
Geissleria schoenfeldii,Species,Geissleria,Geissleria schoenfeldii,17,15,FALSE,,,,,,,benthic,benthic (many possible substrates),MEDIUM,meso,TROPHIC_3,,,NON_N_FIXER,MODERATELY_MOTILE,HIGHLY_MOTILE.1,
Geissleria similis,Species,Geissleria,Geissleria similis,3,6,FALSE,,,,,,,benthic,benthic (many possible substrates),MEDIUM,,,,,NON_N_FIXER,MODERATELY_MOTILE,HIGHLY_MOTILE.1,
Geissleria sp. 1 NE Lakes,Species/Dataset,Geissleria,Geissleria sp. 1 NE Lakes,2,3,FALSE,,,,,,,benthic,benthic (many possible substrates),,,,,,NON_N_FIXER,MODERATELY_MOTILE,HIGHLY_MOTILE.1,
Geissleria sp. 2 NE Lakes,Species/Dataset,Geissleria,Geissleria sp. 2 NE Lakes,2,9,FALSE,,,,,,,benthic,benthic (many possible substrates),,,,,,NON_N_FIXER,MODERATELY_MOTILE,HIGHLY_MOTILE.1,
Geissleria sp. 3 NE Lakes,Species/Dataset,Geissleria,Geissleria sp. 3 NE Lakes,1,2,FALSE,,,,,,,benthic,benthic (many possible substrates),,,,,,NON_N_FIXER,MODERATELY_MOTILE,HIGHLY_MOTILE.1,
Genkalia digitulus,Species,Genkalia,Genkalia digitulus,9,27,FALSE,,,,,,,benthic,benthic (many possible substrates),,,,,,,,,
Genkalia sp. 1 NE Lakes,Species/Dataset,Genkalia,Genkalia sp. 1 NE Lakes,3,3,FALSE,,,,,,,benthic,benthic (many possible substrates),,,,,,,,,
Gliwiczia calcar,Species,Gliwiczia,Gliwiczia calcar,5,3,FALSE,,,,,,,benthic,benthic (many possible substrates),VERY SMALL,,,,,NON_N_FIXER,SLIGHTLY_MOTILE,,
Gogorevia exilis,Species,Gogorevia,Gogorevia exilis,21,61,FALSE,4,4_middle,IV_middle,,,,benthic,benthic (many possible substrates),,,,,,,,,
Gogorevia heterovalva,Species,Gogorevia,Gogorevia heterovalva,13,22,FALSE,,,,,,,benthic,benthic (many possible substrates),,,,,,NON_N_FIXER,SLIGHTLY_MOTILE,,ADNATE
Gogorevia rostellata,Species,Gogorevia,Gogorevia rostellata,9,6,FALSE,,,,,,,benthic,benthic (many possible substrates),,,,,,,,,
Gomphoneis,Genera,Gomphoneis,,1,2,FALSE,,,,,,,benthic,benthic (many possible substrates),BIG,,,,,NON_N_FIXER,MODERATELY_MOTILE,,STALKED
Gomphonella,Genera,Gomphonella,,1,1,FALSE,,,,,,,benthic,benthic (many possible substrates),,,,,,,,,
Gomphonella hutchinsoniana,Species,Gomphonella,Gomphonella hutchinsoniana,3,3,FALSE,,,,,,,,,,,,,,,,,
Gomphonella olivacea,Species,Gomphonella,Gomphonella olivacea,22,69,FALSE,,,,,,,benthic,benthic (many possible substrates),MEDIUM,eutra,TROPHIC_5,,,NON_N_FIXER,MODERATELY_MOTILE,,STALKED
Gomphonema,Genera,Gomphonema,,453,241,FALSE,4,4_middle,IV_middle,,alkali,,benthic,benthic (many possible substrates),,,,,,NON_N_FIXER,MODERATELY_MOTILE,,STALKED
Gomphonema acuminatum,Species,Gomphonema,Gomphonema acuminatum,297,55,FALSE,4,4_better,IV_better,,neutral,,benthic,benthic (many possible substrates),MEDIUM,eutra,TROPHIC_5,,,NON_N_FIXER,MODERATELY_MOTILE,,STALKED
Gomphonema acutiusculum,Species,Gomphonema,Gomphonema acutiusculum,1,5,FALSE,,,,,,,,,,,,,,,,,
Gomphonema affine,Species,Gomphonema,Gomphonema affine,43,31,FALSE,,,,,,,benthic,benthic (many possible substrates),MEDIUM,meso,TROPHIC_3,,,NON_N_FIXER,MODERATELY_MOTILE,,STALKED
Gomphonema amoenum,Species,Gomphonema,Gomphonema amoenum,4,3,FALSE,,,,,,,benthic,benthic (many possible substrates),MEDIUM,,,,,NON_N_FIXER,MODERATELY_MOTILE,,STALKED
Gomphonema angustatum,Species,Gomphonema,Gomphonema angustatum,524,345,FALSE,4,4_better,IV_better,,neutral,,benthic,benthic (many possible substrates),SMALL,oligo,TROPHIC_1,,,NON_N_FIXER,MODERATELY_MOTILE,,STALKED
Gomphonema angustatum var. citera,Variety,Gomphonema,Gomphonema angustatum,2,1,FALSE,,,,,,,benthic,benthic (many possible substrates),SMALL,,,,,NON_N_FIXER,MODERATELY_MOTILE,,STALKED
Gomphonema angustum,Species,Gomphonema,Gomphonema angustum,5,21,FALSE,,,,,,,benthic,benthic (many possible substrates),SMALL,oligo,TROPHIC_1,,,NON_N_FIXER,MODERATELY_MOTILE,,STALKED
Gomphonema anjae,Species,Gomphonema,Gomphonema anjae,6,14,FALSE,,,,,,,benthic,benthic (many possible substrates),MEDIUM,,,,,NON_N_FIXER,MODERATELY_MOTILE,,STALKED
Gomphonema apiculatum,Species,Gomphonema,Gomphonema apiculatum,1,1,FALSE,,,,,,,,,,,,,,,,,
Gomphonema apuncto,Species,Gomphonema,Gomphonema apuncto,1,113,FALSE,,,,,,,,,,,,,,,,,
Gomphonema augur,Species,Gomphonema,Gomphonema augur,15,6,FALSE,,,,,,,benthic,benthic (many possible substrates),MEDIUM,meso-eutra,TROPHIC_4,,,NON_N_FIXER,MODERATELY_MOTILE,,STALKED
Gomphonema auritum,Species,Gomphonema,Gomphonema auritum,1,3,FALSE,,,,,,,,,,,,,,,,,
Gomphonema blandiculum,Species,Gomphonema,Gomphonema blandiculum,6,3,FALSE,,,,,,,benthic,benthic (many possible substrates),,,,,,NON_N_FIXER,MODERATELY_MOTILE,,STALKED
Gomphonema bohemicum,Species,Gomphonema,Gomphonema bohemicum,1,1,FALSE,,,,,,,benthic,benthic (many possible substrates),BIG,oligo,TROPHIC_1,,,NON_N_FIXER,MODERATELY_MOTILE,,STALKED
Gomphonema brebissonii,Species,Gomphonema,Gomphonema brebissonii,13,12,FALSE,,,,,,,benthic,benthic (many possible substrates),SMALL,,,,,NON_N_FIXER,MODERATELY_MOTILE,,STALKED
Gomphonema calcifugum,Species,Gomphonema,Gomphonema calcifugum,8,20,FALSE,,,,,,,benthic,benthic (many possible substrates),,,,,,NON_N_FIXER,MODERATELY_MOTILE,,STALKED
Gomphonema camburnii,Species,Gomphonema,Gomphonema camburnii,1,2,FALSE,,,,,,,,,,,,,,,,,
Gomphonema caperatum,Species,Gomphonema,Gomphonema caperatum,12,40,FALSE,,,,,,,benthic,benthic (many possible substrates),SMALL,,,,,NON_N_FIXER,MODERATELY_MOTILE,,STALKED
Gomphonema capitatum,Species,Gomphonema,Gomphonema capitatum,10,6,FALSE,,,,,,,benthic,benthic (many possible substrates),,,,,,NON_N_FIXER,MODERATELY_MOTILE,,STALKED
Gomphonema cf. clevei UMICH,Species/Dataset,Gomphonema,Gomphonema cf. clevei UMICH,1,1,FALSE,,,,,,,,,,,,,,,,,
Gomphonema cf. cumrhis,Species,Gomphonema,Gomphonema cf. cumrhis,1,1,FALSE,,,,,,,,,,,,,,,,,
Gomphonema clavatulum,Species,Gomphonema,Gomphonema clavatulum,21,51,FALSE,,,,,,,benthic,benthic (many possible substrates),,,,,,NON_N_FIXER,MODERATELY_MOTILE,,STALKED
Gomphonema clavatum,Species,Gomphonema,Gomphonema clavatum,2,3,FALSE,,,,,,,,,,,,,,,,,
Gomphonema clevei,Species,Gomphonema,Gomphonema clevei,1,1,FALSE,,,,,,,,,,,,,,,,,
Gomphonema consector,Species,Gomphonema,Gomphonema consector,12,21,FALSE,,,,,,,benthic,benthic (many possible substrates),MEDIUM,,,,,NON_N_FIXER,MODERATELY_MOTILE,,STALKED
Gomphonema coronatum,Species,Gomphonema,Gomphonema coronatum,43,22,FALSE,,,,,,,benthic,benthic (many possible substrates),MEDIUM,,,,,NON_N_FIXER,MODERATELY_MOTILE,,STALKED
Gomphonema cumrhis,Species,Gomphonema,Gomphonema cumrhis,1,1,FALSE,,,,,,,benthic,benthic (many possible substrates),,,,,,NON_N_FIXER,MODERATELY_MOTILE,,STALKED
Gomphonema dichotomum,Species,Gomphonema,Gomphonema dichotomum,4,16,FALSE,,,,,,,,,,,,,,,,,
Gomphonema drutelingense,Species,Gomphonema,Gomphonema drutelingense,5,12,FALSE,,,,,,,benthic,benthic (many possible substrates),MEDIUM,,,,,NON_N_FIXER,MODERATELY_MOTILE,,STALKED
Gomphonema elegantissimum,Species,Gomphonema,Gomphonema elegantissimum,32,45,FALSE,,,,,,,benthic,benthic (many possible substrates),,,,,,NON_N_FIXER,MODERATELY_MOTILE,,STALKED
Gomphonema elongatum,Species,Gomphonema,Gomphonema elongatum,2,10,FALSE,,,,,,,,,,,,,,,,,
Gomphonema exilissimum,Species,Gomphonema,Gomphonema exilissimum,71,103,FALSE,4,4_middle,IV_middle,,alkali,,benthic,benthic (many possible substrates),SMALL,oligo,TROPHIC_1,,,NON_N_FIXER,MODERATELY_MOTILE,,STALKED
Gomphonema gracile,Species,Gomphonema,Gomphonema gracile,403,330,FALSE,4,4_middle,IV_middle,,neutral,,benthic,benthic (many possible substrates),MEDIUM,meso,TROPHIC_3,,,NON_N_FIXER,MODERATELY_MOTILE,,STALKED
Gomphonema gracile var. lanceolata,Variety,Gomphonema,Gomphonema gracile,1,1,FALSE,,,,,,,,,,,,,,,,,
Gomphonema graciledictum,Species,Gomphonema,Gomphonema graciledictum,46,15,FALSE,4,4_middle,IV_middle,,hialkali,,benthic,benthic (many possible substrates),,,,,,NON_N_FIXER,MODERATELY_MOTILE,,STALKED
Gomphonema gregarium,Species,Gomphonema,Gomphonema gregarium,4,1,FALSE,,,,,,,benthic,benthic (many possible substrates),,,,,,NON_N_FIXER,MODERATELY_MOTILE,,STALKED
Gomphonema grunowii,Species,Gomphonema,Gomphonema grunowii,1,3,FALSE,,,,,,,benthic,benthic (many possible substrates),SMALL,,,,,NON_N_FIXER,MODERATELY_MOTILE,,STALKED
Gomphonema hebridense,Species,Gomphonema,Gomphonema hebridense,1,4,FALSE,,,,,,,,,,,,,,,,,
Gomphonema innocens,Species,Gomphonema,Gomphonema innocens,23,26,FALSE,,,,,,,benthic,benthic (many possible substrates),,,,,,NON_N_FIXER,MODERATELY_MOTILE,,STALKED
Gomphonema insigne,Species,Gomphonema,Gomphonema insigne,8,7,FALSE,,,,,,,benthic,benthic (many possible substrates),SMALL,,,HIGH_P,,NON_N_FIXER,MODERATELY_MOTILE,,STALKED
Gomphonema intricatum,Species,Gomphonema,Gomphonema intricatum,9,8,FALSE,,,,,,,benthic,benthic (many possible substrates),MEDIUM,,,,LOW_N,NON_N_FIXER,MODERATELY_MOTILE,,STALKED
Gomphonema italicum,Species,Gomphonema,Gomphonema italicum,9,18,FALSE,,,,,,,benthic,benthic (many possible substrates),,,,,,NON_N_FIXER,MODERATELY_MOTILE,,STALKED
Gomphonema kobayasii,Species,Gomphonema,Gomphonema kobayasii,27,67,FALSE,3,,III,low,,,benthic,benthic (many possible substrates),SMALL,,,HIGH_P,HIGH_N,NON_N_FIXER,MODERATELY_MOTILE,,STALKED
Gomphonema lagenula,Species,Gomphonema,Gomphonema lagenula,29,21,FALSE,,,,,,,benthic,benthic (many possible substrates),SMALL,,,,,NON_N_FIXER,MODERATELY_MOTILE,,STALKED
Gomphonema lateripunctatum,Species,Gomphonema,Gomphonema lateripunctatum,20,29,FALSE,,,,,,,benthic,benthic (many possible substrates),,,,,,NON_N_FIXER,MODERATELY_MOTILE,,STALKED
Gomphonema longilineare,Species,Gomphonema,Gomphonema longilineare,6,82,FALSE,,,,,,,,,,,,,,,,,
Gomphonema louisiananum,Species,Gomphonema,Gomphonema louisiananum,37,80,FALSE,,,,,,,benthic,benthic (many possible substrates),MEDIUM,,,LOW_P,LOW_N,NON_N_FIXER,MODERATELY_MOTILE,,STALKED
Gomphonema mexicanum,Species,Gomphonema,Gomphonema mexicanum,2,7,FALSE,,,,,,,benthic,benthic (many possible substrates),MEDIUM,,,,,NON_N_FIXER,MODERATELY_MOTILE,,STALKED
Gomphonema micropus,Species,Gomphonema,Gomphonema micropus,44,102,FALSE,,,,,,,benthic,benthic (many possible substrates),SMALL,eutra,TROPHIC_5,,,NON_N_FIXER,MODERATELY_MOTILE,,STALKED
Gomphonema minusculum,Species,Gomphonema,Gomphonema minusculum,43,43,FALSE,,,,,,,benthic,benthic (many possible substrates),MEDIUM,,,,,NON_N_FIXER,MODERATELY_MOTILE,,STALKED
Gomphonema minutum,Species,Gomphonema,Gomphonema minutum,34,21,FALSE,,,,,,,benthic,benthic (many possible substrates),SMALL,eutra,TROPHIC_5,,HIGH_N,NON_N_FIXER,MODERATELY_MOTILE,,STALKED
Gomphonema naviculoides,Species,Gomphonema,Gomphonema naviculoides,1,4,FALSE,,,,,,,benthic,benthic (many possible substrates),,,,,,NON_N_FIXER,MODERATELY_MOTILE,,STALKED
Gomphonema novacula,Species,Gomphonema,Gomphonema novacula,2,1,FALSE,,,,,,,benthic,benthic (many possible substrates),,,,,,NON_N_FIXER,MODERATELY_MOTILE,,STALKED
Gomphonema olivaceoides,Species,Gomphonema,Gomphonema olivaceoides,8,9,FALSE,,,,,,,benthic,benthic (many possible substrates),MEDIUM,meso,TROPHIC_3,LOW_P,,NON_N_FIXER,MODERATELY_MOTILE,,STALKED
Gomphonema olivaceoides var. hutchinsoniana,Variety,Gomphonema,Gomphonema olivaceoides,5,3,FALSE,,,,,,,benthic,benthic (many possible substrates),SMALL,,,LOW_P,,NON_N_FIXER,SLIGHTLY_MOTILE,,STALKED
Gomphonema pala,Species,Gomphonema,Gomphonema pala,6,3,FALSE,,,,,,,benthic,benthic (many possible substrates),,,,,,NON_N_FIXER,MODERATELY_MOTILE,,STALKED
Gomphonema parvulius,Species,Gomphonema,Gomphonema parvulius,30,69,FALSE,,,,,,,benthic,benthic (many possible substrates),SMALL,oligo,TROPHIC_1,,,NON_N_FIXER,MODERATELY_MOTILE,,STALKED
Gomphonema parvulum,Species,Gomphonema,Gomphonema parvulum,300,224,FALSE,4,4_worse,IV_worse,,neutral,,benthic,benthic (many possible substrates),SMALL,eutra,TROPHIC_5,HIGH_P,HIGH_N,NON_N_FIXER,MODERATELY_MOTILE,,STALKED
Gomphonema parvulum f. saprophilum,Variety,Gomphonema,Gomphonema parvulum,3,12,FALSE,,,,,,,,,,,,,,,,,
Gomphonema procerum,Species,Gomphonema,Gomphonema procerum,7,14,FALSE,,,,,,,benthic,benthic (many possible substrates),VERY SMALL,,,,,NON_N_FIXER,MODERATELY_MOTILE,,STALKED
Gomphonema productum,Species,Gomphonema,Gomphonema productum,25,21,FALSE,,,,,,,benthic,benthic (many possible substrates),MEDIUM,oligo-meso,TROPHIC_2,,,NON_N_FIXER,MODERATELY_MOTILE,,STALKED
Gomphonema pseudoaugur,Species,Gomphonema,Gomphonema pseudoaugur,2,1,FALSE,,,,,,,benthic,benthic (many possible substrates),SMALL,eutra,TROPHIC_5,,,NON_N_FIXER,MODERATELY_MOTILE,,STALKED
Gomphonema pseudosphaerophorum,Species,Gomphonema,Gomphonema pseudosphaerophorum,1,1,FALSE,,,,,,,benthic,benthic (many possible substrates),,,,,,NON_N_FIXER,MODERATELY_MOTILE,,STALKED
Gomphonema puiggarianum var. aequatorialis,Variety,Gomphonema,Gomphonema puiggarianum,2,1,FALSE,,,,,,,benthic,benthic (many possible substrates),,,,,,NON_N_FIXER,MODERATELY_MOTILE,,STALKED
Gomphonema pumilum,Species,Gomphonema,Gomphonema pumilum,46,110,FALSE,4,4_middle,IV_middle,,,,benthic,benthic (many possible substrates),MEDIUM,indiff,TROPHIC_7,,LOW_N,NON_N_FIXER,MODERATELY_MOTILE,,STALKED
Gomphonema pumilum var. elegans,Variety,Gomphonema,Gomphonema pumilum,2,2,FALSE,,,,,,,benthic,benthic (many possible substrates),MEDIUM,,,,,NON_N_FIXER,MODERATELY_MOTILE,,STALKED
Gomphonema pumilum var. rigidum,Variety,Gomphonema,Gomphonema pumilum,5,19,FALSE,,,,,,,benthic,benthic (many possible substrates),MEDIUM,,,,,NON_N_FIXER,MODERATELY_MOTILE,,STALKED
Gomphonema pusillum,Species,Gomphonema,Gomphonema pusillum,4,9,FALSE,,,,,,,benthic,benthic (many possible substrates),,,,,,NON_N_FIXER,MODERATELY_MOTILE,,STALKED
Gomphonema pygmaeum,Species,Gomphonema,Gomphonema pygmaeum,4,44,FALSE,,,,,,,benthic,benthic (many possible substrates),MEDIUM,,,,,NON_N_FIXER,MODERATELY_MOTILE,,STALKED
Gomphonema rhombicum,Species,Gomphonema,Gomphonema rhombicum,4,3,FALSE,,,,,,,benthic,benthic (many possible substrates),SMALL,,,,LOW_N,NON_N_FIXER,MODERATELY_MOTILE,,STALKED
Gomphonema sarcophagus,Species,Gomphonema,Gomphonema sarcophagus,21,8,FALSE,,,,,,,benthic,benthic (many possible substrates),SMALL,meso,TROPHIC_3,LOW_P,,NON_N_FIXER,MODERATELY_MOTILE,,STALKED
Gomphonema sierranum,Species,Gomphonema,Gomphonema sierranum,2,3,FALSE,,,,,,,benthic,benthic (many possible substrates),,,,,,NON_N_FIXER,MODERATELY_MOTILE,,STALKED
Gomphonema sp. 1 NE Lakes,Species/Dataset,Gomphonema,Gomphonema sp. 1 NE Lakes,2,3,FALSE,,,,,,,benthic,benthic (many possible substrates),,,,,,NON_N_FIXER,MODERATELY_MOTILE,,STALKED
Gomphonema sp. 1 PIRLA,Species/Dataset,Gomphonema,Gomphonema sp. 1 PIRLA,27,20,FALSE,,,,,,,,,,,,,,,,,
Gomphonema sp. 1 VTEC Lakes,Species/Dataset,Gomphonema,Gomphonema sp. 1 VTEC Lakes,1,2,FALSE,,,,,,,,,,,,,,,,,
Gomphonema sp. 10 NE Lakes,Species/Dataset,Gomphonema,Gomphonema sp. 10 NE Lakes,2,3,FALSE,,,,,,,benthic,benthic (many possible substrates),,,,,,NON_N_FIXER,MODERATELY_MOTILE,,STALKED
Gomphonema sp. 12 NE Lakes,Species/Dataset,Gomphonema,Gomphonema sp. 12 NE Lakes,1,2,FALSE,,,,,,,benthic,benthic (many possible substrates),,,,,,NON_N_FIXER,MODERATELY_MOTILE,,STALKED
Gomphonema sp. 13 NE Lakes,Species/Dataset,Gomphonema,Gomphonema sp. 13 NE Lakes,2,1,FALSE,,,,,,,benthic,benthic (many possible substrates),,,,,,NON_N_FIXER,MODERATELY_MOTILE,,STALKED
Gomphonema sp. 14 NE Lakes,Species/Dataset,Gomphonema,Gomphonema sp. 14 NE Lakes,1,1,FALSE,,,,,,,benthic,benthic (many possible substrates),,,,,,NON_N_FIXER,MODERATELY_MOTILE,,STALKED
Gomphonema sp. 15 NE Lakes,Species/Dataset,Gomphonema,Gomphonema sp. 15 NE Lakes,1,1,FALSE,,,,,,,benthic,benthic (many possible substrates),,,,,,NON_N_FIXER,MODERATELY_MOTILE,,STALKED
Gomphonema sp. 15 SAVANNAH EAM,Species/Dataset,Gomphonema,Gomphonema sp. 15 SAVANNAH EAM,1,5,FALSE,,,,,,,,,,,,,,,,,
Gomphonema sp. 16 NE Lakes,Species/Dataset,Gomphonema,Gomphonema sp. 16 NE Lakes,12,51,FALSE,,,,,,,benthic,benthic (many possible substrates),,,,,,NON_N_FIXER,MODERATELY_MOTILE,,STALKED
Gomphonema sp. 18 NAWQA MP,Species/Dataset,Gomphonema,Gomphonema sp. 18 NAWQA MP,1,20,FALSE,,,,,,,,,,,,,,,,,
Gomphonema sp. 18 NE Lakes,Species/Dataset,Gomphonema,Gomphonema sp. 18 NE Lakes,1,4,FALSE,,,,,,,benthic,benthic (many possible substrates),,,,,,NON_N_FIXER,MODERATELY_MOTILE,,STALKED
Gomphonema sp. 19 NE Lakes,Species/Dataset,Gomphonema,Gomphonema sp. 19 NE Lakes,2,3,FALSE,,,,,,,,,,,,,,,,,
Gomphonema sp. 2 NE Lakes,Species/Dataset,Gomphonema,Gomphonema sp. 2 NE Lakes,3,11,FALSE,,,,,,,benthic,benthic (many possible substrates),,,,,,NON_N_FIXER,MODERATELY_MOTILE,,STALKED
Gomphonema sp. 2 PIRLA,Species/Dataset,Gomphonema,Gomphonema sp. 2 PIRLA,5,1,FALSE,,,,,,,,,,,,,,,,,
Gomphonema sp. 2 VTEC Lakes,Species/Dataset,Gomphonema,Gomphonema sp. 2 VTEC Lakes,1,1,FALSE,,,,,,,,,,,,,,,,,
Gomphonema sp. 20 NE Lakes,Species/Dataset,Gomphonema,Gomphonema sp. 20 NE Lakes,2,3,FALSE,,,,,,,benthic,benthic (many possible substrates),,,,,,NON_N_FIXER,MODERATELY_MOTILE,,STALKED
Gomphonema sp. 21 NE Lakes,Species/Dataset,Gomphonema,Gomphonema sp. 21 NE Lakes,1,4,FALSE,,,,,,,benthic,benthic (many possible substrates),,,,,,NON_N_FIXER,MODERATELY_MOTILE,,STALKED
Gomphonema sp. 22 NE Lakes,Species/Dataset,Gomphonema,Gomphonema sp. 22 NE Lakes,9,6,FALSE,,,,,,,benthic,benthic (many possible substrates),,,,,,NON_N_FIXER,MODERATELY_MOTILE,,STALKED
Gomphonema sp. 23 NE Lakes,Species/Dataset,Gomphonema,Gomphonema sp. 23 NE Lakes,1,1,FALSE,,,,,,,benthic,benthic (many possible substrates),,,,,,NON_N_FIXER,MODERATELY_MOTILE,,STALKED
Gomphonema sp. 24 NE Lakes,Species/Dataset,Gomphonema,Gomphonema sp. 24 NE Lakes,1,5,FALSE,,,,,,,benthic,benthic (many possible substrates),,,,,,NON_N_FIXER,MODERATELY_MOTILE,,STALKED
Gomphonema sp. 26 NAWQA EAM,Species/Dataset,Gomphonema,Gomphonema sp. 26 NAWQA EAM,1,4,FALSE,,,,,,,,,,,,,,,,,
Gomphonema sp. 26 NE Lakes,Species/Dataset,Gomphonema,Gomphonema sp. 26 NE Lakes,1,7,FALSE,,,,,,,benthic,benthic (many possible substrates),,,,,,NON_N_FIXER,MODERATELY_MOTILE,,STALKED
Gomphonema sp. 27 NE Lakes,Species/Dataset,Gomphonema,Gomphonema sp. 27 NE Lakes,2,8,FALSE,,,,,,,,,,,,,,,,,
Gomphonema sp. 3 NE Lakes,Species/Dataset,Gomphonema,Gomphonema sp. 3 NE Lakes,2,1,FALSE,,,,,,,benthic,benthic (many possible substrates),,,,,,NON_N_FIXER,MODERATELY_MOTILE,,STALKED
Gomphonema sp. 3 PIRLA,Species/Dataset,Gomphonema,Gomphonema sp. 3 PIRLA,5,25,FALSE,,,,,,,,,,,,,,,,,
Gomphonema sp. 39 NAWQA,Species/Dataset,Gomphonema,Gomphonema sp. 39 NAWQA,1,2,FALSE,,,,,,,,,,,,,,,,,
Gomphonema sp. 4 PIRLA,Species/Dataset,Gomphonema,Gomphonema sp. 4 PIRLA,16,18,FALSE,,,,,,,,,,,,,,,,,
Gomphonema sp. 42 SESQA,Species/Dataset,Gomphonema,Gomphonema sp. 42 SESQA,1,8,FALSE,,,,,,,benthic,benthic (many possible substrates),MEDIUM,,,,,NON_N_FIXER,MODERATELY_MOTILE,,STALKED
Gomphonema sp. 6 NE Lakes,Species/Dataset,Gomphonema,Gomphonema sp. 6 NE Lakes,4,3,FALSE,,,,,,,benthic,benthic (many possible substrates),,,,,,NON_N_FIXER,MODERATELY_MOTILE,,STALKED
Gomphonema sp. 7 NE Lakes,Species/Dataset,Gomphonema,Gomphonema sp. 7 NE Lakes,3,3,FALSE,,,,,,,benthic,benthic (many possible substrates),,,,,,NON_N_FIXER,MODERATELY_MOTILE,,STALKED
Gomphonema sp. 8 NE Lakes,Species/Dataset,Gomphonema,Gomphonema sp. 8 NE Lakes,10,7,FALSE,,,,,,,benthic,benthic (many possible substrates),,,,,,NON_N_FIXER,MODERATELY_MOTILE,,STALKED
Gomphonema sp. 9 NE Lakes,Species/Dataset,Gomphonema,Gomphonema sp. 9 NE Lakes,1,1,FALSE,,,,,,,benthic,benthic (many possible substrates),,,,,,NON_N_FIXER,MODERATELY_MOTILE,,STALKED
Gomphonema sphaerophorum,Species,Gomphonema,Gomphonema sphaerophorum,5,3,FALSE,,,,,,,benthic,benthic (many possible substrates),MEDIUM,,,LOW_P,LOW_N,NON_N_FIXER,MODERATELY_MOTILE,,STALKED
Gomphonema subclavatum,Species,Gomphonema,Gomphonema subclavatum,5,22,FALSE,,,,,,,benthic,benthic (many possible substrates),MEDIUM,oligo-meso,TROPHIC_2,,,NON_N_FIXER,MODERATELY_MOTILE,,STALKED
Gomphonema subclavatum var. commutatum,Variety,Gomphonema,Gomphonema subclavatum,3,1,FALSE,,,,,,,,,,,,,,,,,
Gomphonema subtile,Species,Gomphonema,Gomphonema subtile,43,19,FALSE,4,4_better,IV_better,,alkali,,benthic,benthic (many possible substrates),MEDIUM,oligo-meso,TROPHIC_2,,,NON_N_FIXER,MODERATELY_MOTILE,,STALKED
Gomphonema subtile var. sagitta,Variety,Gomphonema,Gomphonema subtile,47,75,FALSE,,,,,,,benthic,benthic (many possible substrates),MEDIUM,oligo-meso,TROPHIC_2,,,NON_N_FIXER,MODERATELY_MOTILE,,STALKED
Gomphonema tergestinum,Species,Gomphonema,Gomphonema tergestinum,17,48,FALSE,,,,,,,benthic,benthic (many possible substrates),SMALL,oligo-meso,TROPHIC_2,,,NON_N_FIXER,MODERATELY_MOTILE,,STALKED
Gomphonema truncatum,Species,Gomphonema,Gomphonema truncatum,99,23,FALSE,4,4_better,IV_better,,hialkali,,benthic,benthic (many possible substrates),BIG,meso-eutra,TROPHIC_4,,,NON_N_FIXER,MODERATELY_MOTILE,,STALKED
Gomphonema truncatum var. elongata,Variety,Gomphonema,Gomphonema truncatum,1,1,FALSE,,,,,,,,,,,,,,,,,
Gomphonema turgidum,Species,Gomphonema,Gomphonema turgidum,84,29,FALSE,,,,,,,benthic,benthic (many possible substrates),BIG,,,,,NON_N_FIXER,MODERATELY_MOTILE,,STALKED
Gomphonema turris,Species,Gomphonema,Gomphonema turris,25,18,FALSE,,,,,,,benthic,benthic (many possible substrates),MEDIUM,,,,,NON_N_FIXER,MODERATELY_MOTILE,,STALKED
Gomphonema variostriatum,Species,Gomphonema,Gomphonema variostriatum,102,130,FALSE,4,4_better,IV_better,,alkali,,benthic,benthic (many possible substrates),SMALL,,,,,NON_N_FIXER,MODERATELY_MOTILE,,STALKED
Gomphonema vibrioides,Species,Gomphonema,Gomphonema vibrioides,1,5,FALSE,,,,,,,,,,,,,,,,,
Gomphosphenia,Genera,Gomphosphenia,,2,3,FALSE,,,,,,,benthic,benthic (many possible substrates),,,,,,NON_N_FIXER,MODERATELY_MOTILE,,
Gomphosphenia grovei,Species,Gomphosphenia,Gomphosphenia grovei,2,3,FALSE,,,,,,,benthic,benthic (many possible substrates),VERY SMALL,,,,,NON_N_FIXER,MODERATELY_MOTILE,,
Gomphosphenia holmquistii,Species,Gomphosphenia,Gomphosphenia holmquistii,1,6,FALSE,,,,,,,benthic,benthic (many possible substrates),,,,,,NON_N_FIXER,MODERATELY_MOTILE,,
Gomphosphenia lingulatiformis,Species,Gomphosphenia,Gomphosphenia lingulatiformis,3,3,FALSE,,,,,,,benthic,benthic (many possible substrates),MEDIUM,,,,,NON_N_FIXER,SLIGHTLY_MOTILE,,
Gomphosphenia stoermeri,Species,Gomphosphenia,Gomphosphenia stoermeri,1,1,FALSE,,,,,,,benthic,benthic (many possible substrates),SMALL,,,,,NON_N_FIXER,WEAKLY_MOTILE,,
Gomphosphenia tackei,Species,Gomphosphenia,Gomphosphenia tackei,4,3,FALSE,,,,,,,benthic,benthic (many possible substrates),VERY SMALL,,,,,NON_N_FIXER,SLIGHTLY_MOTILE,,
Gomphosphenia tackei var. brevistriatum,Variety,Gomphosphenia,Gomphosphenia tackei,1,1,FALSE,,,,,,,benthic,benthic (many possible substrates),SMALL,,,,,NON_N_FIXER,MODERATELY_MOTILE,,
Grunowia sinuata,Species,Grunowia,Grunowia sinuata,27,22,FALSE,,,,,,,benthic,benthic (many possible substrates),SMALL,meso,TROPHIC_3,LOW_P,,NON_N_FIXER,HIGHLY_MOTILE,HIGHLY_MOTILE.1,
Grunowia solgensis,Species,Grunowia,Grunowia solgensis,3,11,FALSE,,,,,,,benthic,benthic (many possible substrates),VERY SMALL,meso-eutra,TROPHIC_4,LOW_P,,NON_N_FIXER,HIGHLY_MOTILE,HIGHLY_MOTILE.1,
Grunowia tabellaria,Species,Grunowia,Grunowia tabellaria,28,28,FALSE,,,,,,,benthic,benthic (many possible substrates),SMALL,meso,TROPHIC_3,LOW_P,LOW_N,NON_N_FIXER,MODERATELY_MOTILE,HIGHLY_MOTILE.1,
Gyrosigma,Genera,Gyrosigma,,15,6,FALSE,4,4_middle,IV_middle,,alkali,,benthic,benthic (many possible substrates),VERY_BIG,,,,,NON_N_FIXER,HIGHLY_MOTILE,HIGHLY_MOTILE.1,
Gyrosigma acuminatum,Species,Gyrosigma,Gyrosigma acuminatum,165,282,FALSE,4,4_middle,IV_middle,,alkali,,benthic,benthic (many possible substrates),BIG,eutra,TROPHIC_5,HIGH_P,,NON_N_FIXER,HIGHLY_MOTILE,HIGHLY_MOTILE.1,
Gyrosigma attenuatum,Species,Gyrosigma,Gyrosigma attenuatum,13,3,FALSE,,,,,,,benthic,benthic (many possible substrates),VERY_BIG,eutra,TROPHIC_5,,,NON_N_FIXER,HIGHLY_MOTILE,HIGHLY_MOTILE.1,
Gyrosigma obscurum,Species,Gyrosigma,Gyrosigma obscurum,42,205,FALSE,4,4_middle,IV_middle,,,,benthic,benthic (many possible substrates),BIG,,,,,NON_N_FIXER,HIGHLY_MOTILE,HIGHLY_MOTILE.1,
Gyrosigma obtusatum,Species,Gyrosigma,Gyrosigma obtusatum,2,1,FALSE,,,,,,,benthic,benthic (many possible substrates),VERY_BIG,eutra,TROPHIC_5,HIGH_P,,NON_N_FIXER,HIGHLY_MOTILE,HIGHLY_MOTILE.1,
Gyrosigma scalproides,Species,Gyrosigma,Gyrosigma scalproides,2,2,FALSE,,,,,,,benthic,benthic (many possible substrates),VERY_BIG,,,,,NON_N_FIXER,HIGHLY_MOTILE,HIGHLY_MOTILE.1,
Gyrosigma sciotoense,Species,Gyrosigma,Gyrosigma sciotoense,1,1,FALSE,,,,,,,benthic,benthic (many possible substrates),VERY_BIG,,,,HIGH_N,NON_N_FIXER,HIGHLY_MOTILE,HIGHLY_MOTILE.1,
Gyrosigma spencerii var. curvula,Variety,Gyrosigma,Gyrosigma spencerii,1,1,FALSE,,,,,,,benthic,benthic (many possible substrates),VERY_BIG,,,,,NON_N_FIXER,HIGHLY_MOTILE,HIGHLY_MOTILE.1,
Gyrosigma wormleyi,Species,Gyrosigma,Gyrosigma wormleyi,2,10,FALSE,,,,,,,,,,,,,,,,,
Halamphora coffeaeformis,Species,Halamphora,Halamphora coffeaeformis,3,9,FALSE,,,,,,,benthic,benthic (many possible substrates),SMALL,eutra,TROPHIC_5,HIGH_P,HIGH_N,NON_N_FIXER,MODERATELY_MOTILE,,
Halamphora holsatica,Species,Halamphora,Halamphora holsatica,3,13,FALSE,,,,,,,benthic,benthic (many possible substrates),SMALL,,,,,NON_N_FIXER,MODERATELY_MOTILE,,
Halamphora montana,Species,Halamphora,Halamphora montana,9,7,FALSE,,,,,,,benthic,benthic (many possible substrates),VERY SMALL,,,HIGH_P,HIGH_N,NON_N_FIXER,MODERATELY_MOTILE,,
Halamphora perpusilla,Species,Halamphora,Halamphora perpusilla,12,22,FALSE,,,,,,,benthic,benthic (many possible substrates),,,,,,,,,
Halamphora thumensis,Species,Halamphora,Halamphora thumensis,18,32,FALSE,2,,II,low,,,benthic,benthic (many possible substrates),VERY SMALL,,,,,NON_N_FIXER,MODERATELY_MOTILE,,
Halamphora tumida,Species,Halamphora,Halamphora tumida,1,2,FALSE,,,,,,,,,,,,,,,,,
Halamphora veneta,Species,Halamphora,Halamphora veneta,19,26,FALSE,5,,V,,,,benthic,benthic (many possible substrates),SMALL,eutra,TROPHIC_5,,HIGH_N,NON_N_FIXER,MODERATELY_MOTILE,,
Hannaea arcus,Species,Hannaea,Hannaea arcus,23,59,FALSE,,,,,,,"benthic,planktonic",planktonic and benthic,MEDIUM,,,LOW_P,LOW_N,NON_N_FIXER,NON_MOTILE,ARAPHID,
Hantzschia,Genera,Hantzschia,,6,3,FALSE,,,,,,,benthic,benthic (many possible substrates),,,,,,NON_N_FIXER,HIGHLY_MOTILE,HIGHLY_MOTILE.1,
Hantzschia abundans,Species,Hantzschia,Hantzschia abundans,2,6,FALSE,,,,,,,benthic,benthic (many possible substrates),MEDIUM,indiff,TROPHIC_7,,LOW_N,NON_N_FIXER,HIGHLY_MOTILE,HIGHLY_MOTILE.1,
Hantzschia amphioxys,Species,Hantzschia,Hantzschia amphioxys,38,36,FALSE,,,,,,,benthic,benthic (many possible substrates),MEDIUM,indiff,TROPHIC_7,HIGH_P,,NON_N_FIXER,HIGHLY_MOTILE,HIGHLY_MOTILE.1,
Hantzschia amphioxys var. vivax,Variety,Hantzschia,Hantzschia amphioxys,1,1,FALSE,,,,,,,,,,,,,,,,,
Hantzschia distinctepunctata,Species,Hantzschia,Hantzschia distinctepunctata,1,1,FALSE,,,,,,,,,,,,,,,,,
Hantzschia sp. 2 NE Lakes,Species/Dataset,Hantzschia,Hantzschia sp. 2 NE Lakes,1,1,FALSE,,,,,,,benthic,benthic (many possible substrates),,,,,,NON_N_FIXER,HIGHLY_MOTILE,HIGHLY_MOTILE.1,
Hantzschia spectabilis,Species,Hantzschia,Hantzschia spectabilis,1,1,FALSE,,,,,,,benthic,benthic (many possible substrates),MEDIUM,,,,,NON_N_FIXER,HIGHLY_MOTILE,HIGHLY_MOTILE.1,
Haslea spicula,Species,Haslea,Haslea spicula,1,1,FALSE,,,,,,,benthic,benthic (many possible substrates),MEDIUM,,,,,NON_N_FIXER,MODERATELY_MOTILE,HIGHLY_MOTILE.1,
Hippodonta,Genera,Hippodonta,,7,3,FALSE,4,4_worse,IV_worse,,alkali,,benthic,benthic (many possible substrates),,,,,,NON_N_FIXER,MODERATELY_MOTILE,HIGHLY_MOTILE.1,
Hippodonta capitata,Species,Hippodonta,Hippodonta capitata,165,148,FALSE,5,,V,high,alkali,,benthic,benthic (many possible substrates),SMALL,meso-eutra,TROPHIC_4,HIGH_P,HIGH_N,NON_N_FIXER,MODERATELY_MOTILE,HIGHLY_MOTILE.1,
Hippodonta capitata subsp. iberoamericana,Variety,Hippodonta,Hippodonta capitata,17,52,FALSE,,,,,,,benthic,benthic (many possible substrates),SMALL,,,,,NON_N_FIXER,MODERATELY_MOTILE,HIGHLY_MOTILE.1,
Hippodonta costulata,Species,Hippodonta,Hippodonta costulata,4,3,FALSE,,,,,,,benthic,benthic (many possible substrates),SMALL,,,,,NON_N_FIXER,MODERATELY_MOTILE,HIGHLY_MOTILE.1,
Hippodonta hungarica,Species,Hippodonta,Hippodonta hungarica,58,33,FALSE,4,4_worse,IV_worse,,alkali,,benthic,benthic (many possible substrates),SMALL,meso-eutra,TROPHIC_4,,,NON_N_FIXER,MODERATELY_MOTILE,HIGHLY_MOTILE.1,
Hippodonta lueneburgensis,Species,Hippodonta,Hippodonta lueneburgensis,6,14,FALSE,,,,,,,benthic,benthic (many possible substrates),SMALL,,,,,NON_N_FIXER,MODERATELY_MOTILE,HIGHLY_MOTILE.1,
Hippodonta pseudacceptata,Species,Hippodonta,Hippodonta pseudacceptata,4,6,FALSE,,,,,,,benthic,benthic (many possible substrates),VERY SMALL,,,LOW_P,LOW_N,NON_N_FIXER,MODERATELY_MOTILE,HIGHLY_MOTILE.1,
Humidophila brekkaensis,Species,Humidophila,Humidophila brekkaensis,5,6,FALSE,,,,,,,benthic,benthic (many possible substrates),VERY SMALL,,,,,NON_N_FIXER,SLIGHTLY_MOTILE,,
Humidophila contenta,Species,Humidophila,Humidophila contenta,43,15,FALSE,,,,,,,benthic,benthic (many possible substrates),VERY SMALL,,,,,NON_N_FIXER,SLIGHTLY_MOTILE,,
Humidophila gallica,Species,Humidophila,Humidophila gallica,1,1,FALSE,,,,,,,,,,,,,,,,,
Humidophila perpusilla,Species,Humidophila,Humidophila perpusilla,15,30,FALSE,,,,,,,benthic,benthic (many possible substrates),VERY SMALL,,,,,NON_N_FIXER,SLIGHTLY_MOTILE,,
Humidophila schmassmannii,Species,Humidophila,Humidophila schmassmannii,40,137,FALSE,,,,,,,benthic,benthic (many possible substrates),,,,,,,,,
Hygropetra balfouriana,Species,Hygropetra,Hygropetra balfouriana,1,2,FALSE,,,,,,,benthic,benthic (many possible substrates),VERY SMALL,,,,,NON_N_FIXER,SLIGHTLY_MOTILE,,
Hygropetra elongata,Species,Hygropetra,Hygropetra elongata,2,3,FALSE,,,,,,,benthic,benthic (many possible substrates),,,,,,,,,
Iconella bifrons,Species,Iconella,Iconella bifrons,3,4,FALSE,,,,,,,benthic,benthic (many possible substrates),,,,,,,,,
Iconella biseriata,Species,Iconella,Iconella biseriata,38,29,FALSE,,,,,,,benthic,benthic (many possible substrates),,,,,,,,,
Iconella capronii,Species,Iconella,Iconella capronii,4,3,FALSE,,,,,,,benthic,benthic (many possible substrates),,,,,,,,,
Iconella curvula,Species,Iconella,Iconella curvula,85,45,FALSE,4,4_better,IV_better,,,,benthic,benthic (many possible substrates),,,,,,,,,
Iconella delicatissima,Species,Iconella,Iconella delicatissima,444,634,FALSE,2,,II,low,acid,,benthic,benthic (many possible substrates),MEDIUM,,,,,NON_N_FIXER,HIGHLY_MOTILE,HIGHLY_MOTILE.1,
Iconella gradifera,Species,Iconella,Iconella gradifera,2,4,FALSE,,,,,,,benthic,benthic (many possible substrates),,,,,,,,,
Iconella guatimalensis,Species,Iconella,Iconella guatimalensis,1,3,FALSE,,,,,,,,,,,,,,,,,
Iconella linearis,Species,Iconella,Iconella linearis,205,116,FALSE,3,,III,low,acid,,benthic,benthic (many possible substrates),,,,,,,,,
Iconella splendida,Species,Iconella,Iconella splendida,9,4,FALSE,,,,,,,benthic,benthic (many possible substrates),,,,,,,,,
Iconella tenera,Species,Iconella,Iconella tenera,11,6,FALSE,,,,,,,benthic,benthic (many possible substrates),,,,,,,,,
Karayevia,Genera,Karayevia,,2,1,FALSE,4,4_better,IV_better,,alkali,,benthic,benthic (many possible substrates),,,,,,NON_N_FIXER,SLIGHTLY_MOTILE,,
Karayevia amoena,Species,Karayevia,Karayevia amoena,9,6,FALSE,,,,,,,benthic,benthic (many possible substrates),VERY SMALL,,,,,NON_N_FIXER,SLIGHTLY_MOTILE,,
Karayevia carissima,Species,Karayevia,Karayevia carissima,25,29,FALSE,,,,,,,benthic,benthic (many possible substrates),VERY SMALL,,,,,NON_N_FIXER,SLIGHTLY_MOTILE,,
Karayevia clevei,Species,Karayevia,Karayevia clevei,127,54,FALSE,4,4_better,IV_better,,alkali,,benthic,benthic (many possible substrates),VERY SMALL,meso-eutra,TROPHIC_4,,,NON_N_FIXER,SLIGHTLY_MOTILE,,ADNATE
Karayevia clevei var. rostrata,Variety,Karayevia,Karayevia clevei,2,1,FALSE,,,,,,,,,,,,,,,,,
Karayevia laterostrata,Species,Karayevia,Karayevia laterostrata,231,63,FALSE,4,4_better,IV_better,,alkali,,benthic,benthic (many possible substrates),VERY SMALL,oligo,TROPHIC_1,,,NON_N_FIXER,SLIGHTLY_MOTILE,,
Karayevia nitidiformis,Species,Karayevia,Karayevia nitidiformis,7,3,FALSE,,,,,,,benthic,benthic (many possible substrates),VERY SMALL,,,,,NON_N_FIXER,WEAKLY_MOTILE,,ADNATE
Karayevia ploenensis,Species,Karayevia,Karayevia ploenensis,1,2,FALSE,,,,,,,benthic,benthic (many possible substrates),VERY SMALL,meso-eutra,TROPHIC_4,,,NON_N_FIXER,SLIGHTLY_MOTILE,,
Karayevia ploenensis var. gessneri,Variety,Karayevia,Karayevia ploenensis,11,3,FALSE,,,,,,,benthic,benthic (many possible substrates),VERY SMALL,,,,,NON_N_FIXER,SLIGHTLY_MOTILE,,
Karayevia rostrata,Species,Karayevia,Karayevia rostrata,4,6,FALSE,,,,,,,benthic,benthic (many possible substrates),,,,,,NON_N_FIXER,SLIGHTLY_MOTILE,,ADNATE
Karayevia sp. 1 VTEC Lakes,Species/Dataset,Karayevia,Karayevia sp. 1 VTEC Lakes,1,4,FALSE,,,,,,,,,,,,,,,,,
Karayevia submarina,Species,Karayevia,Karayevia submarina,1,4,FALSE,,,,,,,,,,,,,,,,,
Karayevia suchlandtii,Species,Karayevia,Karayevia suchlandtii,262,84,FALSE,3,,III,low,alkali,,benthic,benthic (many possible substrates),VERY SMALL,oligo,TROPHIC_1,,,NON_N_FIXER,SLIGHTLY_MOTILE,,
Kobayasiella,Genera,Kobayasiella,,2,5,FALSE,3,,III,low,acid,,benthic,benthic (many possible substrates),,,,,,NON_N_FIXER,MODERATELY_MOTILE,,
Kobayasiella jaagii,Species,Kobayasiella,Kobayasiella jaagii,14,29,FALSE,,,,,,,benthic,benthic (many possible substrates),VERY SMALL,,,,,NON_N_FIXER,MODERATELY_MOTILE,,
Kobayasiella madumensis,Species,Kobayasiella,Kobayasiella madumensis,56,285,FALSE,3,,III,low,acid,,benthic,benthic (many possible substrates),VERY SMALL,,,,,NON_N_FIXER,MODERATELY_MOTILE,,
Kobayasiella micropunctata,Species,Kobayasiella,Kobayasiella micropunctata,24,22,FALSE,,,,,,,benthic,benthic (many possible substrates),,,,,,NON_N_FIXER,MODERATELY_MOTILE,,
Kobayasiella okadae,Species,Kobayasiella,Kobayasiella okadae,1,1,FALSE,,,,,,,,,,,,,,,,,
Kobayasiella parasubtilissima,Species,Kobayasiella,Kobayasiella parasubtilissima,2,3,FALSE,,,,,,,benthic,benthic (many possible substrates),VERY SMALL,,,,,NON_N_FIXER,MODERATELY_MOTILE,,
Kobayasiella pseudosubtilissima,Species,Kobayasiella,Kobayasiella pseudosubtilissima,12,81,FALSE,,,,,,,,,,,,,,,,,
Kobayasiella subtilissima,Species,Kobayasiella,Kobayasiella subtilissima,276,1028,FALSE,2,,II,low,acid,,benthic,benthic (many possible substrates),VERY SMALL,oligo,TROPHIC_1,,,NON_N_FIXER,MODERATELY_MOTILE,,
Kobayasiella venezuelensis,Species,Kobayasiella,Kobayasiella venezuelensis,5,6,FALSE,,,,,,,benthic,benthic (many possible substrates),VERY SMALL,,,,,NON_N_FIXER,MODERATELY_MOTILE,,
Krasskella kriegeriana,Species,Krasskella,Krasskella kriegeriana,55,168,FALSE,,,,,,,benthic,benthic (many possible substrates),VERY SMALL,,,,,NON_N_FIXER,WEAKLY_MOTILE,,
Kurtkrammeria aequalis,Species,Kurtkrammeria,Kurtkrammeria aequalis,210,359,FALSE,4,4_better,IV_better,,neutral,,benthic,benthic (many possible substrates),,,,,,,,,
Kurtkrammeria neoamphioxys,Species,Kurtkrammeria,Kurtkrammeria neoamphioxys,10,15,FALSE,,,,,,,benthic,benthic (many possible substrates),,,,,,,,,
Kurtkrammeria recta,Species,Kurtkrammeria,Kurtkrammeria recta,5,52,FALSE,,,,,,,benthic,benthic (many possible substrates),,,,,,,,,
Kurtkrammeria treinishii,Species,Kurtkrammeria,Kurtkrammeria treinishii,5,61,FALSE,,,,,,,,,,,,,,,,,
Lacustriella lacustris,Species,Lacustriella,Lacustriella lacustris,5,3,FALSE,,,,,,,,,,,,,,,,,
Lemnicola hungarica,Species,Lemnicola,Lemnicola hungarica,43,229,FALSE,4,4_middle,IV_middle,,,,benthic,benthic (many possible substrates),SMALL,hypereutra,TROPHIC_6,,,NON_N_FIXER,SLIGHTLY_MOTILE,,
Lindavia,Genera,Lindavia,,18,273,FALSE,4,4_better,IV_better,,alkali,,planktonic,planktonic,,,,,,,,,
Lindavia bodanica,Species,Lindavia,Lindavia bodanica,10,146,FALSE,,,,,,,,,,,,,,,,,
Lindavia bodanica/L. intermedia,Species/Slash,Lindavia,,299,4503,FALSE,,,,,,,,,,,,,,,,,
Lindavia comensis,Species,Lindavia,Lindavia comensis,96,6568,FALSE,4,4_better,IV_better,,hialkali,,planktonic,planktonic,MEDIUM,,,,,NON_N_FIXER,NON_MOTILE,,
Lindavia comta,Species,Lindavia,Lindavia comta,450,5285,FALSE,4,4_better,IV_better,,neutral,,planktonic,planktonic,,,,,,,,,
Lindavia intermedia,Species,Lindavia,Lindavia intermedia,278,6254,FALSE,3,,III,low,alkali,,planktonic,planktonic,SMALL,,,,,NON_N_FIXER,NON_MOTILE,,
Lindavia krammeri,Species,Lindavia,Lindavia krammeri,5,422,FALSE,,,,,,,planktonic,planktonic,,,,,,,,,
Lindavia kuetzingiana,Species,Lindavia,Lindavia kuetzingiana,19,601,FALSE,,,,,,,planktonic,planktonic,,,,,,,,,
Lindavia kuetzingiana var. radiosa,Variety,Lindavia,Lindavia kuetzingiana,9,211,FALSE,,,,,,,planktonic,planktonic,,,,,,,,,
Lindavia michiganiana,Species,Lindavia,Lindavia michiganiana,683,7465,FALSE,4,4_better,IV_better,low,hialkali,,planktonic,planktonic,SMALL,,,,,NON_N_FIXER,NON_MOTILE,,
Lindavia ocellata,Species,Lindavia,Lindavia ocellata,158,3397,FALSE,4,4_middle,IV_middle,,hialkali,,planktonic,planktonic,VERY SMALL,meso-eutra,TROPHIC_4,,,NON_N_FIXER,NON_MOTILE,,
Lindavia praetermissa,Species,Lindavia,Lindavia praetermissa,1,1,FALSE,,,,,,,planktonic,planktonic,,,,,,,,,
Lindavia radiosa,Species,Lindavia,Lindavia radiosa,2,28,FALSE,,,,,,,,,,,,,,,,,
Lindavia rossii,Species,Lindavia,Lindavia rossii,73,1544,FALSE,,,,,,,planktonic,planktonic,SMALL,,,,,NON_N_FIXER,NON_MOTILE,,
Lindavia sp. 502 NE Lakes,Species/Dataset,Lindavia,Lindavia sp. 502 NE Lakes,2,17,FALSE,,,,,,,planktonic,planktonic,,,,,,,,,
Lindavia tripartita,Species,Lindavia,Lindavia tripartita,9,468,FALSE,,,,low,,,planktonic,planktonic,,,,,,,,,
Luticola,Genera,Luticola,,1,2,FALSE,,,,,,,benthic,benthic (many possible substrates),,,,,,,,,
Luticola acidoclinata,Species,Luticola,Luticola acidoclinata,6,3,FALSE,,,,,,,benthic,benthic (many possible substrates),MEDIUM,eutra,TROPHIC_5,,,NON_N_FIXER,MODERATELY_MOTILE,HIGHLY_MOTILE.1,
Luticola cohnii,Species,Luticola,Luticola cohnii,1,1,FALSE,,,,,,,benthic,benthic (many possible substrates),MEDIUM,eutra,TROPHIC_5,,,NON_N_FIXER,MODERATELY_MOTILE,HIGHLY_MOTILE.1,
Luticola goeppertiana,Species,Luticola,Luticola goeppertiana,7,13,FALSE,,,,,,,benthic,benthic (many possible substrates),MEDIUM,eutra,TROPHIC_5,,HIGH_N,NON_N_FIXER,MODERATELY_MOTILE,HIGHLY_MOTILE.1,
Luticola grupcei,Species,Luticola,Luticola grupcei,1,1,FALSE,,,,,,,benthic,benthic (many possible substrates),,,,,,NON_N_FIXER,MODERATELY_MOTILE,HIGHLY_MOTILE.1,
Luticola hlubikovae,Species,Luticola,Luticola hlubikovae,1,3,FALSE,,,,,,,,,,,,,,,,,
Luticola mutica,Species,Luticola,Luticola mutica,119,71,FALSE,4,4_middle,IV_middle,,neutral,,benthic,benthic (many possible substrates),VERY SMALL,eutra,TROPHIC_5,,,NON_N_FIXER,MODERATELY_MOTILE,HIGHLY_MOTILE.1,
Luticola muticoides,Species,Luticola,Luticola muticoides,1,2,FALSE,,,,,,,,,,,,,,,,,
Luticola nivalis,Species,Luticola,Luticola nivalis,2,1,FALSE,,,,,,,benthic,benthic (many possible substrates),SMALL,oligo-meso,TROPHIC_2,,,NON_N_FIXER,MODERATELY_MOTILE,HIGHLY_MOTILE.1,
Luticola paramutica,Species,Luticola,Luticola paramutica,1,2,FALSE,,,,,,,,,,,,,,,,,
Luticola saxophila,Species,Luticola,Luticola saxophila,2,3,FALSE,,,,,,,,,,,,,,,,,
Luticola ventricosa,Species,Luticola,Luticola ventricosa,2,17,FALSE,,,,,,,,,,,,,,,,,
Mastogloia,Genera,Mastogloia,,4,9,FALSE,,,,,,,benthic,benthic (many possible substrates),BIG,,,,,NON_N_FIXER,MODERATELY_MOTILE,HIGHLY_MOTILE.1,
Mastogloia albertii,Species,Mastogloia,Mastogloia albertii,2,5,FALSE,,,,,,,benthic,benthic (many possible substrates),BIG,,,,,NON_N_FIXER,MODERATELY_MOTILE,HIGHLY_MOTILE.1,
Mastogloia elliptica,Species,Mastogloia,Mastogloia elliptica,1,2,FALSE,,,,,,,,,,,,,,,,,
Mastogloia grevillei,Species,Mastogloia,Mastogloia grevillei,3,12,FALSE,,,,,,,,,,,,,,,,,
Mastogloia lacustris,Species,Mastogloia,Mastogloia lacustris,11,77,FALSE,,,,,,,benthic,benthic (many possible substrates),BIG,,,,,NON_N_FIXER,MODERATELY_MOTILE,HIGHLY_MOTILE.1,
Mastogloia smithii,Species,Mastogloia,Mastogloia smithii,6,60,FALSE,,,,,,,benthic,benthic (many possible substrates),BIG,,,LOW_P,LOW_N,NON_N_FIXER,MODERATELY_MOTILE,HIGHLY_MOTILE.1,
Mayamaea,Genera,Mayamaea,,2,12,FALSE,,,,,,,benthic,benthic (many possible substrates),VERY SMALL,,,,,NON_N_FIXER,SLIGHTLY_MOTILE,,
Mayamaea agrestis,Species,Mayamaea,Mayamaea agrestis,26,37,FALSE,,,,,,,benthic,benthic (many possible substrates),VERY SMALL,,,,,NON_N_FIXER,SLIGHTLY_MOTILE,,
Mayamaea atomus,Species,Mayamaea,Mayamaea atomus,7,8,FALSE,,,,,,,benthic,benthic (many possible substrates),VERY SMALL,hypereutra,TROPHIC_6,HIGH_P,HIGH_N,NON_N_FIXER,SLIGHTLY_MOTILE,,
Mayamaea atomus var. alcimonica,Variety,Mayamaea,Mayamaea atomus,2,64,FALSE,,,,,,,benthic,benthic (many possible substrates),VERY SMALL,,,HIGH_P,HIGH_N,NON_N_FIXER,SLIGHTLY_MOTILE,,
Mayamaea fossaloides,Species,Mayamaea,Mayamaea fossaloides,1,2,FALSE,,,,,,,,,,,,,,,,,
Mayamaea ingenua,Species,Mayamaea,Mayamaea ingenua,1,1,FALSE,,,,,,,,,,,,,,,,,
Mayamaea muraliformis,Species,Mayamaea,Mayamaea muraliformis,1,6,FALSE,,,,,,,benthic,benthic (many possible substrates),VERY SMALL,,,,,NON_N_FIXER,SLIGHTLY_MOTILE,,
Mayamaea permitis,Species,Mayamaea,Mayamaea permitis,15,38,FALSE,,,,,,,benthic,benthic (many possible substrates),VERY SMALL,,,,,NON_N_FIXER,SLIGHTLY_MOTILE,,
Melosira,Genera,Melosira,,129,497,FALSE,4,4_better,IV_better,,acid,,"benthic,planktonic",planktonic and benthic,,,,,,NON_N_FIXER,NON_MOTILE,,
Melosira cf. goetzeana,Species,Melosira,Melosira cf. goetzeana,10,198,FALSE,,,,,,,,,,,,,,,NON_MOTILE,,
Melosira distans var. 1 PIRLA,Variety/Dataset,Melosira,Melosira distans,2,47,FALSE,,,,,,,,,,,,,,,,,
Melosira distans var. 2 PIRLA,Variety/Dataset,Melosira,Melosira distans,9,125,FALSE,,,,,,,,,,,,,,,,,
Melosira distans var. 3 PIRLA,Variety/Dataset,Melosira,Melosira distans,1,30,FALSE,,,,,,,,,,,,,,,,,
Melosira distans var. 4 PIRLA,Variety/Dataset,Melosira,Melosira distans,5,27,FALSE,,,,,,,,,,,,,,,,,
Melosira distans var. africana,Variety,Melosira,Melosira distans,2,14,FALSE,,,,,,,,,,,,,,,NON_MOTILE,,
Melosira distans var. lirata fo. seriata,Variety,Melosira,Melosira distans,3,21,FALSE,,,,,,,,,,,,,,,,,
Melosira italica var. tenuissima,Variety,Melosira,Melosira italica,1,6,FALSE,,,,,,,,,,,,,,,NON_MOTILE,,
Melosira italica var. valida,Variety,Melosira,Melosira italica,12,7,FALSE,,,,,,,,,,,,,,,NON_MOTILE,,
Melosira lirata var. 1 PIRLA,Variety/Dataset,Melosira,Melosira lirata,3,9,FALSE,,,,,,,,,,,,,,,,,
Melosira normannii,Species,Melosira,Melosira normannii,6,17,FALSE,,,,,,,"benthic,planktonic",planktonic and benthic,,,,,,NON_N_FIXER,NON_MOTILE,,
Melosira nummuloides,Species,Melosira,Melosira nummuloides,1,14,FALSE,,,,,,,"benthic,planktonic",planktonic and benthic,,,,,,NON_N_FIXER,NON_MOTILE,,
Melosira sp. 1 PIRLA,Species/Dataset,Melosira,Melosira sp. 1 PIRLA,55,397,FALSE,,,,,,,,,,,,,,,,,
Melosira sp. 12 PIRLA,Species/Dataset,Melosira,Melosira sp. 12 PIRLA,1,8,FALSE,,,,,,,,,,,,,,,,,
Melosira sp. 13 PIRLA,Species/Dataset,Melosira,Melosira sp. 13 PIRLA,5,29,FALSE,,,,,,,,,,,,,,,,,
Melosira sp. 5 PIRLA,Species/Dataset,Melosira,Melosira sp. 5 PIRLA,5,17,FALSE,,,,,,,,,,,,,,,,,
Melosira sp. 9 PIRLA,Species/Dataset,Melosira,Melosira sp. 9 PIRLA,11,34,FALSE,,,,,,,,,,,,,,,,,
Melosira varians,Species,Melosira,Melosira varians,87,220,FALSE,4,4_worse,IV_worse,,hialkali,,"benthic,planktonic",planktonic and benthic,BIG,eutra,TROPHIC_5,,,NON_N_FIXER,NON_MOTILE,,
Meridion,Genera,Meridion,,1,2,FALSE,4,4_middle,IV_middle,,alkali,,benthic,benthic (many possible substrates),,,,,,NON_N_FIXER,NON_MOTILE,ARAPHID,
Meridion alansmithii,Species,Meridion,Meridion alansmithii,3,3,FALSE,,,,,,,benthic,benthic (many possible substrates),SMALL,,,,,NON_N_FIXER,NON_MOTILE,ARAPHID,
Meridion anceps,Species,Meridion,Meridion anceps,54,6,FALSE,,,,,,,benthic,benthic (many possible substrates),VERY SMALL,,,,,NON_N_FIXER,NON_MOTILE,ARAPHID,
Meridion circulare,Species,Meridion,Meridion circulare,199,152,FALSE,4,4_middle,IV_middle,,alkali,,benthic,benthic (many possible substrates),MEDIUM,indiff,TROPHIC_7,,,NON_N_FIXER,NON_MOTILE,ARAPHID,
Meridion circulare var. constrictum,Variety,Meridion,Meridion circulare,260,135,FALSE,4,4_middle,IV_middle,,alkali,,benthic,benthic (many possible substrates),MEDIUM,indiff,TROPHIC_7,,,NON_N_FIXER,NON_MOTILE,ARAPHID,
Microcostatus krasskei,Species,Microcostatus,Microcostatus krasskei,2,11,FALSE,,,,,,,benthic,benthic (many possible substrates),VERY SMALL,oligo-meso,TROPHIC_2,,,NON_N_FIXER,MODERATELY_MOTILE,,
Microcostatus kuelbsii,Species,Microcostatus,Microcostatus kuelbsii,9,35,FALSE,,,,,,,benthic,benthic (many possible substrates),VERY SMALL,,,,,NON_N_FIXER,MODERATELY_MOTILE,,
Microcostatus maceria,Species,Microcostatus,Microcostatus maceria,6,12,FALSE,,,,,,,benthic,benthic (many possible substrates),VERY SMALL,,,,,NON_N_FIXER,MODERATELY_MOTILE,,
Microcostatus naumanii,Species,Microcostatus,Microcostatus naumanii,1,1,FALSE,,,,,,,benthic,benthic (many possible substrates),VERY SMALL,,,,,NON_N_FIXER,MODERATELY_MOTILE,,
Navicula,Genera,Navicula,,998,1304,FALSE,4,4_middle,IV_middle,,neutral,,benthic,benthic (many possible substrates),,,,,,NON_N_FIXER,MODERATELY_MOTILE,HIGHLY_MOTILE.1,
Navicula aff. effrenata NAWQA EAM,Species/Dataset,Navicula,Navicula aff. effrenata NAWQA EAM,4,26,FALSE,,,,,,,,,,,,,,,,,
Navicula aikenensis,Species,Navicula,Navicula aikenensis,1,4,FALSE,,,,,,,benthic,benthic (many possible substrates),,,,,,NON_N_FIXER,MODERATELY_MOTILE,HIGHLY_MOTILE.1,
Navicula amphiceropsis,Species,Navicula,Navicula amphiceropsis,1,2,FALSE,,,,,,,benthic,benthic (many possible substrates),MEDIUM,,,,,NON_N_FIXER,MODERATELY_MOTILE,HIGHLY_MOTILE.1,
Navicula angusta,Species,Navicula,Navicula angusta,105,76,FALSE,3,,III,low,acid,,benthic,benthic (many possible substrates),MEDIUM,oligo,TROPHIC_1,,,NON_N_FIXER,MODERATELY_MOTILE,HIGHLY_MOTILE.1,
Navicula antonii,Species,Navicula,Navicula antonii,22,27,FALSE,,,,,,,benthic,benthic (many possible substrates),SMALL,,,,,NON_N_FIXER,MODERATELY_MOTILE,HIGHLY_MOTILE.1,
Navicula arctotenelloides,Species,Navicula,Navicula arctotenelloides,1,1,FALSE,,,,,,,benthic,benthic (many possible substrates),VERY SMALL,,,,,NON_N_FIXER,MODERATELY_MOTILE,HIGHLY_MOTILE.1,
Navicula arenaria,Species,Navicula,Navicula arenaria,1,2,FALSE,,,,,,,benthic,benthic (many possible substrates),MEDIUM,,,,,NON_N_FIXER,MODERATELY_MOTILE,HIGHLY_MOTILE.1,
Navicula aurora,Species,Navicula,Navicula aurora,30,113,FALSE,3,,III,low,,,benthic,benthic (many possible substrates),MEDIUM,,,,,NON_N_FIXER,MODERATELY_MOTILE,HIGHLY_MOTILE.1,
Navicula bicephala,Species,Navicula,Navicula bicephala,1,2,FALSE,,,,,,,benthic,benthic (many possible substrates),VERY SMALL,,,,,NON_N_FIXER,SLIGHTLY_MOTILE,HIGHLY_MOTILE.1,
Navicula biconica,Species,Navicula,Navicula biconica,1,4,FALSE,,,,,,,benthic,benthic (many possible substrates),,,,,,NON_N_FIXER,MODERATELY_MOTILE,HIGHLY_MOTILE.1,
Navicula brasiliana,Species,Navicula,Navicula brasiliana,1,4,FALSE,,,,,,,benthic,benthic (many possible substrates),SMALL,,,,,NON_N_FIXER,MODERATELY_MOTILE,HIGHLY_MOTILE.1,
Navicula brevissima,Species,Navicula,Navicula brevissima,1,3,FALSE,,,,,,,benthic,benthic (many possible substrates),VERY SMALL,,,,,NON_N_FIXER,SLIGHTLY_MOTILE,HIGHLY_MOTILE.1,
Navicula canalis,Species,Navicula,Navicula canalis,11,7,FALSE,,,,,,,benthic,benthic (many possible substrates),MEDIUM,eutra,TROPHIC_5,HIGH_P,,NON_N_FIXER,SLIGHTLY_MOTILE,HIGHLY_MOTILE.1,
Navicula capitatoradiata,Species,Navicula,Navicula capitatoradiata,31,41,FALSE,4,4_middle,IV_middle,,,,benthic,benthic (many possible substrates),MEDIUM,eutra,TROPHIC_5,,,NON_N_FIXER,MODERATELY_MOTILE,HIGHLY_MOTILE.1,
Navicula cari,Species,Navicula,Navicula cari,47,21,FALSE,,,,,,,benthic,benthic (many possible substrates),MEDIUM,indiff,TROPHIC_7,,,NON_N_FIXER,MODERATELY_MOTILE,HIGHLY_MOTILE.1,
Navicula caterva,Species,Navicula,Navicula caterva,3,2,FALSE,,,,,,,benthic,benthic (many possible substrates),MEDIUM,,,,,NON_N_FIXER,MODERATELY_MOTILE,HIGHLY_MOTILE.1,
Navicula cf. heimansii,Species,Navicula,Navicula cf. heimansii,239,817,FALSE,3,,III,low,acid,,benthic,benthic (many possible substrates),,,,,,NON_N_FIXER,MODERATELY_MOTILE,HIGHLY_MOTILE.1,
Navicula cf. perparva,Species,Navicula,Navicula cf. perparva,1,1,FALSE,,,,,,,benthic,benthic (many possible substrates),,,,,,NON_N_FIXER,MODERATELY_MOTILE,HIGHLY_MOTILE.1,
Navicula cf. subtilissima var. 1 PIRLA,Variety/Dataset,Navicula,Navicula cf. subtilissima,75,272,FALSE,,,,,,,,,,,,,,,,,
Navicula cf. subtilissima var. 2 PIRLA,Variety/Dataset,Navicula,Navicula cf. subtilissima,38,238,FALSE,,,,,,,,,,,,,,,,,
Navicula cf. subtilissima var. 3 PIRLA,Variety/Dataset,Navicula,Navicula cf. subtilissima,32,188,FALSE,,,,,,,,,,,,,,,,,
Navicula cf. subtilissima var. 4 PIRLA,Variety/Dataset,Navicula,Navicula cf. subtilissima,81,727,FALSE,,,,,,,,,,,,,,,,,
Navicula cincta,Species,Navicula,Navicula cincta,12,21,FALSE,5,,V,,,,benthic,benthic (many possible substrates),SMALL,eutra,TROPHIC_5,HIGH_P,,NON_N_FIXER,MODERATELY_MOTILE,HIGHLY_MOTILE.1,
Navicula clamans,Species,Navicula,Navicula clamans,1,1,FALSE,,,,,,,benthic,benthic (many possible substrates),,,,,,NON_N_FIXER,MODERATELY_MOTILE,HIGHLY_MOTILE.1,
Navicula cocconeiformis var. capitata,Variety,Navicula,Navicula cocconeiformis,1,3,FALSE,,,,,,,benthic,benthic (many possible substrates),,,,,,NON_N_FIXER,MODERATELY_MOTILE,HIGHLY_MOTILE.1,
Navicula concentrica,Species,Navicula,Navicula concentrica,4,8,FALSE,,,,,,,benthic,benthic (many possible substrates),MEDIUM,oligo,TROPHIC_1,,,NON_N_FIXER,HIGHLY_MOTILE,HIGHLY_MOTILE.1,
Navicula constans,Species,Navicula,Navicula constans,2,3,FALSE,,,,,,,benthic,benthic (many possible substrates),SMALL,,,,,NON_N_FIXER,MODERATELY_MOTILE,HIGHLY_MOTILE.1,
Navicula contenta var. biceps,Variety,Navicula,Navicula contenta,4,8,FALSE,,,,,,,benthic,benthic (many possible substrates),VERY SMALL,,,,,NON_N_FIXER,MODERATELY_MOTILE,HIGHLY_MOTILE.1,
Navicula convergens,Species,Navicula,Navicula convergens,1,1,FALSE,,,,,,,benthic,benthic (many possible substrates),,,,,,NON_N_FIXER,SLIGHTLY_MOTILE,HIGHLY_MOTILE.1,
Navicula cryptocephala,Species,Navicula,Navicula cryptocephala,485,716,FALSE,4,4_middle,IV_middle,,hialkali,,benthic,benthic (many possible substrates),MEDIUM,indiff,TROPHIC_7,,,NON_N_FIXER,MODERATELY_MOTILE,HIGHLY_MOTILE.1,
Navicula cryptofallax,Species,Navicula,Navicula cryptofallax,3,3,FALSE,,,,,,,benthic,benthic (many possible substrates),MEDIUM,,,,,NON_N_FIXER,MODERATELY_MOTILE,HIGHLY_MOTILE.1,
Navicula cryptotenella,Species,Navicula,Navicula cryptotenella,360,423,FALSE,4,4_worse,IV_worse,,hialkali,,benthic,benthic (many possible substrates),SMALL,indiff,TROPHIC_7,,HIGH_N,NON_N_FIXER,MODERATELY_MOTILE,HIGHLY_MOTILE.1,
Navicula cryptotenelloides,Species,Navicula,Navicula cryptotenelloides,6,19,FALSE,,,,,,,benthic,benthic (many possible substrates),SMALL,,,,,NON_N_FIXER,MODERATELY_MOTILE,HIGHLY_MOTILE.1,
Navicula debilissima,Species,Navicula,Navicula debilissima,1,1,FALSE,,,,,,,benthic,benthic (many possible substrates),,,,,,NON_N_FIXER,MODERATELY_MOTILE,HIGHLY_MOTILE.1,
Navicula densilineolata,Species,Navicula,Navicula densilineolata,11,29,FALSE,,,,,,,benthic,benthic (many possible substrates),SMALL,,,,,NON_N_FIXER,MODERATELY_MOTILE,HIGHLY_MOTILE.1,
Navicula didyma,Species,Navicula,Navicula didyma,1,1,FALSE,,,,,,,,,,,,,,,,,
Navicula diploneoides,Species,Navicula,Navicula diploneoides,1,1,FALSE,,,,,,,benthic,benthic (many possible substrates),,,,,,NON_N_FIXER,MODERATELY_MOTILE,HIGHLY_MOTILE.1,
Navicula dispensata,Species,Navicula,Navicula dispensata,2,5,FALSE,,,,,,,benthic,benthic (many possible substrates),,,,,,NON_N_FIXER,MODERATELY_MOTILE,HIGHLY_MOTILE.1,
Navicula eidrigiana,Species,Navicula,Navicula eidrigiana,1,3,FALSE,,,,,,,,,,,,,,,,,
Navicula elginensis var. rostrata,Variety,Navicula,Navicula elginensis,1,1,FALSE,,,,,,,benthic,benthic (many possible substrates),,,,,,NON_N_FIXER,MODERATELY_MOTILE,HIGHLY_MOTILE.1,
Navicula erifuga,Species,Navicula,Navicula erifuga,7,15,FALSE,,,,,,,benthic,benthic (many possible substrates),MEDIUM,eutra,TROPHIC_5,HIGH_P,HIGH_N,NON_N_FIXER,MODERATELY_MOTILE,HIGHLY_MOTILE.1,
Navicula escambia,Species,Navicula,Navicula escambia,5,14,FALSE,,,,,,,benthic,benthic (many possible substrates),MEDIUM,,,,,NON_N_FIXER,MODERATELY_MOTILE,HIGHLY_MOTILE.1,
Navicula exigua,Species,Navicula,Navicula exigua,1,2,FALSE,,,,,,,benthic,benthic (many possible substrates),,,,,,NON_N_FIXER,MODERATELY_MOTILE,HIGHLY_MOTILE.1,
Navicula exilis,Species,Navicula,Navicula exilis,4,30,FALSE,,,,,,,benthic,benthic (many possible substrates),,,,HIGH_P,HIGH_N,NON_N_FIXER,MODERATELY_MOTILE,HIGHLY_MOTILE.1,
Navicula expecta,Species,Navicula,Navicula expecta,1,1,FALSE,,,,,,,benthic,benthic (many possible substrates),VERY SMALL,,,,,NON_N_FIXER,MODERATELY_MOTILE,HIGHLY_MOTILE.1,
Navicula facilis,Species,Navicula,Navicula facilis,1,2,FALSE,,,,,,,,,,,,,,,,,
Navicula festiva,Species,Navicula,Navicula festiva,7,9,FALSE,,,,,,,benthic,benthic (many possible substrates),VERY SMALL,oligo,TROPHIC_1,,LOW_N,NON_N_FIXER,MODERATELY_MOTILE,HIGHLY_MOTILE.1,
Navicula freesei,Species,Navicula,Navicula freesei,1,1,FALSE,,,,,,,benthic,benthic (many possible substrates),BIG,,,,,NON_N_FIXER,MODERATELY_MOTILE,HIGHLY_MOTILE.1,
Navicula genovefae,Species,Navicula,Navicula genovefae,1,1,FALSE,,,,,,,benthic,benthic (many possible substrates),VERY SMALL,,,,,NON_N_FIXER,SLIGHTLY_MOTILE,HIGHLY_MOTILE.1,
Navicula germainii,Species,Navicula,Navicula germainii,24,26,FALSE,4,4_middle,IV_middle,,,,benthic,benthic (many possible substrates),MEDIUM,,,HIGH_P,,NON_N_FIXER,MODERATELY_MOTILE,HIGHLY_MOTILE.1,
Navicula globosa,Species,Navicula,Navicula globosa,59,79,FALSE,,,,,,,benthic,benthic (many possible substrates),MEDIUM,,,,,NON_N_FIXER,MODERATELY_MOTILE,HIGHLY_MOTILE.1,
Navicula globulifera,Species,Navicula,Navicula globulifera,36,21,FALSE,,,,,,,benthic,benthic (many possible substrates),BIG,,,,,NON_N_FIXER,MODERATELY_MOTILE,HIGHLY_MOTILE.1,
Navicula glomus,Species,Navicula,Navicula glomus,1,1,FALSE,,,,,,,,,,,,,,,,,
Navicula goersii,Species,Navicula,Navicula goersii,1,4,FALSE,,,,,,,benthic,benthic (many possible substrates),VERY SMALL,,,,,NON_N_FIXER,MODERATELY_MOTILE,HIGHLY_MOTILE.1,
Navicula gottlandica,Species,Navicula,Navicula gottlandica,1,1,FALSE,,,,,,,benthic,benthic (many possible substrates),MEDIUM,,,,,NON_N_FIXER,MODERATELY_MOTILE,HIGHLY_MOTILE.1,
Navicula gregaria,Species,Navicula,Navicula gregaria,98,368,FALSE,4,4_worse,IV_worse,high,hialkali,,benthic,benthic (many possible substrates),SMALL,eutra,TROPHIC_5,HIGH_P,HIGH_N,NON_N_FIXER,HIGHLY_MOTILE,HIGHLY_MOTILE.1,
Navicula gysingensis,Species,Navicula,Navicula gysingensis,111,94,FALSE,3,,III,low,acid,,benthic,benthic (many possible substrates),VERY SMALL,,,,,NON_N_FIXER,MODERATELY_MOTILE,HIGHLY_MOTILE.1,
Navicula hanseatica,Species,Navicula,Navicula hanseatica,12,43,FALSE,,,,,,,benthic,benthic (many possible substrates),,,,,,NON_N_FIXER,MODERATELY_MOTILE,HIGHLY_MOTILE.1,
Navicula heimansioides,Species,Navicula,Navicula heimansioides,1,2,FALSE,,,,,,,benthic,benthic (many possible substrates),,,,,,NON_N_FIXER,MODERATELY_MOTILE,HIGHLY_MOTILE.1,
Navicula hungarica var. lueneburgensis,Variety,Navicula,Navicula hungarica,1,6,FALSE,,,,,,,benthic,benthic (many possible substrates),,,,,,NON_N_FIXER,MODERATELY_MOTILE,HIGHLY_MOTILE.1,
Navicula ilopangoensis,Species,Navicula,Navicula ilopangoensis,1,1,FALSE,,,,,,,benthic,benthic (many possible substrates),,,,,,NON_N_FIXER,MODERATELY_MOTILE,HIGHLY_MOTILE.1,
Navicula impexa,Species,Navicula,Navicula impexa,2,3,FALSE,,,,,,,,,,,,,,,,,
Navicula indifferens,Species,Navicula,Navicula indifferens,9,29,FALSE,,,,,,,benthic,benthic (many possible substrates),,,,,,NON_N_FIXER,MODERATELY_MOTILE,HIGHLY_MOTILE.1,
Navicula ingrata,Species,Navicula,Navicula ingrata,1,1,FALSE,,,,,,,benthic,benthic (many possible substrates),VERY SMALL,,,,,NON_N_FIXER,MODERATELY_MOTILE,HIGHLY_MOTILE.1,
Navicula jaernefeltii,Species,Navicula,Navicula jaernefeltii,1,1,FALSE,,,,,,,,,,,,,,,,,
Navicula kotschyi,Species,Navicula,Navicula kotschyi,5,4,FALSE,,,,,,,,,,,,,,,,,
Navicula krasskei,Species,Navicula,Navicula krasskei,6,6,FALSE,,,,,,,benthic,benthic (many possible substrates),,,,,,NON_N_FIXER,MODERATELY_MOTILE,HIGHLY_MOTILE.1,
Navicula lanceolata,Species,Navicula,Navicula lanceolata,68,364,FALSE,4,4_worse,IV_worse,,hialkali,,benthic,benthic (many possible substrates),BIG,eutra,TROPHIC_5,,,NON_N_FIXER,MODERATELY_MOTILE,HIGHLY_MOTILE.1,
Navicula laterostrata,Species,Navicula,Navicula laterostrata,49,63,FALSE,,,,,,,benthic,benthic (many possible substrates),MEDIUM,,,,,NON_N_FIXER,MODERATELY_MOTILE,HIGHLY_MOTILE.1,
Navicula leptostriata,Species,Navicula,Navicula leptostriata,188,321,FALSE,3,,III,low,acid,,benthic,benthic (many possible substrates),SMALL,oligo-meso,TROPHIC_2,,,NON_N_FIXER,MODERATELY_MOTILE,HIGHLY_MOTILE.1,
Navicula libonensis,Species,Navicula,Navicula libonensis,6,8,FALSE,,,,,,,benthic,benthic (many possible substrates),MEDIUM,,,,,NON_N_FIXER,MODERATELY_MOTILE,HIGHLY_MOTILE.1,
Navicula lobeliae,Species,Navicula,Navicula lobeliae,3,3,FALSE,,,,,,,benthic,benthic (many possible substrates),,,,,,NON_N_FIXER,MODERATELY_MOTILE,HIGHLY_MOTILE.1,
Navicula longicephala,Species,Navicula,Navicula longicephala,8,6,FALSE,,,,,,,benthic,benthic (many possible substrates),VERY SMALL,,,,,NON_N_FIXER,MODERATELY_MOTILE,HIGHLY_MOTILE.1,
Navicula ludloviana,Species,Navicula,Navicula ludloviana,1,2,FALSE,,,,,,,,,,,,,,,,,
Navicula lundii,Species,Navicula,Navicula lundii,5,3,FALSE,,,,,,,benthic,benthic (many possible substrates),SMALL,eutra,TROPHIC_5,,,NON_N_FIXER,MODERATELY_MOTILE,HIGHLY_MOTILE.1,
Navicula lyra,Species,Navicula,Navicula lyra,1,1,FALSE,,,,,,,,,,,,,,,,,
Navicula menisculus,Species,Navicula,Navicula menisculus,7,3,FALSE,,,,,,,benthic,benthic (many possible substrates),SMALL,eutra,TROPHIC_5,,HIGH_N,NON_N_FIXER,MODERATELY_MOTILE,HIGHLY_MOTILE.1,
Navicula meniscus,Species,Navicula,Navicula meniscus,3,17,FALSE,,,,,,,benthic,benthic (many possible substrates),,eutra,TROPHIC_5,,,NON_N_FIXER,MODERATELY_MOTILE,HIGHLY_MOTILE.1,
Navicula metareichardtiana,Species,Navicula,Navicula metareichardtiana,17,20,FALSE,3,,III,,,,benthic,benthic (many possible substrates),,,,,,NON_N_FIXER,MODERATELY_MOTILE,HIGHLY_MOTILE.1,
Navicula minuscula,Species,Navicula,Navicula minuscula,1,7,FALSE,,,,,,,benthic,benthic (many possible substrates),,,,,,NON_N_FIXER,MODERATELY_MOTILE,HIGHLY_MOTILE.1,
Navicula minusculoides,Species,Navicula,Navicula minusculoides,1,1,FALSE,,,,,,,benthic,benthic (many possible substrates),,,,,,NON_N_FIXER,MODERATELY_MOTILE,HIGHLY_MOTILE.1,
Navicula modica,Species,Navicula,Navicula modica,265,911,FALSE,4,4_better,IV_better,,neutral,,benthic,benthic (many possible substrates),VERY SMALL,,,,,NON_N_FIXER,SLIGHTLY_MOTILE,HIGHLY_MOTILE.1,
Navicula monmouthiana-stodderi,Species,Navicula,Navicula monmouthiana-stodderi,1,2,FALSE,,,,,,,,,,,,,,,,,
Navicula monoculata var. omissa,Variety,Navicula,Navicula monoculata,1,1,FALSE,,,,,,,,,,,,,,,,,
Navicula moskalii,Species,Navicula,Navicula moskalii,9,7,FALSE,,,,,,,benthic,benthic (many possible substrates),,,,,,NON_N_FIXER,MODERATELY_MOTILE,HIGHLY_MOTILE.1,
Navicula mutata,Species,Navicula,Navicula mutata,1,1,FALSE,,,,,,,,,,,,,,,,,
Navicula naumanni,Species,Navicula,Navicula naumanni,1,1,FALSE,,,,,,,,,,,,,,,,,
Navicula notha,Species,Navicula,Navicula notha,416,406,FALSE,4,4_better,IV_better,,neutral,,benthic,benthic (many possible substrates),MEDIUM,,,,,NON_N_FIXER,MODERATELY_MOTILE,HIGHLY_MOTILE.1,
Navicula nugalis,Species,Navicula,Navicula nugalis,14,3,FALSE,,,,,,,benthic,benthic (many possible substrates),MEDIUM,,,,,NON_N_FIXER,SLIGHTLY_MOTILE,HIGHLY_MOTILE.1,
Navicula oblonga,Species,Navicula,Navicula oblonga,31,44,FALSE,4,4_middle,IV_middle,,,,benthic,benthic (many possible substrates),BIG,,,,,NON_N_FIXER,MODERATELY_MOTILE,HIGHLY_MOTILE.1,
Navicula obsidialis,Species,Navicula,Navicula obsidialis,1,1,FALSE,,,,,,,benthic,benthic (many possible substrates),,,,,,NON_N_FIXER,MODERATELY_MOTILE,HIGHLY_MOTILE.1,
Navicula oligotraphenta,Species,Navicula,Navicula oligotraphenta,11,7,FALSE,,,,,,,benthic,benthic (many possible substrates),SMALL,,,,,NON_N_FIXER,MODERATELY_MOTILE,HIGHLY_MOTILE.1,
Navicula ordinaria,Species,Navicula,Navicula ordinaria,3,21,FALSE,,,,,,,benthic,benthic (many possible substrates),MEDIUM,,,,,NON_N_FIXER,MODERATELY_MOTILE,HIGHLY_MOTILE.1,
Navicula paucivisitata,Species,Navicula,Navicula paucivisitata,1,1,FALSE,,,,,,,benthic,benthic (many possible substrates),,,,,,NON_N_FIXER,SLIGHTLY_MOTILE,HIGHLY_MOTILE.1,
Navicula peregrina,Species,Navicula,Navicula peregrina,16,73,FALSE,,,,,,,benthic,benthic (many possible substrates),BIG,eutra,TROPHIC_5,,,NON_N_FIXER,HIGHLY_MOTILE,HIGHLY_MOTILE.1,
Navicula peregrinopsis,Species,Navicula,Navicula peregrinopsis,3,3,FALSE,,,,,,,benthic,benthic (many possible substrates),BIG,eutra,TROPHIC_5,,,NON_N_FIXER,HIGHLY_MOTILE,HIGHLY_MOTILE.1,
Navicula perminuta,Species,Navicula,Navicula perminuta,11,14,FALSE,,,,,,,benthic,benthic (many possible substrates),VERY SMALL,,,,,NON_N_FIXER,MODERATELY_MOTILE,HIGHLY_MOTILE.1,
Navicula praeterita,Species,Navicula,Navicula praeterita,1,2,FALSE,,,,,,,benthic,benthic (many possible substrates),,,,,,NON_N_FIXER,MODERATELY_MOTILE,HIGHLY_MOTILE.1,
Navicula pseudoarvensis,Species,Navicula,Navicula pseudoarvensis,3,3,FALSE,,,,,,,benthic,benthic (many possible substrates),,,,,,NON_N_FIXER,MODERATELY_MOTILE,HIGHLY_MOTILE.1,
Navicula pseudobryophila,Species,Navicula,Navicula pseudobryophila,1,20,FALSE,,,,,,,,,,,,,,,,,
Navicula pseudolanceolata,Species,Navicula,Navicula pseudolanceolata,33,33,FALSE,,,,,,,benthic,benthic (many possible substrates),MEDIUM,eutra,TROPHIC_5,,,NON_N_FIXER,MODERATELY_MOTILE,HIGHLY_MOTILE.1,
Navicula pseudomuralis,Species,Navicula,Navicula pseudomuralis,4,3,FALSE,,,,,,,benthic,benthic (many possible substrates),,,,,,NON_N_FIXER,MODERATELY_MOTILE,HIGHLY_MOTILE.1,
Navicula radiosa,Species,Navicula,Navicula radiosa,564,219,FALSE,4,4_better,IV_better,,alkali,,benthic,benthic (many possible substrates),BIG,meso-eutra,TROPHIC_4,,LOW_N,NON_N_FIXER,MODERATELY_MOTILE,HIGHLY_MOTILE.1,
Navicula radiosa var. 1 MAINE,Variety/Dataset,Navicula,Navicula radiosa,4,48,FALSE,,,,,,,benthic,benthic (many possible substrates),BIG,meso-eutra,TROPHIC_4,,LOW_N,NON_N_FIXER,MODERATELY_MOTILE,HIGHLY_MOTILE.1,
Navicula radiosafallax,Species,Navicula,Navicula radiosafallax,391,673,FALSE,,,,,,,benthic,benthic (many possible substrates),MEDIUM,,,,,NON_N_FIXER,MODERATELY_MOTILE,HIGHLY_MOTILE.1,
Navicula radiosiola,Species,Navicula,Navicula radiosiola,1,4,FALSE,,,,,,,benthic,benthic (many possible substrates),,,,,,NON_N_FIXER,MODERATELY_MOTILE,HIGHLY_MOTILE.1,
Navicula recens,Species,Navicula,Navicula recens,11,16,FALSE,4,4_middle,IV_middle,,,,benthic,benthic (many possible substrates),MEDIUM,eutra,TROPHIC_5,HIGH_P,HIGH_N,NON_N_FIXER,MODERATELY_MOTILE,HIGHLY_MOTILE.1,
Navicula regularis,Species,Navicula,Navicula regularis,1,4,FALSE,,,,,,,benthic,benthic (many possible substrates),,,,,,NON_N_FIXER,MODERATELY_MOTILE,HIGHLY_MOTILE.1,
Navicula reinhardtii,Species,Navicula,Navicula reinhardtii,7,6,FALSE,,,,,,,benthic,benthic (many possible substrates),SMALL,,,,,NON_N_FIXER,MODERATELY_MOTILE,HIGHLY_MOTILE.1,
Navicula rhynchocephala,Species,Navicula,Navicula rhynchocephala,353,225,FALSE,4,4_worse,IV_worse,,alkali,,benthic,benthic (many possible substrates),MEDIUM,indiff,TROPHIC_7,,,NON_N_FIXER,MODERATELY_MOTILE,HIGHLY_MOTILE.1,
Navicula rhynchocephala var. amphiceros,Variety,Navicula,Navicula rhynchocephala,9,18,FALSE,,,,,,,benthic,benthic (many possible substrates),MEDIUM,,,,,NON_N_FIXER,MODERATELY_MOTILE,HIGHLY_MOTILE.1,
Navicula rostellata,Species,Navicula,Navicula rostellata,21,20,FALSE,,,,,,,benthic,benthic (many possible substrates),MEDIUM,eutra,TROPHIC_5,HIGH_P,HIGH_N,NON_N_FIXER,MODERATELY_MOTILE,HIGHLY_MOTILE.1,
Navicula salinarum,Species,Navicula,Navicula salinarum,5,6,FALSE,,,,,,,benthic,benthic (many possible substrates),MEDIUM,eutra,TROPHIC_5,,,NON_N_FIXER,MODERATELY_MOTILE,HIGHLY_MOTILE.1,
Navicula salinicola,Species,Navicula,Navicula salinicola,2,2,FALSE,,,,,,,benthic,benthic (many possible substrates),SMALL,,,,,NON_N_FIXER,MODERATELY_MOTILE,HIGHLY_MOTILE.1,
Navicula scabellum,Species,Navicula,Navicula scabellum,3,3,FALSE,,,,,,,benthic,benthic (many possible substrates),,,,,,NON_N_FIXER,MODERATELY_MOTILE,HIGHLY_MOTILE.1,
Navicula schroeteri,Species,Navicula,Navicula schroeteri,2,13,FALSE,,,,,,,benthic,benthic (many possible substrates),MEDIUM,,,,,NON_N_FIXER,MODERATELY_MOTILE,HIGHLY_MOTILE.1,
Navicula scutiformis,Species,Navicula,Navicula scutiformis,3,8,FALSE,,,,,,,benthic,benthic (many possible substrates),,,,,,NON_N_FIXER,MODERATELY_MOTILE,HIGHLY_MOTILE.1,
Navicula secreta var. apiculata,Variety,Navicula,Navicula secreta,1,1,FALSE,,,,,,,benthic,benthic (many possible substrates),MEDIUM,,,,,NON_N_FIXER,MODERATELY_MOTILE,HIGHLY_MOTILE.1,
Navicula secura,Species,Navicula,Navicula secura,2,2,FALSE,,,,,,,benthic,benthic (many possible substrates),MEDIUM,,,,,NON_N_FIXER,MODERATELY_MOTILE,HIGHLY_MOTILE.1,
Navicula seminulum var. intermedia,Variety,Navicula,Navicula seminulum,3,1,FALSE,,,,,,,benthic,benthic (many possible substrates),VERY SMALL,,,HIGH_P,HIGH_N,NON_N_FIXER,MODERATELY_MOTILE,HIGHLY_MOTILE.1,
Navicula slesvicensis,Species,Navicula,Navicula slesvicensis,1,1,FALSE,,,,,,,benthic,benthic (many possible substrates),BIG,,,,,NON_N_FIXER,MODERATELY_MOTILE,HIGHLY_MOTILE.1,
Navicula sovereignii,Species,Navicula,Navicula sovereignii,4,3,FALSE,,,,,,,benthic,benthic (many possible substrates),,,,,,NON_N_FIXER,MODERATELY_MOTILE,HIGHLY_MOTILE.1,
Navicula sp. 1 MUR DME,Species/Dataset,Navicula,Navicula sp. 1 MUR DME,1,5,FALSE,,,,,,,,,,,,,,,,,
Navicula sp. 1 NE Lakes,Species/Dataset,Navicula,Navicula sp. 1 NE Lakes,21,118,FALSE,,,,,,,benthic,benthic (many possible substrates),,,,,,NON_N_FIXER,MODERATELY_MOTILE,HIGHLY_MOTILE.1,
Navicula sp. 1 PIRLA,Species/Dataset,Navicula,Navicula sp. 1 PIRLA,16,185,FALSE,,,,,,,,,,,,,,,,,
Navicula sp. 10 NE Lakes,Species/Dataset,Navicula,Navicula sp. 10 NE Lakes,2,4,FALSE,,,,,,,benthic,benthic (many possible substrates),,,,,,NON_N_FIXER,MODERATELY_MOTILE,HIGHLY_MOTILE.1,
Navicula sp. 10 VTEC Lakes,Species/Dataset,Navicula,Navicula sp. 10 VTEC Lakes,2,3,FALSE,,,,,,,,,,,,,,,,,
Navicula sp. 13 PIRLA,Species/Dataset,Navicula,Navicula sp. 13 PIRLA,2,11,FALSE,,,,,,,,,,,,,,,,,
Navicula sp. 14 PIRLA,Species/Dataset,Navicula,Navicula sp. 14 PIRLA,10,15,FALSE,,,,,,,,,,,,,,,,,
Navicula sp. 15 PIRLA,Species/Dataset,Navicula,Navicula sp. 15 PIRLA,56,146,FALSE,,,,,,,,,,,,,,,,,
Navicula sp. 2 NE Lakes,Species/Dataset,Navicula,Navicula sp. 2 NE Lakes,89,184,FALSE,4,4_better,IV_better,,hialkali,,benthic,benthic (many possible substrates),,,,,,NON_N_FIXER,MODERATELY_MOTILE,HIGHLY_MOTILE.1,
Navicula sp. 2 PIRLA,Species/Dataset,Navicula,Navicula sp. 2 PIRLA,31,66,FALSE,,,,,,,,,,,,,,,,,
Navicula sp. 2 Vermont PJG,Species/Dataset,Navicula,Navicula sp. 2 Vermont PJG,1,2,FALSE,,,,,,,,,,,,,,,,,
Navicula sp. 21 PIRLA,Species/Dataset,Navicula,Navicula sp. 21 PIRLA,4,3,FALSE,,,,,,,,,,,,,,,,,
Navicula sp. 23 PIRLA,Species/Dataset,Navicula,Navicula sp. 23 PIRLA,24,50,FALSE,,,,,,,,,,,,,,,,,
Navicula sp. 24 PIRLA,Species/Dataset,Navicula,Navicula sp. 24 PIRLA,12,10,FALSE,,,,,,,,,,,,,,,,,
Navicula sp. 25 PIRLA,Species/Dataset,Navicula,Navicula sp. 25 PIRLA,68,47,FALSE,,,,,,,,,,,,,,,,,
Navicula sp. 26 PIRLA,Species/Dataset,Navicula,Navicula sp. 26 PIRLA,1,4,FALSE,,,,,,,,,,,,,,,,,
Navicula sp. 28 PIRLA,Species/Dataset,Navicula,Navicula sp. 28 PIRLA,1,2,FALSE,,,,,,,,,,,,,,,,,
Navicula sp. 29 NAWQA EAM,Species/Dataset,Navicula,Navicula sp. 29 NAWQA EAM,9,20,FALSE,,,,,,,,,,,,,,,,,
Navicula sp. 3 NAWQA MP,Species/Dataset,Navicula,Navicula sp. 3 NAWQA MP,67,109,FALSE,,,,,,,,,,,,,,,,,
Navicula sp. 3 NE Lakes,Species/Dataset,Navicula,Navicula sp. 3 NE Lakes,1,1,FALSE,,,,,,,benthic,benthic (many possible substrates),,,,,,NON_N_FIXER,MODERATELY_MOTILE,HIGHLY_MOTILE.1,
Navicula sp. 3 PIRLA,Species/Dataset,Navicula,Navicula sp. 3 PIRLA,12,203,FALSE,,,,,,,,,,,,,,,,,
Navicula sp. 3 Vermont PJG,Species/Dataset,Navicula,Navicula sp. 3 Vermont PJG,1,21,FALSE,,,,,,,,,,,,,,,,,
Navicula sp. 3 VTEC Lakes,Species/Dataset,Navicula,Navicula sp. 3 VTEC Lakes,1,2,FALSE,,,,,,,,,,,,,,,,,
Navicula sp. 31 PIRLA,Species/Dataset,Navicula,Navicula sp. 31 PIRLA,1,10,FALSE,,,,,,,,,,,,,,,,,
Navicula sp. 33 PIRLA,Species/Dataset,Navicula,Navicula sp. 33 PIRLA,6,23,FALSE,,,,,,,,,,,,,,,,,
Navicula sp. 4 NE Lakes,Species/Dataset,Navicula,Navicula sp. 4 NE Lakes,3,3,FALSE,,,,,,,benthic,benthic (many possible substrates),,,,,,NON_N_FIXER,MODERATELY_MOTILE,HIGHLY_MOTILE.1,
Navicula sp. 4 VTEC Lakes,Species/Dataset,Navicula,Navicula sp. 4 VTEC Lakes,1,1,FALSE,,,,,,,,,,,,,,,,,
Navicula sp. 5 ANS NEW JERSEY KCP,Species/Dataset,Navicula,Navicula sp. 5 ANS NEW JERSEY KCP,3,193,FALSE,,,,,,,,,,,,,,,,,
Navicula sp. 5 PIRLA,Species/Dataset,Navicula,Navicula sp. 5 PIRLA,3,7,FALSE,,,,,,,,,,,,,,,,,
Navicula sp. 5 SCTX MP,Species/Dataset,Navicula,Navicula sp. 5 SCTX MP,1,2,FALSE,,,,,,,,,,,,,,,,,
Navicula sp. 502 NE Lakes,Species/Dataset,Navicula,Navicula sp. 502 NE Lakes,2,4,FALSE,,,,,,,benthic,benthic (many possible substrates),,,,,,NON_N_FIXER,MODERATELY_MOTILE,HIGHLY_MOTILE.1,
Navicula sp. 508 NE Lakes,Species/Dataset,Navicula,Navicula sp. 508 NE Lakes,1,2,FALSE,,,,,,,benthic,benthic (many possible substrates),,,,,,NON_N_FIXER,MODERATELY_MOTILE,HIGHLY_MOTILE.1,
Navicula sp. 6 NE Lakes,Species/Dataset,Navicula,Navicula sp. 6 NE Lakes,9,36,FALSE,,,,,,,benthic,benthic (many possible substrates),,,,,,NON_N_FIXER,MODERATELY_MOTILE,HIGHLY_MOTILE.1,
Navicula sp. 6 PIRLA,Species/Dataset,Navicula,Navicula sp. 6 PIRLA,6,14,FALSE,,,,,,,,,,,,,,,,,
Navicula sp. 601 NE Lakes,Species/Dataset,Navicula,Navicula sp. 601 NE Lakes,1,8,FALSE,,,,,,,,,,,,,,,,,
Navicula sp. 7 NE Lakes,Species/Dataset,Navicula,Navicula sp. 7 NE Lakes,9,6,FALSE,,,,,,,benthic,benthic (many possible substrates),,,,,,NON_N_FIXER,MODERATELY_MOTILE,HIGHLY_MOTILE.1,
Navicula sp. 8 NE Lakes,Species/Dataset,Navicula,Navicula sp. 8 NE Lakes,10,10,FALSE,,,,,,,benthic,benthic (many possible substrates),,,,,,NON_N_FIXER,MODERATELY_MOTILE,HIGHLY_MOTILE.1,
Navicula sp. 9 NE Lakes,Species/Dataset,Navicula,Navicula sp. 9 NE Lakes,1,2,FALSE,,,,,,,benthic,benthic (many possible substrates),,,,,,NON_N_FIXER,MODERATELY_MOTILE,HIGHLY_MOTILE.1,
Navicula sp. 9 PIRLA,Species/Dataset,Navicula,Navicula sp. 9 PIRLA,9,19,FALSE,,,,,,,,,,,,,,,,,
Navicula sp. 9 VTEC Lakes,Species/Dataset,Navicula,Navicula sp. 9 VTEC Lakes,2,2,FALSE,,,,,,,,,,,,,,,,,
Navicula streckerae,Species,Navicula,Navicula streckerae,1,30,FALSE,,,,,,,benthic,benthic (many possible substrates),,,,,,NON_N_FIXER,MODERATELY_MOTILE,HIGHLY_MOTILE.1,
Navicula strenzkei,Species,Navicula,Navicula strenzkei,3,7,FALSE,,,,,,,benthic,benthic (many possible substrates),,,,,,NON_N_FIXER,MODERATELY_MOTILE,HIGHLY_MOTILE.1,
Navicula subfasciata,Species,Navicula,Navicula subfasciata,1,2,FALSE,,,,,,,,,,,,,,,,,
Navicula subhamulata,Species,Navicula,Navicula subhamulata,2,1,FALSE,,,,,,,benthic,benthic (many possible substrates),,,,,,NON_N_FIXER,MODERATELY_MOTILE,HIGHLY_MOTILE.1,
Navicula subrostellata,Species,Navicula,Navicula subrostellata,1,4,FALSE,,,,,,,benthic,benthic (many possible substrates),,,,,,NON_N_FIXER,MODERATELY_MOTILE,HIGHLY_MOTILE.1,
Navicula symmetrica,Species,Navicula,Navicula symmetrica,3,6,FALSE,,,,,,,benthic,benthic (many possible substrates),SMALL,,,HIGH_P,,NON_N_FIXER,MODERATELY_MOTILE,HIGHLY_MOTILE.1,
Navicula tenelloides,Species,Navicula,Navicula tenelloides,24,75,FALSE,,,,,,,benthic,benthic (many possible substrates),,eutra,TROPHIC_5,HIGH_P,,NON_N_FIXER,SLIGHTLY_MOTILE,HIGHLY_MOTILE.1,
Navicula tripunctata,Species,Navicula,Navicula tripunctata,25,29,FALSE,,,,,,,benthic,benthic (many possible substrates),BIG,eutra,TROPHIC_5,,HIGH_N,NON_N_FIXER,MODERATELY_MOTILE,HIGHLY_MOTILE.1,
Navicula trivialis,Species,Navicula,Navicula trivialis,120,87,FALSE,4,4_middle,IV_middle,,hialkali,,benthic,benthic (many possible substrates),MEDIUM,eutra,TROPHIC_5,HIGH_P,HIGH_N,NON_N_FIXER,MODERATELY_MOTILE,HIGHLY_MOTILE.1,
Navicula tugelae,Species,Navicula,Navicula tugelae,1,2,FALSE,,,,,,,benthic,benthic (many possible substrates),,,,,,NON_N_FIXER,SLIGHTLY_MOTILE,HIGHLY_MOTILE.1,
Navicula upsaliensis,Species,Navicula,Navicula upsaliensis,2,46,FALSE,,,,,,,benthic,benthic (many possible substrates),,,,,,NON_N_FIXER,MODERATELY_MOTILE,HIGHLY_MOTILE.1,
Navicula vanheurckii,Species,Navicula,Navicula vanheurckii,7,8,FALSE,,,,,,,benthic,benthic (many possible substrates),,,,,,NON_N_FIXER,MODERATELY_MOTILE,HIGHLY_MOTILE.1,
Navicula vaucheriae,Species,Navicula,Navicula vaucheriae,7,3,FALSE,,,,,,,benthic,benthic (many possible substrates),,,,,,NON_N_FIXER,SLIGHTLY_MOTILE,HIGHLY_MOTILE.1,
Navicula vekhovii,Species,Navicula,Navicula vekhovii,4,3,FALSE,,,,,,,benthic,benthic (many possible substrates),,,,,,NON_N_FIXER,MODERATELY_MOTILE,HIGHLY_MOTILE.1,
Navicula venerablis,Species,Navicula,Navicula venerablis,1,2,FALSE,,,,,,,,,,,,,,,,,
Navicula veneta,Species,Navicula,Navicula veneta,23,53,FALSE,,,,,,,benthic,benthic (many possible substrates),MEDIUM,eutra,TROPHIC_5,HIGH_P,HIGH_N,NON_N_FIXER,MODERATELY_MOTILE,HIGHLY_MOTILE.1,
Navicula ventosa,Species,Navicula,Navicula ventosa,3,4,FALSE,,,,,,,benthic,benthic (many possible substrates),VERY SMALL,,,,,NON_N_FIXER,SLIGHTLY_MOTILE,HIGHLY_MOTILE.1,
Navicula vilaplanii,Species,Navicula,Navicula vilaplanii,5,7,FALSE,,,,,,,benthic,benthic (many possible substrates),VERY SMALL,,,,,NON_N_FIXER,SLIGHTLY_MOTILE,HIGHLY_MOTILE.1,
Navicula viridula,Species,Navicula,Navicula viridula,24,18,FALSE,,,,,,,benthic,benthic (many possible substrates),MEDIUM,eutra,TROPHIC_5,,,NON_N_FIXER,MODERATELY_MOTILE,HIGHLY_MOTILE.1,
Navicula viridula var. avenacea,Variety,Navicula,Navicula viridula,1,2,FALSE,,,,,,,,,,,,,,,,,
Navicula viridula var. linearis,Variety,Navicula,Navicula viridula,37,25,FALSE,,,,,,,benthic,benthic (many possible substrates),MEDIUM,eutra,TROPHIC_5,,,NON_N_FIXER,MODERATELY_MOTILE,HIGHLY_MOTILE.1,
Navicula viridulacalcis,Species,Navicula,Navicula viridulacalcis,16,3,FALSE,,,,,,,benthic,benthic (many possible substrates),BIG,,,,,NON_N_FIXER,MODERATELY_MOTILE,HIGHLY_MOTILE.1,
Navicula viridulacalcis subsp. neomundana,Variety,Navicula,Navicula viridulacalcis,17,6,FALSE,,,,,,,benthic,benthic (many possible substrates),BIG,,,,,NON_N_FIXER,MODERATELY_MOTILE,HIGHLY_MOTILE.1,
Navicula vulpina,Species,Navicula,Navicula vulpina,91,299,FALSE,2,,II,low,,,benthic,benthic (many possible substrates),BIG,,,,,NON_N_FIXER,MODERATELY_MOTILE,HIGHLY_MOTILE.1,
Navicula wildii,Species,Navicula,Navicula wildii,91,797,FALSE,4,4_better,IV_better,,alkali,,benthic,benthic (many possible substrates),MEDIUM,oligo-meso,TROPHIC_2,,,NON_N_FIXER,MODERATELY_MOTILE,HIGHLY_MOTILE.1,
Navicula witkowskii,Species,Navicula,Navicula witkowskii,17,14,FALSE,,,,,,,benthic,benthic (many possible substrates),,,,,,NON_N_FIXER,MODERATELY_MOTILE,HIGHLY_MOTILE.1,
Naviculadicta geisslerae,Species,Naviculadicta,Naviculadicta geisslerae,4,79,FALSE,,,,,,,benthic,benthic (many possible substrates),,,,,,,,,
Navicymbula pusilla,Species,Navicymbula,Navicymbula pusilla,2,5,FALSE,,,,,,,benthic,benthic (many possible substrates),VERY SMALL,,,,,NON_N_FIXER,SLIGHTLY_MOTILE,HIGHLY_MOTILE.1,
Neidiomorpha binodis,Species,Neidiomorpha,Neidiomorpha binodis,2,1,FALSE,,,,,,,,,,,,,,,,,
Neidiopsis levanderi,Species,Neidiopsis,Neidiopsis levanderi,7,3,FALSE,,,,,,,benthic,benthic (many possible substrates),SMALL,,,,,NON_N_FIXER,MODERATELY_MOTILE,HIGHLY_MOTILE.1,
Neidiopsis sp. 1 NE Lakes,Species/Dataset,Neidiopsis,Neidiopsis sp. 1 NE Lakes,4,5,FALSE,,,,,,,benthic,benthic (many possible substrates),,,,,,,,,
Neidium,Genera,Neidium,,210,115,FALSE,4,4_better,IV_better,,acid,,benthic,benthic (many possible substrates),,,,,,NON_N_FIXER,MODERATELY_MOTILE,HIGHLY_MOTILE.1,
Neidium affine,Species,Neidium,Neidium affine,425,611,FALSE,3,,III,low,acid,,benthic,benthic (many possible substrates),MEDIUM,meso-eutra,TROPHIC_4,,,NON_N_FIXER,MODERATELY_MOTILE,HIGHLY_MOTILE.1,
Neidium affine var. amphirhynchus,Variety,Neidium,Neidium affine,33,37,FALSE,,,,,,,benthic,benthic (many possible substrates),MEDIUM,,,,,NON_N_FIXER,MODERATELY_MOTILE,HIGHLY_MOTILE.1,
Neidium affine var. capitatum,Variety,Neidium,Neidium affine,3,1,FALSE,,,,,,,,,,,,,,,,,
Neidium affine var. ceylonicum,Variety,Neidium,Neidium affine,3,6,FALSE,,,,,,,benthic,benthic (many possible substrates),MEDIUM,,,,,NON_N_FIXER,MODERATELY_MOTILE,HIGHLY_MOTILE.1,
Neidium affine var. dippelli,Variety,Neidium,Neidium affine,1,1,FALSE,,,,,,,,,,,,,,,,,
Neidium affine var. humerus,Variety,Neidium,Neidium affine,3,3,FALSE,,,,,,,,,,,,,,,,,
Neidium affine var. longiceps,Variety,Neidium,Neidium affine,50,23,FALSE,,,,,,,benthic,benthic (many possible substrates),MEDIUM,oligo,TROPHIC_1,,,NON_N_FIXER,MODERATELY_MOTILE,HIGHLY_MOTILE.1,
Neidium affine var. undulatum,Variety,Neidium,Neidium affine,2,1,FALSE,,,,,,,benthic,benthic (many possible substrates),MEDIUM,,,,,NON_N_FIXER,MODERATELY_MOTILE,HIGHLY_MOTILE.1,
Neidium alpinum,Species,Neidium,Neidium alpinum,26,21,FALSE,3,,III,low,acid,,benthic,benthic (many possible substrates),MEDIUM,oligo,TROPHIC_1,,,NON_N_FIXER,MODERATELY_MOTILE,HIGHLY_MOTILE.1,
Neidium alpinum var. quadripunctatum,Variety,Neidium,Neidium alpinum,70,189,FALSE,3,,III,low,acid,,benthic,benthic (many possible substrates),MEDIUM,oligo,TROPHIC_1,,,NON_N_FIXER,MODERATELY_MOTILE,HIGHLY_MOTILE.1,
Neidium amphigomphus,Species,Neidium,Neidium amphigomphus,292,271,FALSE,3,,III,low,acid,,benthic,benthic (many possible substrates),MEDIUM,,,,,NON_N_FIXER,MODERATELY_MOTILE,HIGHLY_MOTILE.1,
Neidium ampliatum,Species,Neidium,Neidium ampliatum,167,260,FALSE,4,4_better,IV_better,,acid,,benthic,benthic (many possible substrates),MEDIUM,oligo-meso,TROPHIC_2,,,NON_N_FIXER,MODERATELY_MOTILE,HIGHLY_MOTILE.1,
Neidium apiculatum,Species,Neidium,Neidium apiculatum,4,3,FALSE,,,,,,,,,,,,,,,,,
Neidium bisulcatum,Species,Neidium,Neidium bisulcatum,143,146,FALSE,3,,III,low,acid,,benthic,benthic (many possible substrates),MEDIUM,oligo,TROPHIC_1,,,NON_N_FIXER,MODERATELY_MOTILE,HIGHLY_MOTILE.1,
Neidium bisulcatum var. baicalense,Variety,Neidium,Neidium bisulcatum,12,11,FALSE,,,,,,,benthic,benthic (many possible substrates),SMALL,,,,,NON_N_FIXER,MODERATELY_MOTILE,HIGHLY_MOTILE.1,
Neidium boyeri,Species,Neidium,Neidium boyeri,23,3,FALSE,,,,,,,benthic,benthic (many possible substrates),,,,,,NON_N_FIXER,MODERATELY_MOTILE,HIGHLY_MOTILE.1,
Neidium densestriatum,Species,Neidium,Neidium densestriatum,30,10,FALSE,,,,,,,benthic,benthic (many possible substrates),,oligo,TROPHIC_1,,,NON_N_FIXER,MODERATELY_MOTILE,HIGHLY_MOTILE.1,
Neidium dilatatum,Species,Neidium,Neidium dilatatum,4,3,FALSE,,,,,,,benthic,benthic (many possible substrates),,,,,,NON_N_FIXER,MODERATELY_MOTILE,HIGHLY_MOTILE.1,
Neidium dubium,Species,Neidium,Neidium dubium,9,11,FALSE,,,,,,,benthic,benthic (many possible substrates),,meso-eutra,TROPHIC_4,,,NON_N_FIXER,MODERATELY_MOTILE,HIGHLY_MOTILE.1,
Neidium fossum,Species,Neidium,Neidium fossum,35,36,FALSE,,,,,,,benthic,benthic (many possible substrates),,,,,,NON_N_FIXER,MODERATELY_MOTILE,HIGHLY_MOTILE.1,
Neidium gracile fo. aequalis,Variety,Neidium,Neidium gracile,1,1,FALSE,,,,,,,benthic,benthic (many possible substrates),,,,,,NON_N_FIXER,MODERATELY_MOTILE,HIGHLY_MOTILE.1,
Neidium hercynicum,Species,Neidium,Neidium hercynicum,14,10,FALSE,,,,,,,benthic,benthic (many possible substrates),SMALL,,,,,NON_N_FIXER,MODERATELY_MOTILE,HIGHLY_MOTILE.1,
Neidium hercynicum/N. sp. 4 NE Lakes,Species/Slash/Dataset,Neidium,Neidium hercynicum/N. sp. 4 NE Lakes,1,1,FALSE,,,,,,,,,,,,,,,,,
Neidium herrmannii,Species,Neidium,Neidium herrmannii,4,9,FALSE,,,,,,,benthic,benthic (many possible substrates),,,,,,NON_N_FIXER,MODERATELY_MOTILE,HIGHLY_MOTILE.1,
Neidium hitchcockii,Species,Neidium,Neidium hitchcockii,85,9,FALSE,4,4_better,IV_better,,,,benthic,benthic (many possible substrates),BIG,,,,,NON_N_FIXER,MODERATELY_MOTILE,HIGHLY_MOTILE.1,
Neidium iridis,Species,Neidium,Neidium iridis,304,118,FALSE,4,4_better,IV_better,,acid,,benthic,benthic (many possible substrates),BIG,meso,TROPHIC_3,,,NON_N_FIXER,MODERATELY_MOTILE,HIGHLY_MOTILE.1,
Neidium ladogense,Species,Neidium,Neidium ladogense,10,3,FALSE,,,,,,,benthic,benthic (many possible substrates),,,,,,NON_N_FIXER,MODERATELY_MOTILE,HIGHLY_MOTILE.1,
Neidium longiceps,Species,Neidium,Neidium longiceps,2,3,FALSE,,,,,,,,,,,,,,,,,
Neidium maximum,Species,Neidium,Neidium maximum,3,1,FALSE,,,,,,,benthic,benthic (many possible substrates),,,,,,NON_N_FIXER,MODERATELY_MOTILE,HIGHLY_MOTILE.1,
Neidium productum,Species,Neidium,Neidium productum,9,3,FALSE,,,,,,,benthic,benthic (many possible substrates),,,,,,NON_N_FIXER,MODERATELY_MOTILE,HIGHLY_MOTILE.1,
Neidium sacoense,Species,Neidium,Neidium sacoense,21,78,FALSE,,,,,,,benthic,benthic (many possible substrates),BIG,,,,,NON_N_FIXER,MODERATELY_MOTILE,HIGHLY_MOTILE.1,
Neidium septentrionale,Species,Neidium,Neidium septentrionale,3,7,FALSE,,,,,,,benthic,benthic (many possible substrates),,,,,,NON_N_FIXER,MODERATELY_MOTILE,HIGHLY_MOTILE.1,
Neidium sp. 1 NE Lakes,Species/Dataset,Neidium,Neidium sp. 1 NE Lakes,10,3,FALSE,,,,,,,benthic,benthic (many possible substrates),,,,,,NON_N_FIXER,MODERATELY_MOTILE,HIGHLY_MOTILE.1,
Neidium sp. 1 PIRLA,Species/Dataset,Neidium,Neidium sp. 1 PIRLA,2,1,FALSE,,,,,,,,,,,,,,,,,
Neidium sp. 1 VT,Species/Dataset,Neidium,Neidium sp. 1 VT,1,2,FALSE,,,,,,,,,,,,,,,,,
Neidium sp. 10 NE Lakes,Species/Dataset,Neidium,Neidium sp. 10 NE Lakes,1,4,FALSE,,,,,,,,,,,,,,,,,
Neidium sp. 12 NE Lakes,Species/Dataset,Neidium,Neidium sp. 12 NE Lakes,4,7,FALSE,,,,,,,benthic,benthic (many possible substrates),,,,,,NON_N_FIXER,MODERATELY_MOTILE,HIGHLY_MOTILE.1,
Neidium sp. 13 NE Lakes,Species/Dataset,Neidium,Neidium sp. 13 NE Lakes,2,1,FALSE,,,,,,,benthic,benthic (many possible substrates),,,,,,NON_N_FIXER,MODERATELY_MOTILE,HIGHLY_MOTILE.1,
Neidium sp. 14 NE Lakes,Species/Dataset,Neidium,Neidium sp. 14 NE Lakes,73,36,FALSE,3,,III,low,acid,,benthic,benthic (many possible substrates),,,,,,NON_N_FIXER,MODERATELY_MOTILE,HIGHLY_MOTILE.1,
Neidium sp. 2 NE Lakes,Species/Dataset,Neidium,Neidium sp. 2 NE Lakes,5,3,FALSE,,,,,,,benthic,benthic (many possible substrates),,,,,,NON_N_FIXER,MODERATELY_MOTILE,HIGHLY_MOTILE.1,
Neidium sp. 2 PIRLA,Species/Dataset,Neidium,Neidium sp. 2 PIRLA,3,8,FALSE,,,,,,,,,,,,,,,,,
Neidium sp. 2 VT,Species/Dataset,Neidium,Neidium sp. 2 VT,1,2,FALSE,,,,,,,,,,,,,,,,,
Neidium sp. 2 VTEC Lakes,Species/Dataset,Neidium,Neidium sp. 2 VTEC Lakes,1,1,FALSE,,,,,,,,,,,,,,,,,
Neidium sp. 3 PIRLA,Species/Dataset,Neidium,Neidium sp. 3 PIRLA,1,1,FALSE,,,,,,,,,,,,,,,,,
Neidium sp. 3 VTEC Lakes,Species/Dataset,Neidium,Neidium sp. 3 VTEC Lakes,2,3,FALSE,,,,,,,,,,,,,,,,,
Neidium sp. 4 NE Lakes,Species/Dataset,Neidium,Neidium sp. 4 NE Lakes,5,6,FALSE,,,,,,,benthic,benthic (many possible substrates),,,,,,NON_N_FIXER,MODERATELY_MOTILE,HIGHLY_MOTILE.1,
Neidium sp. 4 PIRLA,Species/Dataset,Neidium,Neidium sp. 4 PIRLA,2,15,FALSE,,,,,,,,,,,,,,,,,
Neidium sp. 4 VTEC Lakes,Species/Dataset,Neidium,Neidium sp. 4 VTEC Lakes,1,2,FALSE,,,,,,,,,,,,,,,,,
Neidium sp. 5 NE Lakes,Species/Dataset,Neidium,Neidium sp. 5 NE Lakes,1,1,FALSE,,,,,,,benthic,benthic (many possible substrates),,,,,,NON_N_FIXER,MODERATELY_MOTILE,HIGHLY_MOTILE.1,
Neidium sp. 5 PIRLA,Species/Dataset,Neidium,Neidium sp. 5 PIRLA,1,2,FALSE,,,,,,,,,,,,,,,,,
Neidium sp. 502 NE Lakes,Species/Dataset,Neidium,Neidium sp. 502 NE Lakes,2,2,FALSE,,,,,,,benthic,benthic (many possible substrates),,,,,,NON_N_FIXER,MODERATELY_MOTILE,HIGHLY_MOTILE.1,
Neidium sp. 6 NE Lakes,Species/Dataset,Neidium,Neidium sp. 6 NE Lakes,11,3,FALSE,,,,,,,benthic,benthic (many possible substrates),,,,,,NON_N_FIXER,MODERATELY_MOTILE,HIGHLY_MOTILE.1,
Neidium sp. 7 NE Lakes,Species/Dataset,Neidium,Neidium sp. 7 NE Lakes,1,1,FALSE,,,,,,,benthic,benthic (many possible substrates),,,,,,NON_N_FIXER,MODERATELY_MOTILE,HIGHLY_MOTILE.1,
Neidium sp. 8 NE Lakes,Species/Dataset,Neidium,Neidium sp. 8 NE Lakes,1,1,FALSE,,,,,,,,,,,,,,,,,
Neidium sp. 8 PIRLA,Species/Dataset,Neidium,Neidium sp. 8 PIRLA,1,1,FALSE,,,,,,,,,,,,,,,,,
Neidium temperei,Species,Neidium,Neidium temperei,17,8,FALSE,,,,,,,benthic,benthic (many possible substrates),,,,,,NON_N_FIXER,MODERATELY_MOTILE,HIGHLY_MOTILE.1,
Neidium tumescens,Species,Neidium,Neidium tumescens,9,3,FALSE,,,,,,,benthic,benthic (many possible substrates),,,,,,NON_N_FIXER,MODERATELY_MOTILE,HIGHLY_MOTILE.1,
Nitzschia,Genera,Nitzschia,,619,456,FALSE,4,4_middle,IV_middle,,neutral,,benthic,benthic (many possible substrates),,,,,,NON_N_FIXER,HIGHLY_MOTILE,HIGHLY_MOTILE.1,
Nitzschia acicularioides,Species,Nitzschia,Nitzschia acicularioides,25,18,FALSE,,,,,,,"benthic,planktonic",planktonic and benthic,,,,,,NON_N_FIXER,HIGHLY_MOTILE,HIGHLY_MOTILE.1,
Nitzschia acicularis,Species,Nitzschia,Nitzschia acicularis,86,151,FALSE,4,4_middle,IV_middle,,alkali,,"benthic,planktonic",planktonic and benthic,,eutra,TROPHIC_5,HIGH_P,HIGH_N,NON_N_FIXER,HIGHLY_MOTILE,HIGHLY_MOTILE.1,
Nitzschia acidoclinata,Species,Nitzschia,Nitzschia acidoclinata,16,15,FALSE,,,,,,,benthic,benthic (many possible substrates),,meso,TROPHIC_3,,,NON_N_FIXER,HIGHLY_MOTILE,HIGHLY_MOTILE.1,
Nitzschia acula,Species,Nitzschia,Nitzschia acula,13,11,FALSE,,,,,,,benthic,benthic (many possible substrates),MEDIUM,eutra,TROPHIC_5,,,NON_N_FIXER,HIGHLY_MOTILE,HIGHLY_MOTILE.1,
Nitzschia aequorea,Species,Nitzschia,Nitzschia aequorea,1,4,FALSE,,,,,,,benthic,benthic (many possible substrates),,,,,,NON_N_FIXER,HIGHLY_MOTILE,HIGHLY_MOTILE.1,
Nitzschia agnita,Species,Nitzschia,Nitzschia agnita,12,30,FALSE,,,,,,,benthic,benthic (many possible substrates),,,,HIGH_P,,NON_N_FIXER,HIGHLY_MOTILE,HIGHLY_MOTILE.1,
Nitzschia alpina,Species,Nitzschia,Nitzschia alpina,20,44,FALSE,,,,,,,benthic,benthic (many possible substrates),,oligo,TROPHIC_1,,,NON_N_FIXER,HIGHLY_MOTILE,HIGHLY_MOTILE.1,
Nitzschia amphibia,Species,Nitzschia,Nitzschia amphibia,220,450,FALSE,4,4_worse,IV_worse,,hialkali,,"benthic,planktonic",planktonic and benthic,SMALL,eutra,TROPHIC_5,HIGH_P,HIGH_N,NON_N_FIXER,HIGHLY_MOTILE,HIGHLY_MOTILE.1,
Nitzschia amphibioides,Species,Nitzschia,Nitzschia amphibioides,29,87,FALSE,,,,,,,benthic,benthic (many possible substrates),SMALL,,,,,NON_N_FIXER,HIGHLY_MOTILE,HIGHLY_MOTILE.1,
Nitzschia angustata,Species,Nitzschia,Nitzschia angustata,67,130,FALSE,,,,,,,benthic,benthic (many possible substrates),BIG,meso,TROPHIC_3,,,NON_N_FIXER,HIGHLY_MOTILE,HIGHLY_MOTILE.1,
Nitzschia angustata var. acuta,Variety,Nitzschia,Nitzschia angustata,3,1,FALSE,,,,,,,,,,,,,,,,,
Nitzschia angustatula,Species,Nitzschia,Nitzschia angustatula,1,2,FALSE,,,,,,,benthic,benthic (many possible substrates),,eutra,TROPHIC_5,,,NON_N_FIXER,HIGHLY_MOTILE,HIGHLY_MOTILE.1,
Nitzschia archibaldii,Species,Nitzschia,Nitzschia archibaldii,70,99,FALSE,4,4_worse,IV_worse,,alkali,,benthic,benthic (many possible substrates),,,,,,NON_N_FIXER,HIGHLY_MOTILE,HIGHLY_MOTILE.1,
Nitzschia bacillum,Species,Nitzschia,Nitzschia bacillum,9,3,FALSE,,,,,,,benthic,benthic (many possible substrates),SMALL,,,,,NON_N_FIXER,HIGHLY_MOTILE,HIGHLY_MOTILE.1,
Nitzschia balcanica,Species,Nitzschia,Nitzschia balcanica,1,1,FALSE,,,,,,,,,,,,,,,,,
Nitzschia bavarica,Species,Nitzschia,Nitzschia bavarica,13,13,FALSE,,,,,,,benthic,benthic (many possible substrates),,,,,,NON_N_FIXER,HIGHLY_MOTILE,HIGHLY_MOTILE.1,
Nitzschia bita,Species,Nitzschia,Nitzschia bita,1,1,FALSE,,,,,,,,,,,,,,,,,
Nitzschia bremensis,Species,Nitzschia,Nitzschia bremensis,7,3,FALSE,,,,,,,benthic,benthic (many possible substrates),,,,,,NON_N_FIXER,HIGHLY_MOTILE,HIGHLY_MOTILE.1,
Nitzschia brevissima,Species,Nitzschia,Nitzschia brevissima,13,42,FALSE,,,,,,,benthic,benthic (many possible substrates),,eutra,TROPHIC_5,,,NON_N_FIXER,HIGHLY_MOTILE,HIGHLY_MOTILE.1,
Nitzschia capitellata,Species,Nitzschia,Nitzschia capitellata,59,101,FALSE,4,4_worse,IV_worse,,alkali,,benthic,benthic (many possible substrates),,hypereutra,TROPHIC_6,HIGH_P,HIGH_N,NON_N_FIXER,HIGHLY_MOTILE,HIGHLY_MOTILE.1,
Nitzschia clausii,Species,Nitzschia,Nitzschia clausii,18,28,FALSE,,,,,,,benthic,benthic (many possible substrates),MEDIUM,eutra,TROPHIC_5,,,NON_N_FIXER,HIGHLY_MOTILE,HIGHLY_MOTILE.1,
Nitzschia communis,Species,Nitzschia,Nitzschia communis,3,8,FALSE,,,,,,,,,,,,,,,,,
Nitzschia commutata,Species,Nitzschia,Nitzschia commutata,5,7,FALSE,,,,,,,benthic,benthic (many possible substrates),,,,,,NON_N_FIXER,HIGHLY_MOTILE,HIGHLY_MOTILE.1,
Nitzschia compressa var. vexans,Variety,Nitzschia,Nitzschia compressa,2,1,FALSE,,,,,,,benthic,benthic (many possible substrates),,,,,,NON_N_FIXER,HIGHLY_MOTILE,HIGHLY_MOTILE.1,
Nitzschia desertorum,Species,Nitzschia,Nitzschia desertorum,10,67,FALSE,,,,,,,benthic,benthic (many possible substrates),SMALL,,,,,NON_N_FIXER,HIGHLY_MOTILE,HIGHLY_MOTILE.1,
Nitzschia dissipata,Species,Nitzschia,Nitzschia dissipata,376,122,FALSE,4,4_better,IV_better,,alkali,,"benthic,planktonic",planktonic and benthic,SMALL,meso-eutra,TROPHIC_4,,HIGH_N,NON_N_FIXER,HIGHLY_MOTILE,HIGHLY_MOTILE.1,
Nitzschia dissipata var. media,Variety,Nitzschia,Nitzschia dissipata,65,16,FALSE,4,4_better,IV_better,,alkali,,"benthic,planktonic",planktonic and benthic,SMALL,,,,,NON_N_FIXER,HIGHLY_MOTILE,HIGHLY_MOTILE.1,
Nitzschia draveillensis,Species,Nitzschia,Nitzschia draveillensis,4,2,FALSE,,,,,,,"benthic,planktonic",planktonic and benthic,SMALL,eutra,TROPHIC_5,,,NON_N_FIXER,HIGHLY_MOTILE,HIGHLY_MOTILE.1,
Nitzschia dubia,Species,Nitzschia,Nitzschia dubia,4,3,FALSE,,,,,,,benthic,benthic (many possible substrates),,eutra,TROPHIC_5,,,NON_N_FIXER,HIGHLY_MOTILE,HIGHLY_MOTILE.1,
Nitzschia elegans,Species,Nitzschia,Nitzschia elegans,1,1,FALSE,,,,,,,benthic,benthic (many possible substrates),,,,,,NON_N_FIXER,HIGHLY_MOTILE,HIGHLY_MOTILE.1,
Nitzschia exilis,Species,Nitzschia,Nitzschia exilis,4,20,FALSE,,,,,,,benthic,benthic (many possible substrates),,,,,,NON_N_FIXER,HIGHLY_MOTILE,HIGHLY_MOTILE.1,
Nitzschia fasciculata,Species,Nitzschia,Nitzschia fasciculata,3,2,FALSE,,,,,,,benthic,benthic (many possible substrates),,,,,,NON_N_FIXER,HIGHLY_MOTILE,HIGHLY_MOTILE.1,
Nitzschia filiformis,Species,Nitzschia,Nitzschia filiformis,5,15,FALSE,,,,,,,"benthic,planktonic",planktonic and benthic,,,,,,NON_N_FIXER,HIGHLY_MOTILE,HIGHLY_MOTILE.1,
Nitzschia flexa,Species,Nitzschia,Nitzschia flexa,1,2,FALSE,,,,,,,,,,,,,,,,,
Nitzschia flexoides,Species,Nitzschia,Nitzschia flexoides,1,1,FALSE,,,,,,,,,,,,,,,,,
Nitzschia fonticola,Species,Nitzschia,Nitzschia fonticola,394,832,FALSE,4,4_better,IV_better,,alkali,,"benthic,planktonic",planktonic and benthic,SMALL,meso-eutra,TROPHIC_4,,,NON_N_FIXER,HIGHLY_MOTILE,HIGHLY_MOTILE.1,
Nitzschia fonticola var. pelagica,Variety,Nitzschia,Nitzschia fonticola,1,16,FALSE,,,,,,,,,,,,,,,,,
Nitzschia frustulum,Species,Nitzschia,Nitzschia frustulum,156,112,FALSE,4,4_middle,IV_middle,,neutral,,"benthic,planktonic",planktonic and benthic,,eutra,TROPHIC_5,HIGH_P,HIGH_N,NON_N_FIXER,HIGHLY_MOTILE,HIGHLY_MOTILE.1,
Nitzschia frustulum var. perminuta,Variety,Nitzschia,Nitzschia frustulum,2,1,FALSE,,,,,,,"benthic,planktonic",planktonic and benthic,,eutra,TROPHIC_5,HIGH_P,HIGH_N,NON_N_FIXER,HIGHLY_MOTILE,HIGHLY_MOTILE.1,
Nitzschia fruticosa,Species,Nitzschia,Nitzschia fruticosa,60,56,FALSE,,,,,,,"benthic,planktonic",planktonic and benthic,,eutra,TROPHIC_5,,,NON_N_FIXER,HIGHLY_MOTILE,HIGHLY_MOTILE.1,
Nitzschia gessneri,Species,Nitzschia,Nitzschia gessneri,3,6,FALSE,,,,,,,benthic,benthic (many possible substrates),,,,,,NON_N_FIXER,HIGHLY_MOTILE,HIGHLY_MOTILE.1,
Nitzschia graciliformis,Species,Nitzschia,Nitzschia graciliformis,6,25,FALSE,,,,,,,"benthic,planktonic",planktonic and benthic,,,,,,NON_N_FIXER,HIGHLY_MOTILE,HIGHLY_MOTILE.1,
Nitzschia gracilis,Species,Nitzschia,Nitzschia gracilis,725,729,FALSE,4,4_middle,IV_middle,,neutral,,"benthic,planktonic",planktonic and benthic,,,,HIGH_P,HIGH_N,NON_N_FIXER,HIGHLY_MOTILE,HIGHLY_MOTILE.1,
Nitzschia gracillima,Species,Nitzschia,Nitzschia gracillima,1,1,FALSE,,,,,,,"benthic,planktonic",planktonic and benthic,,,,,,NON_N_FIXER,HIGHLY_MOTILE,HIGHLY_MOTILE.1,
Nitzschia graciloides,Species,Nitzschia,Nitzschia graciloides,1,1,FALSE,,,,,,,"benthic,planktonic",planktonic and benthic,,,,,,NON_N_FIXER,HIGHLY_MOTILE,HIGHLY_MOTILE.1,
Nitzschia hantzschiana,Species,Nitzschia,Nitzschia hantzschiana,24,79,FALSE,,,,,,,"benthic,planktonic",planktonic and benthic,,meso,TROPHIC_3,,,NON_N_FIXER,HIGHLY_MOTILE,HIGHLY_MOTILE.1,
Nitzschia heufleriana,Species,Nitzschia,Nitzschia heufleriana,22,15,FALSE,,,,,,,"benthic,planktonic",planktonic and benthic,,,,,,NON_N_FIXER,HIGHLY_MOTILE,HIGHLY_MOTILE.1,
Nitzschia homburgiensis,Species,Nitzschia,Nitzschia homburgiensis,1,1,FALSE,5,,V,,,,benthic,benthic (many possible substrates),,meso,TROPHIC_3,,,NON_N_FIXER,HIGHLY_MOTILE,HIGHLY_MOTILE.1,
Nitzschia hybrida,Species,Nitzschia,Nitzschia hybrida,1,5,FALSE,,,,,,,benthic,benthic (many possible substrates),,,,,,NON_N_FIXER,HIGHLY_MOTILE,HIGHLY_MOTILE.1,
Nitzschia ignorata,Species,Nitzschia,Nitzschia ignorata,3,1,FALSE,,,,,,,benthic,benthic (many possible substrates),,,,,,NON_N_FIXER,HIGHLY_MOTILE,HIGHLY_MOTILE.1,
Nitzschia incognita,Species,Nitzschia,Nitzschia incognita,21,38,FALSE,,,,,,,benthic,benthic (many possible substrates),,,,LOW_P,LOW_N,NON_N_FIXER,HIGHLY_MOTILE,HIGHLY_MOTILE.1,
Nitzschia inconspicua,Species,Nitzschia,Nitzschia inconspicua,46,61,FALSE,,,,,,,benthic,benthic (many possible substrates),VERY SMALL,eutra,TROPHIC_5,HIGH_P,HIGH_N,NON_N_FIXER,HIGHLY_MOTILE,HIGHLY_MOTILE.1,
Nitzschia innominata,Species,Nitzschia,Nitzschia innominata,2,2,FALSE,,,,,,,benthic,benthic (many possible substrates),,,,,,NON_N_FIXER,HIGHLY_MOTILE,HIGHLY_MOTILE.1,
Nitzschia intermedia,Species,Nitzschia,Nitzschia intermedia,70,51,FALSE,,,,,,,benthic,benthic (many possible substrates),,eutra,TROPHIC_5,HIGH_P,HIGH_N,NON_N_FIXER,HIGHLY_MOTILE,HIGHLY_MOTILE.1,
Nitzschia kuetzingiana,Species,Nitzschia,Nitzschia kuetzingiana,3,10,FALSE,,,,,,,benthic,benthic (many possible substrates),,,,,,NON_N_FIXER,HIGHLY_MOTILE,HIGHLY_MOTILE.1,
Nitzschia lacuum,Species,Nitzschia,Nitzschia lacuum,28,24,FALSE,,,,,,,benthic,benthic (many possible substrates),,meso,TROPHIC_3,,,NON_N_FIXER,HIGHLY_MOTILE,HIGHLY_MOTILE.1,
Nitzschia laevis,Species,Nitzschia,Nitzschia laevis,1,1,FALSE,,,,,,,,,,,,,,,,,
Nitzschia lanceolata,Species,Nitzschia,Nitzschia lanceolata,1,2,FALSE,,,,,,,,,,,,,,,,,
Nitzschia liebethruthii,Species,Nitzschia,Nitzschia liebethruthii,140,137,FALSE,4,4_middle,IV_middle,,alkali,,benthic,benthic (many possible substrates),SMALL,,,,,NON_N_FIXER,HIGHLY_MOTILE,HIGHLY_MOTILE.1,
Nitzschia linearis,Species,Nitzschia,Nitzschia linearis,103,90,FALSE,4,4_worse,IV_worse,,alkali,,benthic,benthic (many possible substrates),BIG,meso-eutra,TROPHIC_4,,HIGH_N,NON_N_FIXER,HIGHLY_MOTILE,HIGHLY_MOTILE.1,
Nitzschia microcephala,Species,Nitzschia,Nitzschia microcephala,59,43,FALSE,4,4_middle,IV_middle,,,,benthic,benthic (many possible substrates),,eutra,TROPHIC_5,,,NON_N_FIXER,HIGHLY_MOTILE,HIGHLY_MOTILE.1,
Nitzschia minuta,Species,Nitzschia,Nitzschia minuta,4,3,FALSE,,,,,,,benthic,benthic (many possible substrates),,,,,,NON_N_FIXER,HIGHLY_MOTILE,HIGHLY_MOTILE.1,
Nitzschia montanestris,Species,Nitzschia,Nitzschia montanestris,14,11,FALSE,,,,,,,benthic,benthic (many possible substrates),MEDIUM,,,,,NON_N_FIXER,HIGHLY_MOTILE,HIGHLY_MOTILE.1,
Nitzschia nana,Species,Nitzschia,Nitzschia nana,22,83,FALSE,,,,,,,benthic,benthic (many possible substrates),,meso,TROPHIC_3,,,NON_N_FIXER,HIGHLY_MOTILE,HIGHLY_MOTILE.1,
Nitzschia obtusa,Species,Nitzschia,Nitzschia obtusa,2,1,FALSE,,,,,,,benthic,benthic (many possible substrates),BIG,,,,,NON_N_FIXER,HIGHLY_MOTILE,HIGHLY_MOTILE.1,
Nitzschia palea,Species,Nitzschia,Nitzschia palea,520,546,FALSE,4,4_middle,IV_middle,,alkali,,"benthic,planktonic",planktonic and benthic,SMALL,hypereutra,TROPHIC_6,HIGH_P,HIGH_N,NON_N_FIXER,HIGHLY_MOTILE,HIGHLY_MOTILE.1,
Nitzschia palea var. debilis,Variety,Nitzschia,Nitzschia palea,80,122,FALSE,,,,,,,"benthic,planktonic",planktonic and benthic,SMALL,oligo,TROPHIC_1,HIGH_P,HIGH_N,NON_N_FIXER,HIGHLY_MOTILE,HIGHLY_MOTILE.1,
Nitzschia palea var. tenuirostris,Variety,Nitzschia,Nitzschia palea,23,50,FALSE,,,,,,,"benthic,planktonic",planktonic and benthic,SMALL,,,HIGH_P,HIGH_N,NON_N_FIXER,HIGHLY_MOTILE,HIGHLY_MOTILE.1,
Nitzschia paleacea,Species,Nitzschia,Nitzschia paleacea,38,28,FALSE,,,,,,,"benthic,planktonic",planktonic and benthic,SMALL,eutra,TROPHIC_5,,,NON_N_FIXER,HIGHLY_MOTILE,HIGHLY_MOTILE.1,
Nitzschia paleaeformis,Species,Nitzschia,Nitzschia paleaeformis,5,51,FALSE,,,,,,,"benthic,planktonic",planktonic and benthic,SMALL,indiff,TROPHIC_7,,,NON_N_FIXER,HIGHLY_MOTILE,HIGHLY_MOTILE.1,
Nitzschia palustris,Species,Nitzschia,Nitzschia palustris,1,1,FALSE,,,,,,,benthic,benthic (many possible substrates),SMALL,oligo-meso,TROPHIC_2,,,NON_N_FIXER,HIGHLY_MOTILE,HIGHLY_MOTILE.1,
Nitzschia parvula,Species,Nitzschia,Nitzschia parvula,2,47,FALSE,,,,,,,benthic,benthic (many possible substrates),,,,,,NON_N_FIXER,HIGHLY_MOTILE,HIGHLY_MOTILE.1,
Nitzschia pellucida,Species,Nitzschia,Nitzschia pellucida,2,14,FALSE,,,,,,,benthic,benthic (many possible substrates),,,,,,NON_N_FIXER,HIGHLY_MOTILE,HIGHLY_MOTILE.1,
Nitzschia perminuta,Species,Nitzschia,Nitzschia perminuta,170,289,FALSE,4,4_middle,IV_middle,,acid,,benthic,benthic (many possible substrates),SMALL,oligo-meso,TROPHIC_2,,,NON_N_FIXER,HIGHLY_MOTILE,HIGHLY_MOTILE.1,
Nitzschia perminuta/N. alpina,Species/Slash,Nitzschia,,37,45,FALSE,,,,,,,benthic,benthic (many possible substrates),,,,,,NON_N_FIXER,HIGHLY_MOTILE,HIGHLY_MOTILE.1,
Nitzschia perspicua,Species,Nitzschia,Nitzschia perspicua,1,2,FALSE,,,,,,,benthic,benthic (many possible substrates),,,,,,NON_N_FIXER,HIGHLY_MOTILE,HIGHLY_MOTILE.1,
Nitzschia prolongata var. hoehnkii,Variety,Nitzschia,Nitzschia prolongata,2,1,FALSE,,,,,,,,,,,,,,,,,
Nitzschia pseudofonticola,Species,Nitzschia,Nitzschia pseudofonticola,10,46,FALSE,,,,,,,benthic,benthic (many possible substrates),,eutra,TROPHIC_5,,,NON_N_FIXER,HIGHLY_MOTILE,HIGHLY_MOTILE.1,
Nitzschia pumila,Species,Nitzschia,Nitzschia pumila,14,63,FALSE,,,,,,,benthic,benthic (many possible substrates),,,,,,NON_N_FIXER,HIGHLY_MOTILE,HIGHLY_MOTILE.1,
Nitzschia pura,Species,Nitzschia,Nitzschia pura,12,7,FALSE,,,,,,,benthic,benthic (many possible substrates),,,,,,NON_N_FIXER,HIGHLY_MOTILE,HIGHLY_MOTILE.1,
Nitzschia pusilla,Species,Nitzschia,Nitzschia pusilla,8,7,FALSE,,,,,,,benthic,benthic (many possible substrates),,indiff,TROPHIC_7,HIGH_P,HIGH_N,NON_N_FIXER,HIGHLY_MOTILE,HIGHLY_MOTILE.1,
Nitzschia radicula,Species,Nitzschia,Nitzschia radicula,48,49,FALSE,,,,,,,benthic,benthic (many possible substrates),,,,,,NON_N_FIXER,HIGHLY_MOTILE,HIGHLY_MOTILE.1,
Nitzschia recta,Species,Nitzschia,Nitzschia recta,238,78,FALSE,4,4_middle,IV_middle,,alkali,,benthic,benthic (many possible substrates),,indiff,TROPHIC_7,,,NON_N_FIXER,HIGHLY_MOTILE,HIGHLY_MOTILE.1,
Nitzschia reversa,Species,Nitzschia,Nitzschia reversa,1,1,FALSE,,,,,,,benthic,benthic (many possible substrates),,,,HIGH_P,,NON_N_FIXER,HIGHLY_MOTILE,HIGHLY_MOTILE.1,
Nitzschia romana,Species,Nitzschia,Nitzschia romana,5,6,FALSE,,,,,,,benthic,benthic (many possible substrates),,,,,,NON_N_FIXER,HIGHLY_MOTILE,HIGHLY_MOTILE.1,
Nitzschia rosenstockii,Species,Nitzschia,Nitzschia rosenstockii,17,110,FALSE,,,,,,,benthic,benthic (many possible substrates),,,,,,NON_N_FIXER,HIGHLY_MOTILE,HIGHLY_MOTILE.1,
Nitzschia scalpelliformis,Species,Nitzschia,Nitzschia scalpelliformis,5,36,FALSE,,,,,,,benthic,benthic (many possible substrates),BIG,,,,,NON_N_FIXER,HIGHLY_MOTILE,HIGHLY_MOTILE.1,
Nitzschia sigma,Species,Nitzschia,Nitzschia sigma,13,13,FALSE,,,,,,,benthic,benthic (many possible substrates),,eutra,TROPHIC_5,,,NON_N_FIXER,HIGHLY_MOTILE,HIGHLY_MOTILE.1,
Nitzschia sigmoidea,Species,Nitzschia,Nitzschia sigmoidea,51,24,FALSE,,,,,,,benthic,benthic (many possible substrates),,eutra,TROPHIC_5,,,NON_N_FIXER,HIGHLY_MOTILE,HIGHLY_MOTILE.1,
Nitzschia sociabilis,Species,Nitzschia,Nitzschia sociabilis,4,6,FALSE,,,,,,,benthic,benthic (many possible substrates),,eutra,TROPHIC_5,,,NON_N_FIXER,HIGHLY_MOTILE,HIGHLY_MOTILE.1,
Nitzschia solita,Species,Nitzschia,Nitzschia solita,15,18,FALSE,,,,,,,benthic,benthic (many possible substrates),,eutra,TROPHIC_5,HIGH_P,HIGH_N,NON_N_FIXER,HIGHLY_MOTILE,HIGHLY_MOTILE.1,
Nitzschia soratensis,Species,Nitzschia,Nitzschia soratensis,19,40,FALSE,,,,,,,benthic,benthic (many possible substrates),MEDIUM,,,,,NON_N_FIXER,HIGHLY_MOTILE,HIGHLY_MOTILE.1,
Nitzschia sp. 1 NE Lakes,Species/Dataset,Nitzschia,Nitzschia sp. 1 NE Lakes,5,12,FALSE,,,,,,,benthic,benthic (many possible substrates),,,,,,NON_N_FIXER,HIGHLY_MOTILE,HIGHLY_MOTILE.1,
Nitzschia sp. 1 PIRLA,Species/Dataset,Nitzschia,Nitzschia sp. 1 PIRLA,101,100,FALSE,,,,,,,,,,,,,,,,,
Nitzschia sp. 1 VTEC Lakes,Species/Dataset,Nitzschia,Nitzschia sp. 1 VTEC Lakes,1,2,FALSE,,,,,,,,,,,,,,,,,
Nitzschia sp. 2 NE Lakes,Species/Dataset,Nitzschia,Nitzschia sp. 2 NE Lakes,2,6,FALSE,,,,,,,benthic,benthic (many possible substrates),,,,,,NON_N_FIXER,HIGHLY_MOTILE,HIGHLY_MOTILE.1,
Nitzschia sp. 3 NE Lakes,Species/Dataset,Nitzschia,Nitzschia sp. 3 NE Lakes,1,2,FALSE,,,,,,,benthic,benthic (many possible substrates),,,,,,NON_N_FIXER,HIGHLY_MOTILE,HIGHLY_MOTILE.1,
Nitzschia sp. 4 NE Lakes,Species/Dataset,Nitzschia,Nitzschia sp. 4 NE Lakes,9,9,FALSE,,,,,,,benthic,benthic (many possible substrates),,,,,,NON_N_FIXER,HIGHLY_MOTILE,HIGHLY_MOTILE.1,
Nitzschia sp. 5 NE Lakes,Species/Dataset,Nitzschia,Nitzschia sp. 5 NE Lakes,1,2,FALSE,,,,,,,benthic,benthic (many possible substrates),,,,,,NON_N_FIXER,HIGHLY_MOTILE,HIGHLY_MOTILE.1,
Nitzschia sp. 504 NE Lakes,Species/Dataset,Nitzschia,Nitzschia sp. 504 NE Lakes,7,11,FALSE,,,,,,,benthic,benthic (many possible substrates),,,,,,NON_N_FIXER,HIGHLY_MOTILE,HIGHLY_MOTILE.1,
Nitzschia sp. 508 NE Lakes,Species/Dataset,Nitzschia,Nitzschia sp. 508 NE Lakes,2,6,FALSE,,,,,,,benthic,benthic (many possible substrates),,,,,,NON_N_FIXER,HIGHLY_MOTILE,HIGHLY_MOTILE.1,
Nitzschia sp. 511 NE Lakes,Species/Dataset,Nitzschia,Nitzschia sp. 511 NE Lakes,3,2,FALSE,,,,,,,benthic,benthic (many possible substrates),,,,,,NON_N_FIXER,HIGHLY_MOTILE,HIGHLY_MOTILE.1,
Nitzschia sp. 516 NE Lakes,Species/Dataset,Nitzschia,Nitzschia sp. 516 NE Lakes,1,1,FALSE,,,,,,,benthic,benthic (many possible substrates),,,,,,NON_N_FIXER,HIGHLY_MOTILE,HIGHLY_MOTILE.1,
Nitzschia sp. 517 NE Lakes,Species/Dataset,Nitzschia,Nitzschia sp. 517 NE Lakes,2,2,FALSE,,,,,,,benthic,benthic (many possible substrates),,,,,,NON_N_FIXER,HIGHLY_MOTILE,HIGHLY_MOTILE.1,
Nitzschia sp. 601 NE Lakes,Species/Dataset,Nitzschia,Nitzschia sp. 601 NE Lakes,3,6,FALSE,,,,,,,,,,,,,,,,,
Nitzschia stagnorum,Species,Nitzschia,Nitzschia stagnorum,1,1,FALSE,,,,,,,benthic,benthic (many possible substrates),,,,,,NON_N_FIXER,HIGHLY_MOTILE,HIGHLY_MOTILE.1,
Nitzschia subacicularis,Species,Nitzschia,Nitzschia subacicularis,72,60,FALSE,4,4_worse,IV_worse,,hialkali,,"benthic,planktonic",planktonic and benthic,,indiff,TROPHIC_7,,,NON_N_FIXER,HIGHLY_MOTILE,HIGHLY_MOTILE.1,
Nitzschia sublinearis,Species,Nitzschia,Nitzschia sublinearis,21,17,FALSE,,,,,,,"benthic,planktonic",planktonic and benthic,,,,,,NON_N_FIXER,HIGHLY_MOTILE,HIGHLY_MOTILE.1,
Nitzschia subrostrata,Species,Nitzschia,Nitzschia subrostrata,2,1,FALSE,,,,,,,benthic,benthic (many possible substrates),,,,,,NON_N_FIXER,HIGHLY_MOTILE,HIGHLY_MOTILE.1,
Nitzschia subtilis,Species,Nitzschia,Nitzschia subtilis,57,75,FALSE,,,,,,,benthic,benthic (many possible substrates),,,,HIGH_P,,NON_N_FIXER,HIGHLY_MOTILE,HIGHLY_MOTILE.1,
Nitzschia suchlandtii,Species,Nitzschia,Nitzschia suchlandtii,2,3,FALSE,,,,,,,,,,,,,,,,,
Nitzschia supralitorea,Species,Nitzschia,Nitzschia supralitorea,2,9,FALSE,,,,,,,,,,,,,,,,,
Nitzschia tenuis,Species,Nitzschia,Nitzschia tenuis,31,15,FALSE,,,,,,,benthic,benthic (many possible substrates),MEDIUM,,,HIGH_P,HIGH_N,NON_N_FIXER,HIGHLY_MOTILE,HIGHLY_MOTILE.1,
Nitzschia terrestris,Species,Nitzschia,Nitzschia terrestris,1,7,FALSE,,,,,,,,,,,,,,,,,
Nitzschia tropica,Species,Nitzschia,Nitzschia tropica,2,5,FALSE,,,,,,,benthic,benthic (many possible substrates),,,,,,NON_N_FIXER,HIGHLY_MOTILE,HIGHLY_MOTILE.1,
Nitzschia tubicola,Species,Nitzschia,Nitzschia tubicola,33,103,FALSE,,,,,,,benthic,benthic (many possible substrates),,,,,,NON_N_FIXER,HIGHLY_MOTILE,HIGHLY_MOTILE.1,
Nitzschia umbonata,Species,Nitzschia,Nitzschia umbonata,2,3,FALSE,,,,,,,benthic,benthic (many possible substrates),,hypereutra,TROPHIC_6,HIGH_P,HIGH_N,NON_N_FIXER,HIGHLY_MOTILE,HIGHLY_MOTILE.1,
Nitzschia valdecostata,Species,Nitzschia,Nitzschia valdecostata,2,12,FALSE,,,,,,,benthic,benthic (many possible substrates),,,,,,NON_N_FIXER,HIGHLY_MOTILE,HIGHLY_MOTILE.1,
Nitzschia vasta,Species,Nitzschia,Nitzschia vasta,6,8,FALSE,,,,,,,benthic,benthic (many possible substrates),,,,,,NON_N_FIXER,HIGHLY_MOTILE,HIGHLY_MOTILE.1,
Nitzschia vermicularis,Species,Nitzschia,Nitzschia vermicularis,4,25,FALSE,,,,,,,benthic,benthic (many possible substrates),,indiff,TROPHIC_7,,,NON_N_FIXER,HIGHLY_MOTILE,HIGHLY_MOTILE.1,
Nitzschia wuellerstorffii,Species,Nitzschia,Nitzschia wuellerstorffii,2,7,FALSE,,,,,,,benthic,benthic (many possible substrates),,,,,,NON_N_FIXER,HIGHLY_MOTILE,HIGHLY_MOTILE.1,
Nupela,Genera,Nupela,,46,36,FALSE,4,4_better,IV_better,,acid,,benthic,benthic (many possible substrates),VERY SMALL,,,,,NON_N_FIXER,SLIGHTLY_MOTILE,,
Nupela bicapitata,Species,Nupela,Nupela bicapitata,128,46,FALSE,4,4_better,IV_better,,neutral,,benthic,benthic (many possible substrates),VERY SMALL,,,,,NON_N_FIXER,SLIGHTLY_MOTILE,,
Nupela carolina,Species,Nupela,Nupela carolina,11,13,FALSE,,,,,,,benthic,benthic (many possible substrates),VERY SMALL,,,,,NON_N_FIXER,SLIGHTLY_MOTILE,,
Nupela decipiens,Species,Nupela,Nupela decipiens,10,16,FALSE,,,,,,,benthic,benthic (many possible substrates),VERY SMALL,,,,,NON_N_FIXER,SLIGHTLY_MOTILE,,
Nupela elegantula,Species,Nupela,Nupela elegantula,2,7,FALSE,,,,,,,,,,,,,,,,,
Nupela fennica,Species,Nupela,Nupela fennica,85,71,FALSE,4,4_better,IV_better,,neutral,,benthic,benthic (many possible substrates),VERY SMALL,,,,,NON_N_FIXER,MODERATELY_MOTILE,,
Nupela frezelii,Species,Nupela,Nupela frezelii,7,8,FALSE,,,,,,,benthic,benthic (many possible substrates),SMALL,,,,,NON_N_FIXER,SLIGHTLY_MOTILE,,
Nupela gracillima,Species,Nupela,Nupela gracillima,2,132,FALSE,,,,,,,,,,,,,,,,,
Nupela impexiformis,Species,Nupela,Nupela impexiformis,54,43,FALSE,,,,,,,benthic,benthic (many possible substrates),VERY SMALL,,,,,NON_N_FIXER,SLIGHTLY_MOTILE,,
Nupela ingratiformis,Species,Nupela,Nupela ingratiformis,1,2,FALSE,,,,,,,,,,,,,,,,,
Nupela lapidosa,Species,Nupela,Nupela lapidosa,51,96,FALSE,,,,,,,benthic,benthic (many possible substrates),SMALL,,,LOW_P,,NON_N_FIXER,SLIGHTLY_MOTILE,,
Nupela neglecta,Species,Nupela,Nupela neglecta,3,2,FALSE,,,,,,,benthic,benthic (many possible substrates),VERY SMALL,,,,,NON_N_FIXER,SLIGHTLY_MOTILE,,
Nupela neogracillima,Species,Nupela,Nupela neogracillima,3,1,FALSE,,,,,,,benthic,benthic (many possible substrates),VERY SMALL,,,,,NON_N_FIXER,SLIGHTLY_MOTILE,,
Nupela neotropica,Species,Nupela,Nupela neotropica,5,281,FALSE,,,,,,,benthic,benthic (many possible substrates),VERY SMALL,,,,,NON_N_FIXER,SLIGHTLY_MOTILE,,
Nupela paludigena,Species,Nupela,Nupela paludigena,3,23,FALSE,,,,,,,benthic,benthic (many possible substrates),VERY SMALL,,,,,NON_N_FIXER,SLIGHTLY_MOTILE,,
Nupela pennsylvanica,Species,Nupela,Nupela pennsylvanica,58,16,FALSE,,,,,,,benthic,benthic (many possible substrates),VERY SMALL,,,,,NON_N_FIXER,SLIGHTLY_MOTILE,,
Nupela poconoensis,Species,Nupela,Nupela poconoensis,2,1,FALSE,,,,,,,benthic,benthic (many possible substrates),VERY SMALL,,,,,NON_N_FIXER,SLIGHTLY_MOTILE,,
Nupela scissura,Species,Nupela,Nupela scissura,15,16,FALSE,,,,,,,benthic,benthic (many possible substrates),VERY SMALL,,,,,NON_N_FIXER,SLIGHTLY_MOTILE,,
Nupela sp. 1 Idaho SEH,Species/Dataset,Nupela,Nupela sp. 1 Idaho SEH,93,270,FALSE,,,,,,,,,,,,,,,,,
Nupela sp. 1 NE Lakes,Species/Dataset,Nupela,Nupela sp. 1 NE Lakes,6,6,FALSE,,,,,,,benthic,benthic (many possible substrates),VERY SMALL,,,,,NON_N_FIXER,SLIGHTLY_MOTILE,,
Nupela sp. 2 NE Lakes,Species/Dataset,Nupela,Nupela sp. 2 NE Lakes,2,5,FALSE,,,,,,,benthic,benthic (many possible substrates),VERY SMALL,,,,,NON_N_FIXER,SLIGHTLY_MOTILE,,
Nupela sp. 2 VTEC Lakes,Species/Dataset,Nupela,Nupela sp. 2 VTEC Lakes,1,2,FALSE,,,,,,,,,,,,,,,,,
Nupela sp. 3 NE Lakes,Species/Dataset,Nupela,Nupela sp. 3 NE Lakes,5,7,FALSE,,,,,,,benthic,benthic (many possible substrates),VERY SMALL,,,,,NON_N_FIXER,SLIGHTLY_MOTILE,,
Nupela sp. 3 VTEC Lakes,Species/Dataset,Nupela,Nupela sp. 3 VTEC Lakes,1,4,FALSE,,,,,,,,,,,,,,,,,
Nupela sp. 4 NAWQA EAM,Species/Dataset,Nupela,Nupela sp. 4 NAWQA EAM,2,3,FALSE,,,,,,,,,,,,,,,,,
Nupela sp. 4 NE Lakes,Species/Dataset,Nupela,Nupela sp. 4 NE Lakes,1,1,FALSE,,,,,,,,,,,,,,,,,
Nupela sp. 5 NE Lakes,Species/Dataset,Nupela,Nupela sp. 5 NE Lakes,9,84,FALSE,,,,,,,benthic,benthic (many possible substrates),VERY SMALL,,,,,NON_N_FIXER,SLIGHTLY_MOTILE,,
Nupela subrostrata,Species,Nupela,Nupela subrostrata,17,17,FALSE,,,,,,,benthic,benthic (many possible substrates),VERY SMALL,,,,,NON_N_FIXER,SLIGHTLY_MOTILE,,
Nupela tenuicephala,Species,Nupela,Nupela tenuicephala,132,1779,FALSE,3,,III,low,acid,TRUE,benthic,benthic (many possible substrates),VERY SMALL,,,,,NON_N_FIXER,SLIGHTLY_MOTILE,,
Nupela vitiosa,Species,Nupela,Nupela vitiosa,674,1265,FALSE,4,4_better,IV_better,,neutral,,benthic,benthic (many possible substrates),VERY SMALL,,,,,NON_N_FIXER,SLIGHTLY_MOTILE,,
Nupela wellneri,Species,Nupela,Nupela wellneri,74,80,FALSE,4,4_better,IV_better,,neutral,,benthic,benthic (many possible substrates),VERY SMALL,,,,,NON_N_FIXER,MODERATELY_MOTILE,,
Odontidium hyemale,Species,Odontidium,Odontidium hyemale,1,2,FALSE,,,,,,,"benthic,planktonic",planktonic and benthic,SMALL,,,,,NON_N_FIXER,NON_MOTILE,ARAPHID,
Odontidium mesodon,Species,Odontidium,Odontidium mesodon,81,58,FALSE,4,4_better,IV_better,,alkali,,"benthic,planktonic",planktonic and benthic,SMALL,meso,TROPHIC_3,LOW_P,LOW_N,NON_N_FIXER,NON_MOTILE,ARAPHID,ADNATE
Odontidium sp. 1 NE Lakes,Species/Dataset,Odontidium,Odontidium sp. 1 NE Lakes,1,2,FALSE,,,,,,,"benthic,planktonic",planktonic and benthic,,,,,,,,,
Opephora,Genera,Opephora,,12,15,FALSE,,,,,,,benthic,benthic (many possible substrates),VERY SMALL,,,,,NON_N_FIXER,NON_MOTILE,ARAPHID,
Opephora mutabilis,Species,Opephora,Opephora mutabilis,6,12,FALSE,,,,,,,benthic,benthic (many possible substrates),VERY SMALL,,,,,NON_N_FIXER,NON_MOTILE,ARAPHID,
Opephora olsenii,Species,Opephora,Opephora olsenii,51,101,FALSE,,,,,,,benthic,benthic (many possible substrates),VERY SMALL,,,,,NON_N_FIXER,NON_MOTILE,ARAPHID,
Opephora sp. 1 PIRLA,Species/Dataset,Opephora,Opephora sp. 1 PIRLA,1,1,FALSE,,,,,,,,,,,,,,,,,
Orthoseira roeseana,Species,Orthoseira,Orthoseira roeseana,2,8,FALSE,,,,,,,,,,,,,,,,,
Orthoseira sp. 1 NE Lakes,Species/Dataset,Orthoseira,Orthoseira sp. 1 NE Lakes,3,4,FALSE,,,,,,,planktonic,planktonic,BIG,,,,,NON_N_FIXER,NON_MOTILE,,
Oxyneis binalis,Species,Oxyneis,Oxyneis binalis,96,368,FALSE,3,,III,low,acid,,"benthic,planktonic",planktonic and benthic,VERY SMALL,,,,,NON_N_FIXER,NON_MOTILE,ARAPHID,
Oxyneis binalis var. elliptica,Variety,Oxyneis,Oxyneis binalis,10,36,FALSE,,,,,,,"benthic,planktonic",planktonic and benthic,VERY SMALL,,,,,NON_N_FIXER,NON_MOTILE,ARAPHID,
Paralia sulcata,Species,Paralia,Paralia sulcata,3,1,FALSE,,,,,,,,,,,,,,,,,
Paraplaconeis minor,Species,Paraplaconeis,Paraplaconeis minor,2,3,FALSE,,,,,,,benthic,benthic (many possible substrates),,,,,,,,,
Paraplaconeis placentula,Species,Paraplaconeis,Paraplaconeis placentula,8,3,FALSE,,,,,,,benthic,benthic (many possible substrates),MEDIUM,eutra,TROPHIC_5,,,NON_N_FIXER,MODERATELY_MOTILE,HIGHLY_MOTILE.1,
Peronia fibula,Species,Peronia,Peronia fibula,42,35,FALSE,,,,,,,benthic,benthic (many possible substrates),VERY SMALL,oligo-meso,TROPHIC_2,,,NON_N_FIXER,WEAKLY_MOTILE,,ADNATE
Peronia heribaudi,Species,Peronia,Peronia heribaudi,47,97,FALSE,,,,,,,benthic,benthic (many possible substrates),,,,,,,,,
Pinnularia,Genera,Pinnularia,,507,557,FALSE,4,4_middle,IV_middle,,acid,,benthic,benthic (many possible substrates),,,,,,NON_N_FIXER,MODERATELY_MOTILE,HIGHLY_MOTILE.1,
Pinnularia abaujensis,Species,Pinnularia,Pinnularia abaujensis,282,113,FALSE,3,,III,low,acid,,benthic,benthic (many possible substrates),MEDIUM,,,,,NON_N_FIXER,MODERATELY_MOTILE,HIGHLY_MOTILE.1,
Pinnularia abaujensis var. 1 MAINE,Variety/Dataset,Pinnularia,Pinnularia abaujensis,1,17,FALSE,,,,,,,,,,,,,,,,,
Pinnularia abaujensis var. 2 PIRLA,Variety/Dataset,Pinnularia,Pinnularia abaujensis,124,532,FALSE,,,,,,,,,,,,,,,,,
Pinnularia abaujensis var. lacustris,Variety,Pinnularia,Pinnularia abaujensis,111,1415,FALSE,3,,III,low,acid,,benthic,benthic (many possible substrates),MEDIUM,,,,,NON_N_FIXER,MODERATELY_MOTILE,HIGHLY_MOTILE.1,
Pinnularia abaujensis var. subundulata,Variety,Pinnularia,Pinnularia abaujensis,42,15,FALSE,,,,,,,benthic,benthic (many possible substrates),MEDIUM,,,,,NON_N_FIXER,MODERATELY_MOTILE,HIGHLY_MOTILE.1,
Pinnularia acidophila,Species,Pinnularia,Pinnularia acidophila,4,2,FALSE,,,,,,,benthic,benthic (many possible substrates),,,,,,NON_N_FIXER,MODERATELY_MOTILE,HIGHLY_MOTILE.1,
Pinnularia acoricola,Species,Pinnularia,Pinnularia acoricola,6,7,FALSE,,,,,,,,,,,,,,,,,
Pinnularia acrosphaeria,Species,Pinnularia,Pinnularia acrosphaeria,22,7,FALSE,,,,,,,benthic,benthic (many possible substrates),BIG,oligo-meso,TROPHIC_2,,,NON_N_FIXER,MODERATELY_MOTILE,HIGHLY_MOTILE.1,
Pinnularia acuminata,Species,Pinnularia,Pinnularia acuminata,5,1,FALSE,,,,,,,benthic,benthic (many possible substrates),,,,,,NON_N_FIXER,MODERATELY_MOTILE,HIGHLY_MOTILE.1,
Pinnularia acuminata var. interrupta,Variety,Pinnularia,Pinnularia acuminata,4,7,FALSE,,,,,,,benthic,benthic (many possible substrates),,,,,,NON_N_FIXER,MODERATELY_MOTILE,HIGHLY_MOTILE.1,
Pinnularia angusta,Species,Pinnularia,Pinnularia angusta,12,6,FALSE,,,,,,,benthic,benthic (many possible substrates),,,,,,NON_N_FIXER,MODERATELY_MOTILE,HIGHLY_MOTILE.1,
Pinnularia appendiculata,Species,Pinnularia,Pinnularia appendiculata,1,1,FALSE,,,,,,,benthic,benthic (many possible substrates),,oligo-meso,TROPHIC_2,,,NON_N_FIXER,MODERATELY_MOTILE,HIGHLY_MOTILE.1,
Pinnularia bacilliformis,Species,Pinnularia,Pinnularia bacilliformis,6,10,FALSE,,,,,,,benthic,benthic (many possible substrates),,,,,,NON_N_FIXER,MODERATELY_MOTILE,HIGHLY_MOTILE.1,
Pinnularia biceps,Species,Pinnularia,Pinnularia biceps,279,995,FALSE,3,,III,low,acid,,benthic,benthic (many possible substrates),SMALL,,,,,NON_N_FIXER,MODERATELY_MOTILE,HIGHLY_MOTILE.1,
Pinnularia biceps f. petersenii,Variety,Pinnularia,Pinnularia biceps,39,41,FALSE,,,,,,,benthic,benthic (many possible substrates),SMALL,,,,,NON_N_FIXER,MODERATELY_MOTILE,HIGHLY_MOTILE.1,
Pinnularia biceps var. pusilla,Variety,Pinnularia,Pinnularia biceps,131,1366,FALSE,3,,III,low,acid,,benthic,benthic (many possible substrates),,,,,,NON_N_FIXER,MODERATELY_MOTILE,HIGHLY_MOTILE.1,
Pinnularia bihastata,Species,Pinnularia,Pinnularia bihastata,1,1,FALSE,,,,,,,benthic,benthic (many possible substrates),,,,,,NON_N_FIXER,MODERATELY_MOTILE,HIGHLY_MOTILE.1,
Pinnularia borealis,Species,Pinnularia,Pinnularia borealis,47,21,FALSE,,,,,,,benthic,benthic (many possible substrates),MEDIUM,,,,,NON_N_FIXER,MODERATELY_MOTILE,HIGHLY_MOTILE.1,
Pinnularia borealis var. 1 PIRLA,Variety/Dataset,Pinnularia,Pinnularia borealis,2,1,FALSE,,,,,,,,,,,,,,,,,
Pinnularia borealis var. 2 PIRLA,Variety/Dataset,Pinnularia,Pinnularia borealis,1,2,FALSE,,,,,,,,,,,,,,,,,
Pinnularia borealis var. rectangularis,Variety,Pinnularia,Pinnularia borealis,1,1,FALSE,,,,,,,benthic,benthic (many possible substrates),MEDIUM,,,,,NON_N_FIXER,MODERATELY_MOTILE,HIGHLY_MOTILE.1,
Pinnularia brandelii,Species,Pinnularia,Pinnularia brandelii,1,1,FALSE,,,,,,,,,,,,,,,,,
Pinnularia brauniana,Species,Pinnularia,Pinnularia brauniana,302,715,FALSE,4,4_better,IV_better,,acid,,benthic,benthic (many possible substrates),,,,,,NON_N_FIXER,MODERATELY_MOTILE,HIGHLY_MOTILE.1,
Pinnularia braunii var. amphicephala,Variety,Pinnularia,Pinnularia braunii,16,19,FALSE,,,,,,,benthic,benthic (many possible substrates),,oligo,TROPHIC_1,,,NON_N_FIXER,MODERATELY_MOTILE,HIGHLY_MOTILE.1,
Pinnularia braunii var. amphicephala subconica,Variety,Pinnularia,Pinnularia braunii,2,1,FALSE,,,,,,,benthic,benthic (many possible substrates),BIG,oligo,TROPHIC_1,,,NON_N_FIXER,MODERATELY_MOTILE,HIGHLY_MOTILE.1,
Pinnularia braunii var. marginata,Variety,Pinnularia,Pinnularia braunii,1,3,FALSE,,,,,,,benthic,benthic (many possible substrates),BIG,oligo,TROPHIC_1,,,NON_N_FIXER,MODERATELY_MOTILE,HIGHLY_MOTILE.1,
Pinnularia brebissonii,Species,Pinnularia,Pinnularia brebissonii,28,19,FALSE,,,,,,,benthic,benthic (many possible substrates),MEDIUM,,,,,NON_N_FIXER,MODERATELY_MOTILE,HIGHLY_MOTILE.1,
Pinnularia brevicostata,Species,Pinnularia,Pinnularia brevicostata,8,3,FALSE,,,,,,,benthic,benthic (many possible substrates),,oligo,TROPHIC_1,,,NON_N_FIXER,MODERATELY_MOTILE,HIGHLY_MOTILE.1,
Pinnularia brevicostata var. 1 PIRLA,Variety/Dataset,Pinnularia,Pinnularia brevicostata,3,3,FALSE,,,,,,,,,,,,,,,,,
Pinnularia cardinaliculus,Species,Pinnularia,Pinnularia cardinaliculus,1,1,FALSE,,,,,,,benthic,benthic (many possible substrates),,,,,,NON_N_FIXER,MODERATELY_MOTILE,HIGHLY_MOTILE.1,
Pinnularia caudata,Species,Pinnularia,Pinnularia caudata,23,13,FALSE,,,,,,,benthic,benthic (many possible substrates),,,,,,NON_N_FIXER,MODERATELY_MOTILE,HIGHLY_MOTILE.1,
Pinnularia cf. pseudomicrostauron,Variety,Pinnularia,Pinnularia cf. pseudomicrostauron,1,3,FALSE,,,,,,,benthic,benthic (many possible substrates),,,,,,NON_N_FIXER,MODERATELY_MOTILE,HIGHLY_MOTILE.1,
Pinnularia cherryfieldiana,Species,Pinnularia,Pinnularia cherryfieldiana,1,1,FALSE,,,,,,,benthic,benthic (many possible substrates),,,,,,NON_N_FIXER,MODERATELY_MOTILE,HIGHLY_MOTILE.1,
Pinnularia cleveii,Species,Pinnularia,Pinnularia cleveii,3,1,FALSE,,,,,,,,,,,,,,,,,
Pinnularia cuneicephala,Species,Pinnularia,Pinnularia cuneicephala,3,3,FALSE,,,,,,,benthic,benthic (many possible substrates),,,,,,NON_N_FIXER,MODERATELY_MOTILE,HIGHLY_MOTILE.1,
Pinnularia decrescens,Species,Pinnularia,Pinnularia decrescens,4,3,FALSE,,,,,,,benthic,benthic (many possible substrates),,,,,,NON_N_FIXER,MODERATELY_MOTILE,HIGHLY_MOTILE.1,
Pinnularia divergens,Species,Pinnularia,Pinnularia divergens,54,104,FALSE,,,,,,,benthic,benthic (many possible substrates),MEDIUM,oligo,TROPHIC_1,,,NON_N_FIXER,HIGHLY_MOTILE,HIGHLY_MOTILE.1,
Pinnularia divergens var. elliptica,Variety,Pinnularia,Pinnularia divergens,1,1,FALSE,,,,,,,,,,,,,,,,,
Pinnularia divergentissima,Species,Pinnularia,Pinnularia divergentissima,55,15,FALSE,,,,,,,benthic,benthic (many possible substrates),,oligo,TROPHIC_1,,,NON_N_FIXER,MODERATELY_MOTILE,HIGHLY_MOTILE.1,
Pinnularia dornii,Species,Pinnularia,Pinnularia dornii,2,1,FALSE,,,,,,,benthic,benthic (many possible substrates),,,,,,NON_N_FIXER,MODERATELY_MOTILE,HIGHLY_MOTILE.1,
Pinnularia flexuosa,Species,Pinnularia,Pinnularia flexuosa,2,8,FALSE,,,,,,,,,,,,,,,,,
Pinnularia formica,Species,Pinnularia,Pinnularia formica,20,15,FALSE,,,,,,,benthic,benthic (many possible substrates),,,,,,NON_N_FIXER,HIGHLY_MOTILE,HIGHLY_MOTILE.1,
Pinnularia gentilis,Species,Pinnularia,Pinnularia gentilis,1,2,FALSE,,,,,,,benthic,benthic (many possible substrates),,,,,,NON_N_FIXER,MODERATELY_MOTILE,HIGHLY_MOTILE.1,
Pinnularia gibba,Species,Pinnularia,Pinnularia gibba,153,87,FALSE,4,4_middle,IV_middle,,acid,,benthic,benthic (many possible substrates),,indiff,TROPHIC_7,,,NON_N_FIXER,MODERATELY_MOTILE,HIGHLY_MOTILE.1,
Pinnularia gibba var. linearis,Variety,Pinnularia,Pinnularia gibba,20,111,FALSE,,,,,,,benthic,benthic (many possible substrates),,oligo,TROPHIC_1,,,NON_N_FIXER,MODERATELY_MOTILE,HIGHLY_MOTILE.1,
Pinnularia gibba var. rostrata,Variety,Pinnularia,Pinnularia gibba,82,49,FALSE,4,4_better,IV_better,,acid,,benthic,benthic (many possible substrates),,indiff,TROPHIC_7,,,NON_N_FIXER,MODERATELY_MOTILE,HIGHLY_MOTILE.1,
Pinnularia gibbiformis,Species,Pinnularia,Pinnularia gibbiformis,22,57,FALSE,,,,,,,benthic,benthic (many possible substrates),,,,,,NON_N_FIXER,MODERATELY_MOTILE,HIGHLY_MOTILE.1,
Pinnularia hemiptera,Species,Pinnularia,Pinnularia hemiptera,12,17,FALSE,,,,,,,benthic,benthic (many possible substrates),,oligo,TROPHIC_1,,,NON_N_FIXER,MODERATELY_MOTILE,HIGHLY_MOTILE.1,
Pinnularia hemiptera var. bielawskii,Variety,Pinnularia,Pinnularia hemiptera,4,3,FALSE,,,,,,,benthic,benthic (many possible substrates),,oligo,TROPHIC_1,,,NON_N_FIXER,MODERATELY_MOTILE,HIGHLY_MOTILE.1,
Pinnularia hilseana,Species,Pinnularia,Pinnularia hilseana,31,47,FALSE,,,,,,,benthic,benthic (many possible substrates),,,,,,NON_N_FIXER,MODERATELY_MOTILE,HIGHLY_MOTILE.1,
Pinnularia ignobilis,Species,Pinnularia,Pinnularia ignobilis,1,2,FALSE,,,,,,,benthic,benthic (many possible substrates),VERY_BIG,,,,,NON_N_FIXER,MODERATELY_MOTILE,HIGHLY_MOTILE.1,
Pinnularia inconstans,Species,Pinnularia,Pinnularia inconstans,9,9,FALSE,,,,,,,benthic,benthic (many possible substrates),,,,,,NON_N_FIXER,MODERATELY_MOTILE,HIGHLY_MOTILE.1,
Pinnularia inflata,Species,Pinnularia,Pinnularia inflata,1,7,FALSE,,,,,,,benthic,benthic (many possible substrates),,,,,,NON_N_FIXER,MODERATELY_MOTILE,HIGHLY_MOTILE.1,
Pinnularia intermedia,Species,Pinnularia,Pinnularia intermedia,1,1,FALSE,,,,,,,benthic,benthic (many possible substrates),,indiff,TROPHIC_7,,,NON_N_FIXER,MODERATELY_MOTILE,HIGHLY_MOTILE.1,
Pinnularia interrupta,Species,Pinnularia,Pinnularia interrupta,47,118,FALSE,,,,,,,benthic,benthic (many possible substrates),,oligo-meso,TROPHIC_2,,,NON_N_FIXER,MODERATELY_MOTILE,HIGHLY_MOTILE.1,
Pinnularia kwacksii,Species,Pinnularia,Pinnularia kwacksii,46,33,FALSE,,,,,,,benthic,benthic (many possible substrates),,,,,,NON_N_FIXER,MODERATELY_MOTILE,HIGHLY_MOTILE.1,
Pinnularia lange-bertalotii,Species,Pinnularia,Pinnularia lange-bertalotii,1,1,FALSE,,,,,,,benthic,benthic (many possible substrates),,,,,,NON_N_FIXER,MODERATELY_MOTILE,HIGHLY_MOTILE.1,
Pinnularia lata,Species,Pinnularia,Pinnularia lata,2,3,FALSE,,,,,,,,,,,,,,,,,
Pinnularia latarea,Species,Pinnularia,Pinnularia latarea,1,1,FALSE,,,,,,,benthic,benthic (many possible substrates),,,,,,NON_N_FIXER,MODERATELY_MOTILE,HIGHLY_MOTILE.1,
Pinnularia latevittata,Species,Pinnularia,Pinnularia latevittata,2,10,FALSE,,,,,,,benthic,benthic (many possible substrates),,,,,,NON_N_FIXER,MODERATELY_MOTILE,HIGHLY_MOTILE.1,
Pinnularia latevittata var. domingensis,Variety,Pinnularia,Pinnularia latevittata,3,3,FALSE,,,,,,,benthic,benthic (many possible substrates),,,,,,NON_N_FIXER,MODERATELY_MOTILE,HIGHLY_MOTILE.1,
Pinnularia legumen,Species,Pinnularia,Pinnularia legumen,24,12,FALSE,,,,,,,benthic,benthic (many possible substrates),,oligo,TROPHIC_1,,,NON_N_FIXER,MODERATELY_MOTILE,HIGHLY_MOTILE.1,
Pinnularia lundii,Species,Pinnularia,Pinnularia lundii,4,13,FALSE,,,,,,,benthic,benthic (many possible substrates),,meso,TROPHIC_3,,,NON_N_FIXER,MODERATELY_MOTILE,HIGHLY_MOTILE.1,
Pinnularia maior,Species,Pinnularia,Pinnularia maior,88,89,FALSE,4,4_middle,IV_middle,,acid,,benthic,benthic (many possible substrates),VERY_BIG,meso-eutra,TROPHIC_4,,,NON_N_FIXER,MODERATELY_MOTILE,HIGHLY_MOTILE.1,
Pinnularia major,Species,Pinnularia,Pinnularia major,2,8,FALSE,,,,,,,benthic,benthic (many possible substrates),,,,,,NON_N_FIXER,MODERATELY_MOTILE,HIGHLY_MOTILE.1,
Pinnularia mesogongyla,Species,Pinnularia,Pinnularia mesogongyla,8,6,FALSE,,,,,,,benthic,benthic (many possible substrates),,,,,,NON_N_FIXER,MODERATELY_MOTILE,HIGHLY_MOTILE.1,
Pinnularia mesolepta,Species,Pinnularia,Pinnularia mesolepta,80,81,FALSE,4,4_better,IV_better,,acid,,benthic,benthic (many possible substrates),,meso-eutra,TROPHIC_4,,,NON_N_FIXER,MODERATELY_MOTILE,HIGHLY_MOTILE.1,
Pinnularia mesolepta var. 1 PIRLA,Variety/Dataset,Pinnularia,Pinnularia mesolepta,7,10,FALSE,,,,,,,,,,,,,,,,,
Pinnularia microstauron,Species,Pinnularia,Pinnularia microstauron,238,188,FALSE,4,4_better,IV_better,,acid,,benthic,benthic (many possible substrates),BIG,indiff,TROPHIC_7,,,NON_N_FIXER,MODERATELY_MOTILE,HIGHLY_MOTILE.1,
Pinnularia microstauron var. adirondackensis,Variety,Pinnularia,Pinnularia microstauron,75,100,FALSE,3,,III,low,acid,,benthic,benthic (many possible substrates),BIG,indiff,TROPHIC_7,,,NON_N_FIXER,MODERATELY_MOTILE,HIGHLY_MOTILE.1,
Pinnularia microstauron var. lunicus,Variety,Pinnularia,Pinnularia microstauron,26,47,FALSE,,,,,,,benthic,benthic (many possible substrates),BIG,indiff,TROPHIC_7,,,NON_N_FIXER,MODERATELY_MOTILE,HIGHLY_MOTILE.1,
Pinnularia mormonorum,Species,Pinnularia,Pinnularia mormonorum,2,3,FALSE,,,,,,,benthic,benthic (many possible substrates),,,,,,NON_N_FIXER,MODERATELY_MOTILE,HIGHLY_MOTILE.1,
Pinnularia neomajor var. frequentis,Variety,Pinnularia,Pinnularia neomajor,2,17,FALSE,,,,,,,,,,,,,,,,,
Pinnularia neomajor var. intermedia,Variety,Pinnularia,Pinnularia neomajor,1,1,FALSE,,,,,,,,,,,,,,,,,
Pinnularia nobilis,Species,Pinnularia,Pinnularia nobilis,11,24,FALSE,,,,,,,,,,,,,,,,,
Pinnularia nodosa,Species,Pinnularia,Pinnularia nodosa,114,26,FALSE,4,4_middle,IV_middle,,neutral,,benthic,benthic (many possible substrates),MEDIUM,oligo,TROPHIC_1,,,NON_N_FIXER,MODERATELY_MOTILE,HIGHLY_MOTILE.1,
Pinnularia nodosa var. constricta f. truncata,Variety,Pinnularia,Pinnularia nodosa,3,3,FALSE,,,,,,,,,,,,,,,,,
Pinnularia nodosa var. percapitata,Variety,Pinnularia,Pinnularia nodosa,37,21,FALSE,,,,,,,benthic,benthic (many possible substrates),MEDIUM,oligo,TROPHIC_1,,,NON_N_FIXER,MODERATELY_MOTILE,HIGHLY_MOTILE.1,
Pinnularia obscura,Species,Pinnularia,Pinnularia obscura,38,30,FALSE,,,,,,,benthic,benthic (many possible substrates),MEDIUM,,,,,NON_N_FIXER,MODERATELY_MOTILE,HIGHLY_MOTILE.1,
Pinnularia oculus,Species,Pinnularia,Pinnularia oculus,1,2,FALSE,,,,,,,benthic,benthic (many possible substrates),,,,,,NON_N_FIXER,MODERATELY_MOTILE,HIGHLY_MOTILE.1,
Pinnularia permixtionis,Species,Pinnularia,Pinnularia permixtionis,1,1,FALSE,,,,,,,benthic,benthic (many possible substrates),,,,,,NON_N_FIXER,MODERATELY_MOTILE,HIGHLY_MOTILE.1,
Pinnularia pluvianiformis,Species,Pinnularia,Pinnularia pluvianiformis,7,6,FALSE,,,,,,,benthic,benthic (many possible substrates),,,,,,NON_N_FIXER,MODERATELY_MOTILE,HIGHLY_MOTILE.1,
Pinnularia pogoii,Species,Pinnularia,Pinnularia pogoii,80,209,FALSE,3,,III,low,acid,,benthic,benthic (many possible substrates),,,,,,NON_N_FIXER,MODERATELY_MOTILE,HIGHLY_MOTILE.1,
Pinnularia polyonca,Species,Pinnularia,Pinnularia polyonca,70,18,FALSE,4,4_better,IV_better,,acid,,benthic,benthic (many possible substrates),MEDIUM,oligo,TROPHIC_1,,,NON_N_FIXER,MODERATELY_MOTILE,HIGHLY_MOTILE.1,
Pinnularia polyonca var. stidolphii,Variety,Pinnularia,Pinnularia polyonca,1,9,FALSE,,,,,,,,,,,,,,,,,
Pinnularia pseudomicrostauron,Species,Pinnularia,Pinnularia pseudomicrostauron,1,1,FALSE,,,,,,,benthic,benthic (many possible substrates),,,,,,NON_N_FIXER,MODERATELY_MOTILE,HIGHLY_MOTILE.1,
Pinnularia pulchella,Species,Pinnularia,Pinnularia pulchella,2,15,FALSE,,,,,,,benthic,benthic (many possible substrates),,,,,,NON_N_FIXER,MODERATELY_MOTILE,HIGHLY_MOTILE.1,
Pinnularia pulchella var. canadensis,Variety,Pinnularia,Pinnularia pulchella,1,1,FALSE,,,,,,,benthic,benthic (many possible substrates),,,,,,NON_N_FIXER,MODERATELY_MOTILE,HIGHLY_MOTILE.1,
Pinnularia pulchra,Species,Pinnularia,Pinnularia pulchra,1,1,FALSE,,,,,,,benthic,benthic (many possible substrates),,,,,,,,,
Pinnularia pulchra var. angusta,Variety,Pinnularia,Pinnularia pulchra,2,3,FALSE,,,,,,,benthic,benthic (many possible substrates),,oligo,TROPHIC_1,,,NON_N_FIXER,MODERATELY_MOTILE,HIGHLY_MOTILE.1,
Pinnularia renata,Species,Pinnularia,Pinnularia renata,69,106,FALSE,4,4_better,IV_better,,acid,,benthic,benthic (many possible substrates),,,,,,NON_N_FIXER,MODERATELY_MOTILE,HIGHLY_MOTILE.1,
Pinnularia rupestris,Species,Pinnularia,Pinnularia rupestris,28,26,FALSE,,,,,,,benthic,benthic (many possible substrates),,oligo,TROPHIC_1,,,NON_N_FIXER,MODERATELY_MOTILE,HIGHLY_MOTILE.1,
Pinnularia ruttneri,Species,Pinnularia,Pinnularia ruttneri,3,6,FALSE,,,,,,,benthic,benthic (many possible substrates),,,,,,NON_N_FIXER,MODERATELY_MOTILE,HIGHLY_MOTILE.1,
Pinnularia saprophila,Species,Pinnularia,Pinnularia saprophila,3,7,FALSE,,,,,,,,,,,,,,,,,
Pinnularia schoenfelderi,Species,Pinnularia,Pinnularia schoenfelderi,15,3,FALSE,,,,,,,benthic,benthic (many possible substrates),MEDIUM,,,,,NON_N_FIXER,MODERATELY_MOTILE,HIGHLY_MOTILE.1,
Pinnularia scotica,Species,Pinnularia,Pinnularia scotica,5,3,FALSE,,,,,,,benthic,benthic (many possible substrates),,,,,,NON_N_FIXER,MODERATELY_MOTILE,HIGHLY_MOTILE.1,
Pinnularia septentrionalis,Species,Pinnularia,Pinnularia septentrionalis,7,21,FALSE,,,,,,,benthic,benthic (many possible substrates),MEDIUM,,,,,NON_N_FIXER,MODERATELY_MOTILE,HIGHLY_MOTILE.1,
Pinnularia silvatica,Species,Pinnularia,Pinnularia silvatica,4,1,FALSE,,,,,,,benthic,benthic (many possible substrates),,,,,,NON_N_FIXER,MODERATELY_MOTILE,HIGHLY_MOTILE.1,
Pinnularia sinistra,Species,Pinnularia,Pinnularia sinistra,3,13,FALSE,,,,,,,benthic,benthic (many possible substrates),MEDIUM,,,,,NON_N_FIXER,MODERATELY_MOTILE,HIGHLY_MOTILE.1,
Pinnularia sp. 1 NE Lakes,Species/Dataset,Pinnularia,Pinnularia sp. 1 NE Lakes,1,2,FALSE,,,,,,,benthic,benthic (many possible substrates),,,,,,NON_N_FIXER,MODERATELY_MOTILE,HIGHLY_MOTILE.1,
Pinnularia sp. 1 PIRLA,Species/Dataset,Pinnularia,Pinnularia sp. 1 PIRLA,1,1,FALSE,,,,,,,,,,,,,,,,,
Pinnularia sp. 1 VTEC Lakes,Species/Dataset,Pinnularia,Pinnularia sp. 1 VTEC Lakes,1,1,FALSE,,,,,,,,,,,,,,,,,
Pinnularia sp. 10 NE Lakes,Species/Dataset,Pinnularia,Pinnularia sp. 10 NE Lakes,6,9,FALSE,,,,,,,benthic,benthic (many possible substrates),,,,,,NON_N_FIXER,MODERATELY_MOTILE,HIGHLY_MOTILE.1,
Pinnularia sp. 11 NE Lakes,Species/Dataset,Pinnularia,Pinnularia sp. 11 NE Lakes,1,2,FALSE,,,,,,,benthic,benthic (many possible substrates),,,,,,NON_N_FIXER,MODERATELY_MOTILE,HIGHLY_MOTILE.1,
Pinnularia sp. 11 PIRLA,Species/Dataset,Pinnularia,Pinnularia sp. 11 PIRLA,107,236,FALSE,,,,,,,,,,,,,,,,,
Pinnularia sp. 12 PIRLA,Species/Dataset,Pinnularia,Pinnularia sp. 12 PIRLA,1,2,FALSE,,,,,,,,,,,,,,,,,
Pinnularia sp. 13 NE Lakes,Species/Dataset,Pinnularia,Pinnularia sp. 13 NE Lakes,1,2,FALSE,,,,,,,benthic,benthic (many possible substrates),,,,,,NON_N_FIXER,MODERATELY_MOTILE,HIGHLY_MOTILE.1,
Pinnularia sp. 13 PIRLA,Species/Dataset,Pinnularia,Pinnularia sp. 13 PIRLA,3,12,FALSE,,,,,,,,,,,,,,,,,
Pinnularia sp. 14 PIRLA,Species/Dataset,Pinnularia,Pinnularia sp. 14 PIRLA,15,17,FALSE,,,,,,,,,,,,,,,,,
Pinnularia sp. 19 NE Lakes,Species/Dataset,Pinnularia,Pinnularia sp. 19 NE Lakes,2,1,FALSE,,,,,,,benthic,benthic (many possible substrates),,,,,,NON_N_FIXER,MODERATELY_MOTILE,HIGHLY_MOTILE.1,
Pinnularia sp. 2 (stauroptera type) JFord-ConeP,Species/Dataset,Pinnularia,Pinnularia sp. 2 (stauroptera type) JFord-ConeP,3,76,FALSE,,,,,,,,,,,,,,,,,
Pinnularia sp. 2 VTEC Lakes,Species/Dataset,Pinnularia,Pinnularia sp. 2 VTEC Lakes,3,6,FALSE,,,,,,,,,,,,,,,,,
Pinnularia sp. 21 NE Lakes,Species/Dataset,Pinnularia,Pinnularia sp. 21 NE Lakes,1,1,FALSE,,,,,,,benthic,benthic (many possible substrates),,,,,,NON_N_FIXER,MODERATELY_MOTILE,HIGHLY_MOTILE.1,
Pinnularia sp. 22 NE Lakes,Species/Dataset,Pinnularia,Pinnularia sp. 22 NE Lakes,1,1,FALSE,,,,,,,benthic,benthic (many possible substrates),,,,,,NON_N_FIXER,MODERATELY_MOTILE,HIGHLY_MOTILE.1,
Pinnularia sp. 23 NE Lakes,Species/Dataset,Pinnularia,Pinnularia sp. 23 NE Lakes,17,10,FALSE,,,,,,,benthic,benthic (many possible substrates),,,,,,NON_N_FIXER,MODERATELY_MOTILE,HIGHLY_MOTILE.1,
Pinnularia sp. 24 NE Lakes,Species/Dataset,Pinnularia,Pinnularia sp. 24 NE Lakes,1,1,FALSE,,,,,,,benthic,benthic (many possible substrates),,,,,,NON_N_FIXER,MODERATELY_MOTILE,HIGHLY_MOTILE.1,
Pinnularia sp. 25 NE Lakes,Species/Dataset,Pinnularia,Pinnularia sp. 25 NE Lakes,4,1,FALSE,,,,,,,benthic,benthic (many possible substrates),,,,,,NON_N_FIXER,MODERATELY_MOTILE,HIGHLY_MOTILE.1,
Pinnularia sp. 26 NE Lakes,Species/Dataset,Pinnularia,Pinnularia sp. 26 NE Lakes,3,3,FALSE,,,,,,,benthic,benthic (many possible substrates),,,,,,NON_N_FIXER,MODERATELY_MOTILE,HIGHLY_MOTILE.1,
Pinnularia sp. 27 NE Lakes,Species/Dataset,Pinnularia,Pinnularia sp. 27 NE Lakes,1,1,FALSE,,,,,,,benthic,benthic (many possible substrates),,,,,,NON_N_FIXER,MODERATELY_MOTILE,HIGHLY_MOTILE.1,
Pinnularia sp. 28 NE Lakes,Species/Dataset,Pinnularia,Pinnularia sp. 28 NE Lakes,2,1,FALSE,,,,,,,benthic,benthic (many possible substrates),,,,,,NON_N_FIXER,MODERATELY_MOTILE,HIGHLY_MOTILE.1,
Pinnularia sp. 29 NE Lakes,Species/Dataset,Pinnularia,Pinnularia sp. 29 NE Lakes,1,1,FALSE,,,,,,,benthic,benthic (many possible substrates),,,,,,NON_N_FIXER,MODERATELY_MOTILE,HIGHLY_MOTILE.1,
Pinnularia sp. 3 JFord-ConeP,Species/Dataset,Pinnularia,Pinnularia sp. 3 JFord-ConeP,1,24,FALSE,,,,,,,,,,,,,,,,,
Pinnularia sp. 3 PIRLA,Species/Dataset,Pinnularia,Pinnularia sp. 3 PIRLA,1,1,FALSE,,,,,,,,,,,,,,,,,
Pinnularia sp. 3 VTEC Lakes,Species/Dataset,Pinnularia,Pinnularia sp. 3 VTEC Lakes,1,2,FALSE,,,,,,,,,,,,,,,,,
Pinnularia sp. 30 NE Lakes,Species/Dataset,Pinnularia,Pinnularia sp. 30 NE Lakes,1,1,FALSE,,,,,,,benthic,benthic (many possible substrates),,,,,,NON_N_FIXER,MODERATELY_MOTILE,HIGHLY_MOTILE.1,
Pinnularia sp. 31 NE Lakes,Species/Dataset,Pinnularia,Pinnularia sp. 31 NE Lakes,1,1,FALSE,,,,,,,benthic,benthic (many possible substrates),,,,,,NON_N_FIXER,MODERATELY_MOTILE,HIGHLY_MOTILE.1,
Pinnularia sp. 32 NE Lakes,Species/Dataset,Pinnularia,Pinnularia sp. 32 NE Lakes,2,1,FALSE,,,,,,,benthic,benthic (many possible substrates),,,,,,NON_N_FIXER,MODERATELY_MOTILE,HIGHLY_MOTILE.1,
Pinnularia sp. 33 NE Lakes,Species/Dataset,Pinnularia,Pinnularia sp. 33 NE Lakes,3,5,FALSE,,,,,,,benthic,benthic (many possible substrates),,,,,,NON_N_FIXER,MODERATELY_MOTILE,HIGHLY_MOTILE.1,
Pinnularia sp. 35 NE Lakes,Species/Dataset,Pinnularia,Pinnularia sp. 35 NE Lakes,4,1,FALSE,,,,,,,benthic,benthic (many possible substrates),,,,,,NON_N_FIXER,MODERATELY_MOTILE,HIGHLY_MOTILE.1,
Pinnularia sp. 36 NE Lakes,Species/Dataset,Pinnularia,Pinnularia sp. 36 NE Lakes,1,1,FALSE,,,,,,,benthic,benthic (many possible substrates),,,,,,NON_N_FIXER,MODERATELY_MOTILE,HIGHLY_MOTILE.1,
Pinnularia sp. 37 NE Lakes,Species/Dataset,Pinnularia,Pinnularia sp. 37 NE Lakes,16,14,FALSE,,,,,,,benthic,benthic (many possible substrates),,,,,,NON_N_FIXER,MODERATELY_MOTILE,HIGHLY_MOTILE.1,
Pinnularia sp. 39 NE Lakes,Species/Dataset,Pinnularia,Pinnularia sp. 39 NE Lakes,4,4,FALSE,,,,,,,benthic,benthic (many possible substrates),,,,,,NON_N_FIXER,MODERATELY_MOTILE,HIGHLY_MOTILE.1,
Pinnularia sp. 4 VTEC Lakes,Species/Dataset,Pinnularia,Pinnularia sp. 4 VTEC Lakes,1,1,FALSE,,,,,,,,,,,,,,,,,
Pinnularia sp. 40 NE Lakes,Species/Dataset,Pinnularia,Pinnularia sp. 40 NE Lakes,25,21,FALSE,,,,,,,benthic,benthic (many possible substrates),,,,,,NON_N_FIXER,MODERATELY_MOTILE,HIGHLY_MOTILE.1,
Pinnularia sp. 41 NE Lakes,Species/Dataset,Pinnularia,Pinnularia sp. 41 NE Lakes,2,1,FALSE,,,,,,,benthic,benthic (many possible substrates),,,,,,NON_N_FIXER,MODERATELY_MOTILE,HIGHLY_MOTILE.1,
Pinnularia sp. 42 NE Lakes,Species/Dataset,Pinnularia,Pinnularia sp. 42 NE Lakes,18,14,FALSE,,,,,,,,,,,,,,,,,
Pinnularia sp. 46 NE Lakes,Species/Dataset,Pinnularia,Pinnularia sp. 46 NE Lakes,7,7,FALSE,,,,,,,benthic,benthic (many possible substrates),,,,,,NON_N_FIXER,MODERATELY_MOTILE,HIGHLY_MOTILE.1,
Pinnularia sp. 47 NE Lakes,Species/Dataset,Pinnularia,Pinnularia sp. 47 NE Lakes,9,10,FALSE,,,,,,,benthic,benthic (many possible substrates),,,,,,NON_N_FIXER,MODERATELY_MOTILE,HIGHLY_MOTILE.1,
Pinnularia sp. 48 NE Lakes,Species/Dataset,Pinnularia,Pinnularia sp. 48 NE Lakes,4,5,FALSE,,,,,,,benthic,benthic (many possible substrates),,,,,,NON_N_FIXER,MODERATELY_MOTILE,HIGHLY_MOTILE.1,
Pinnularia sp. 49 NE Lakes,Species/Dataset,Pinnularia,Pinnularia sp. 49 NE Lakes,4,4,FALSE,,,,,,,,,,,,,,,,,
Pinnularia sp. 5 NE Lakes,Species/Dataset,Pinnularia,Pinnularia sp. 5 NE Lakes,1,1,FALSE,,,,,,,benthic,benthic (many possible substrates),,,,,,NON_N_FIXER,MODERATELY_MOTILE,HIGHLY_MOTILE.1,
Pinnularia sp. 5 PIRLA,Species/Dataset,Pinnularia,Pinnularia sp. 5 PIRLA,5,6,FALSE,,,,,,,,,,,,,,,,,
Pinnularia sp. 5 VTEC Lakes,Species/Dataset,Pinnularia,Pinnularia sp. 5 VTEC Lakes,1,4,FALSE,,,,,,,,,,,,,,,,,
Pinnularia sp. 50 NE Lakes,Species/Dataset,Pinnularia,Pinnularia sp. 50 NE Lakes,6,4,FALSE,,,,,,,benthic,benthic (many possible substrates),,,,,,NON_N_FIXER,MODERATELY_MOTILE,HIGHLY_MOTILE.1,
Pinnularia sp. 51 NE Lakes,Species/Dataset,Pinnularia,Pinnularia sp. 51 NE Lakes,9,15,FALSE,,,,,,,benthic,benthic (many possible substrates),,,,,,NON_N_FIXER,MODERATELY_MOTILE,HIGHLY_MOTILE.1,
Pinnularia sp. 52 NE Lakes,Species/Dataset,Pinnularia,Pinnularia sp. 52 NE Lakes,1,1,FALSE,,,,,,,benthic,benthic (many possible substrates),,,,,,NON_N_FIXER,MODERATELY_MOTILE,HIGHLY_MOTILE.1,
Pinnularia sp. 53 NE Lakes,Species/Dataset,Pinnularia,Pinnularia sp. 53 NE Lakes,7,16,FALSE,,,,,,,benthic,benthic (many possible substrates),,,,,,NON_N_FIXER,MODERATELY_MOTILE,HIGHLY_MOTILE.1,
Pinnularia sp. 54 NE Lakes,Species/Dataset,Pinnularia,Pinnularia sp. 54 NE Lakes,4,6,FALSE,,,,,,,benthic,benthic (many possible substrates),,,,,,NON_N_FIXER,MODERATELY_MOTILE,HIGHLY_MOTILE.1,
Pinnularia sp. 55 NE Lakes,Species/Dataset,Pinnularia,Pinnularia sp. 55 NE Lakes,4,6,FALSE,,,,,,,benthic,benthic (many possible substrates),,,,,,NON_N_FIXER,MODERATELY_MOTILE,HIGHLY_MOTILE.1,
Pinnularia sp. 56 NE Lakes,Species/Dataset,Pinnularia,Pinnularia sp. 56 NE Lakes,7,6,FALSE,,,,,,,benthic,benthic (many possible substrates),,,,,,NON_N_FIXER,MODERATELY_MOTILE,HIGHLY_MOTILE.1,
Pinnularia sp. 6 NE Lakes,Species/Dataset,Pinnularia,Pinnularia sp. 6 NE Lakes,10,3,FALSE,,,,,,,benthic,benthic (many possible substrates),,,,,,NON_N_FIXER,MODERATELY_MOTILE,HIGHLY_MOTILE.1,
Pinnularia sp. 6 VTEC Lakes,Species/Dataset,Pinnularia,Pinnularia sp. 6 VTEC Lakes,1,4,FALSE,,,,,,,,,,,,,,,,,
Pinnularia sp. 60 NE Lakes,Species/Dataset,Pinnularia,Pinnularia sp. 60 NE Lakes,40,29,FALSE,4,4_better,IV_better,,acid,,benthic,benthic (many possible substrates),,,,,,NON_N_FIXER,MODERATELY_MOTILE,HIGHLY_MOTILE.1,
Pinnularia sp. 60 NE Lakes/P. sp. 61 NE Lakes,Species/Slash/Dataset,Pinnularia,Pinnularia sp. 60 NE Lakes/P. sp. 61 NE Lakes,2,1,FALSE,,,,,,,,,,,,,,,,,
Pinnularia sp. 61 NE Lakes,Species/Dataset,Pinnularia,Pinnularia sp. 61 NE Lakes,11,17,FALSE,,,,,,,benthic,benthic (many possible substrates),,,,,,NON_N_FIXER,MODERATELY_MOTILE,HIGHLY_MOTILE.1,
Pinnularia sp. 7 NE Lakes,Species/Dataset,Pinnularia,Pinnularia sp. 7 NE Lakes,15,12,FALSE,,,,,,,benthic,benthic (many possible substrates),,,,,,NON_N_FIXER,MODERATELY_MOTILE,HIGHLY_MOTILE.1,
Pinnularia sp. 7 VTEC Lakes,Species/Dataset,Pinnularia,Pinnularia sp. 7 VTEC Lakes,1,1,FALSE,,,,,,,,,,,,,,,,,
Pinnularia sp. 8 NE Lakes,Species/Dataset,Pinnularia,Pinnularia sp. 8 NE Lakes,15,33,FALSE,,,,,,,,,,,,,,,,,
Pinnularia sp. 8 PIRLA,Species/Dataset,Pinnularia,Pinnularia sp. 8 PIRLA,2,1,FALSE,,,,,,,,,,,,,,,,,
Pinnularia sp. 8 VTEC Lakes,Species/Dataset,Pinnularia,Pinnularia sp. 8 VTEC Lakes,2,1,FALSE,,,,,,,,,,,,,,,,,
Pinnularia sp. 9 NE Lakes,Species/Dataset,Pinnularia,Pinnularia sp. 9 NE Lakes,6,3,FALSE,,,,,,,benthic,benthic (many possible substrates),,,,,,NON_N_FIXER,MODERATELY_MOTILE,HIGHLY_MOTILE.1,
Pinnularia sp. 9 PIRLA,Species/Dataset,Pinnularia,Pinnularia sp. 9 PIRLA,31,24,FALSE,,,,,,,,,,,,,,,,,
Pinnularia sp. 9 VTEC Lakes,Species/Dataset,Pinnularia,Pinnularia sp. 9 VTEC Lakes,1,2,FALSE,,,,,,,,,,,,,,,,,
Pinnularia stauroptera,Species,Pinnularia,Pinnularia stauroptera,2,1,FALSE,,,,,,,benthic,benthic (many possible substrates),,,,,,NON_N_FIXER,MODERATELY_MOTILE,HIGHLY_MOTILE.1,
Pinnularia stauroptera var. clevei,Variety,Pinnularia,Pinnularia stauroptera,1,2,FALSE,,,,,,,benthic,benthic (many possible substrates),,,,,,NON_N_FIXER,MODERATELY_MOTILE,HIGHLY_MOTILE.1,
Pinnularia stauroptera var. longa,Variety,Pinnularia,Pinnularia stauroptera,1,2,FALSE,,,,,,,benthic,benthic (many possible substrates),,,,,,NON_N_FIXER,MODERATELY_MOTILE,HIGHLY_MOTILE.1,
Pinnularia stomatophora,Species,Pinnularia,Pinnularia stomatophora,1,1,FALSE,,,,,,,benthic,benthic (many possible substrates),,oligo,TROPHIC_1,,,NON_N_FIXER,MODERATELY_MOTILE,HIGHLY_MOTILE.1,
Pinnularia subanglica,Species,Pinnularia,Pinnularia subanglica,104,344,FALSE,3,,III,low,acid,,benthic,benthic (many possible substrates),,,,,,NON_N_FIXER,MODERATELY_MOTILE,HIGHLY_MOTILE.1,
Pinnularia subcapitata,Species,Pinnularia,Pinnularia subcapitata,294,370,FALSE,4,4_middle,IV_middle,,acid,,benthic,benthic (many possible substrates),VERY SMALL,oligo-meso,TROPHIC_2,,,NON_N_FIXER,MODERATELY_MOTILE,HIGHLY_MOTILE.1,
Pinnularia subcapitata var. paucistriata,Variety,Pinnularia,Pinnularia subcapitata,6,6,FALSE,,,,,,,benthic,benthic (many possible substrates),,,,,,NON_N_FIXER,MODERATELY_MOTILE,HIGHLY_MOTILE.1,
Pinnularia subfalaiseana,Species,Pinnularia,Pinnularia subfalaiseana,30,90,FALSE,,,,,,,benthic,benthic (many possible substrates),,,,,,NON_N_FIXER,MODERATELY_MOTILE,HIGHLY_MOTILE.1,
Pinnularia subgibba,Species,Pinnularia,Pinnularia subgibba,36,26,FALSE,4,4_better,IV_better,,acid,,benthic,benthic (many possible substrates),,,,,,NON_N_FIXER,MODERATELY_MOTILE,HIGHLY_MOTILE.1,
Pinnularia subgibba var. sublinearis,Variety,Pinnularia,Pinnularia subgibba,3,1,FALSE,,,,,,,benthic,benthic (many possible substrates),,,,,,NON_N_FIXER,MODERATELY_MOTILE,HIGHLY_MOTILE.1,
Pinnularia subgibba var. undulata,Variety,Pinnularia,Pinnularia subgibba,46,24,FALSE,,,,,,,benthic,benthic (many possible substrates),,,,,,NON_N_FIXER,MODERATELY_MOTILE,HIGHLY_MOTILE.1,
Pinnularia sublinearis,Species,Pinnularia,Pinnularia sublinearis,3,3,FALSE,,,,,,,benthic,benthic (many possible substrates),,,,,,NON_N_FIXER,MODERATELY_MOTILE,HIGHLY_MOTILE.1,
Pinnularia subrostrata,Species,Pinnularia,Pinnularia subrostrata,14,21,FALSE,,,,,,,benthic,benthic (many possible substrates),,,,,,NON_N_FIXER,MODERATELY_MOTILE,HIGHLY_MOTILE.1,
Pinnularia subrupestris,Species,Pinnularia,Pinnularia subrupestris,27,17,FALSE,,,,,,,benthic,benthic (many possible substrates),,oligo,TROPHIC_1,,,NON_N_FIXER,MODERATELY_MOTILE,HIGHLY_MOTILE.1,
Pinnularia subsolaris,Species,Pinnularia,Pinnularia subsolaris,2,1,FALSE,,,,,,,benthic,benthic (many possible substrates),,,,,,NON_N_FIXER,MODERATELY_MOTILE,HIGHLY_MOTILE.1,
Pinnularia subsolaris var. truncata,Variety,Pinnularia,Pinnularia subsolaris,2,3,FALSE,,,,,,,benthic,benthic (many possible substrates),,,,,,NON_N_FIXER,MODERATELY_MOTILE,HIGHLY_MOTILE.1,
Pinnularia substomatophora,Species,Pinnularia,Pinnularia substomatophora,9,13,FALSE,,,,,,,benthic,benthic (many possible substrates),,,,,,NON_N_FIXER,MODERATELY_MOTILE,HIGHLY_MOTILE.1,
Pinnularia substomatophora var. 1 PIRLA,Variety/Dataset,Pinnularia,Pinnularia substomatophora,15,12,FALSE,,,,,,,,,,,,,,,,,
Pinnularia sudetica,Species,Pinnularia,Pinnularia sudetica,7,3,FALSE,,,,,,,benthic,benthic (many possible substrates),,oligo-meso,TROPHIC_2,,,NON_N_FIXER,MODERATELY_MOTILE,HIGHLY_MOTILE.1,
Pinnularia termitina,Species,Pinnularia,Pinnularia termitina,16,12,FALSE,,,,,,,benthic,benthic (many possible substrates),,,,,,NON_N_FIXER,MODERATELY_MOTILE,HIGHLY_MOTILE.1,
Pinnularia tirolensis,Species,Pinnularia,Pinnularia tirolensis,25,48,FALSE,,,,,,,benthic,benthic (many possible substrates),,,,,,NON_N_FIXER,MODERATELY_MOTILE,HIGHLY_MOTILE.1,
Pinnularia transversa,Species,Pinnularia,Pinnularia transversa,2,3,FALSE,,,,,,,,,,,,,,,,,
Pinnularia turgidula,Species,Pinnularia,Pinnularia turgidula,32,3,FALSE,,,,,,,benthic,benthic (many possible substrates),,,,,,NON_N_FIXER,MODERATELY_MOTILE,HIGHLY_MOTILE.1,
Pinnularia turnerae,Species,Pinnularia,Pinnularia turnerae,8,9,FALSE,,,,,,,benthic,benthic (many possible substrates),,,,,,NON_N_FIXER,MODERATELY_MOTILE,HIGHLY_MOTILE.1,
Pinnularia undula,Species,Pinnularia,Pinnularia undula,6,10,FALSE,,,,,,,benthic,benthic (many possible substrates),,,,,,NON_N_FIXER,MODERATELY_MOTILE,HIGHLY_MOTILE.1,
Pinnularia viridiformis,Species,Pinnularia,Pinnularia viridiformis,25,23,FALSE,,,,,,,benthic,benthic (many possible substrates),,,,,,NON_N_FIXER,MODERATELY_MOTILE,HIGHLY_MOTILE.1,
Pinnularia viridiformis var. minor,Variety,Pinnularia,Pinnularia viridiformis,15,6,FALSE,,,,,,,benthic,benthic (many possible substrates),,,,,,NON_N_FIXER,MODERATELY_MOTILE,HIGHLY_MOTILE.1,
Pinnularia viridis,Species,Pinnularia,Pinnularia viridis,364,128,FALSE,4,4_middle,IV_middle,,acid,,benthic,benthic (many possible substrates),VERY_BIG,indiff,TROPHIC_7,,,NON_N_FIXER,HIGHLY_MOTILE,HIGHLY_MOTILE.1,
Pinnularia viridis var. minor,Variety,Pinnularia,Pinnularia viridis,5,7,FALSE,,,,,,,benthic,benthic (many possible substrates),VERY_BIG,indiff,TROPHIC_7,,,NON_N_FIXER,HIGHLY_MOTILE,HIGHLY_MOTILE.1,
Pinnularia wisconsinensis,Species,Pinnularia,Pinnularia wisconsinensis,8,28,FALSE,,,,,,,benthic,benthic (many possible substrates),,,,,,NON_N_FIXER,MODERATELY_MOTILE,HIGHLY_MOTILE.1,
Placoneis,Genera,Placoneis,,21,12,FALSE,4,4_middle,IV_middle,,hialkali,,benthic,benthic (many possible substrates),,,,,,NON_N_FIXER,MODERATELY_MOTILE,HIGHLY_MOTILE.1,
Placoneis abiskoensis,Species,Placoneis,Placoneis abiskoensis,17,7,FALSE,,,,,,,benthic,benthic (many possible substrates),MEDIUM,,,,,NON_N_FIXER,MODERATELY_MOTILE,HIGHLY_MOTILE.1,
Placoneis anglica,Species,Placoneis,Placoneis anglica,5,10,FALSE,,,,,,,benthic,benthic (many possible substrates),,,,,,NON_N_FIXER,MODERATELY_MOTILE,HIGHLY_MOTILE.1,
Placoneis anglophila,Species,Placoneis,Placoneis anglophila,9,9,FALSE,,,,,,,benthic,benthic (many possible substrates),MEDIUM,,,,,NON_N_FIXER,MODERATELY_MOTILE,HIGHLY_MOTILE.1,
Placoneis clementioides,Species,Placoneis,Placoneis clementioides,1,2,FALSE,,,,,,,benthic,benthic (many possible substrates),MEDIUM,,,,,NON_N_FIXER,MODERATELY_MOTILE,HIGHLY_MOTILE.1,
Placoneis clementis,Species,Placoneis,Placoneis clementis,11,1,FALSE,,,,,,,benthic,benthic (many possible substrates),MEDIUM,meso-eutra,TROPHIC_4,,,NON_N_FIXER,MODERATELY_MOTILE,HIGHLY_MOTILE.1,
Placoneis cuneata,Species,Placoneis,Placoneis cuneata,1,3,FALSE,,,,,,,,,,,,,,,,,
Placoneis dicephala,Species,Placoneis,Placoneis dicephala,4,1,FALSE,,,,,,,benthic,benthic (many possible substrates),,,,,,NON_N_FIXER,MODERATELY_MOTILE,HIGHLY_MOTILE.1,
Placoneis elginensis,Species,Placoneis,Placoneis elginensis,91,39,FALSE,4,4_middle,IV_middle,,alkali,,benthic,benthic (many possible substrates),MEDIUM,eutra,TROPHIC_5,,,NON_N_FIXER,MODERATELY_MOTILE,HIGHLY_MOTILE.1,
Placoneis exigua,Species,Placoneis,Placoneis exigua,2,5,FALSE,,,,,,,benthic,benthic (many possible substrates),,,,HIGH_P,,NON_N_FIXER,MODERATELY_MOTILE,HIGHLY_MOTILE.1,
Placoneis explanata,Species,Placoneis,Placoneis explanata,170,104,FALSE,4,4_better,IV_better,,alkali,,benthic,benthic (many possible substrates),MEDIUM,,,,,NON_N_FIXER,MODERATELY_MOTILE,HIGHLY_MOTILE.1,
Placoneis gastrum,Species,Placoneis,Placoneis gastrum,10,6,FALSE,,,,,,,benthic,benthic (many possible substrates),MEDIUM,eutra,TROPHIC_5,,,NON_N_FIXER,MODERATELY_MOTILE,HIGHLY_MOTILE.1,
Placoneis hambergii,Species,Placoneis,Placoneis hambergii,4,3,FALSE,,,,,,,,,,,,,,,,,
Placoneis ignorata,Species,Placoneis,Placoneis ignorata,1,2,FALSE,,,,,,,,,,,,,,,,,
Placoneis paraelginensis,Species,Placoneis,Placoneis paraelginensis,1,1,FALSE,,,,,,,benthic,benthic (many possible substrates),,,,,,NON_N_FIXER,MODERATELY_MOTILE,HIGHLY_MOTILE.1,
Placoneis placentula,Species,Placoneis,Placoneis placentula,9,3,FALSE,,,,,,,benthic,benthic (many possible substrates),MEDIUM,eutra,TROPHIC_5,,,NON_N_FIXER,MODERATELY_MOTILE,HIGHLY_MOTILE.1,
Placoneis porifera,Species,Placoneis,Placoneis porifera,2,3,FALSE,,,,,,,,,,,,,,,,,
Placoneis sp. 1 NE Lakes,Species/Dataset,Placoneis,Placoneis sp. 1 NE Lakes,2,3,FALSE,,,,,,,benthic,benthic (many possible substrates),,,,,,NON_N_FIXER,MODERATELY_MOTILE,HIGHLY_MOTILE.1,
Placoneis sp. 1 NE Lakes/P. sp. 9 NE Lakes,Species/Slash/Dataset,Placoneis,Placoneis sp. 1 NE Lakes/P. sp. 9 NE Lakes,1,2,FALSE,,,,,,,,,,,,,,,,,
Placoneis sp. 2 NE Lakes,Species/Dataset,Placoneis,Placoneis sp. 2 NE Lakes,1,1,FALSE,,,,,,,benthic,benthic (many possible substrates),,,,,,NON_N_FIXER,MODERATELY_MOTILE,HIGHLY_MOTILE.1,
Placoneis sp. 4 NE Lakes,Species/Dataset,Placoneis,Placoneis sp. 4 NE Lakes,9,16,FALSE,,,,,,,benthic,benthic (many possible substrates),,,,,,NON_N_FIXER,MODERATELY_MOTILE,HIGHLY_MOTILE.1,
Placoneis sp. 9 NE Lakes,Species/Dataset,Placoneis,Placoneis sp. 9 NE Lakes,1,2,FALSE,,,,,,,benthic,benthic (many possible substrates),,,,,,NON_N_FIXER,MODERATELY_MOTILE,HIGHLY_MOTILE.1,
Placoneis subplacentula,Species,Placoneis,Placoneis subplacentula,2,3,FALSE,,,,,,,benthic,benthic (many possible substrates),,,,,,NON_N_FIXER,MODERATELY_MOTILE,HIGHLY_MOTILE.1,
Placoneis symmetrica,Species,Placoneis,Placoneis symmetrica,10,10,FALSE,,,,,,,benthic,benthic (many possible substrates),MEDIUM,,,,,NON_N_FIXER,MODERATELY_MOTILE,HIGHLY_MOTILE.1,
Placoneis undulata,Species,Placoneis,Placoneis undulata,2,5,FALSE,,,,,,,benthic,benthic (many possible substrates),,,,,,NON_N_FIXER,MODERATELY_MOTILE,HIGHLY_MOTILE.1,
Plagiotropis lepidoptera var. proboscidea,Variety,Plagiotropis,Plagiotropis lepidoptera,6,5,FALSE,,,,,,,benthic,benthic (many possible substrates),BIG,,,HIGH_P,,NON_N_FIXER,HIGHLY_MOTILE,HIGHLY_MOTILE.1,
Planothidium,Genera,Planothidium,,25,15,FALSE,4,4_middle,IV_middle,,alkali,,benthic,benthic (many possible substrates),SMALL,,,,,NON_N_FIXER,SLIGHTLY_MOTILE,,ADNATE
Planothidium abbreviatum,Species,Planothidium,Planothidium abbreviatum,1,2,FALSE,,,,,,,,,,,,,,,,,
Planothidium amphibium,Species,Planothidium,Planothidium amphibium,2,1,FALSE,,,,,,,benthic,benthic (many possible substrates),SMALL,indiff,TROPHIC_7,,,NON_N_FIXER,SLIGHTLY_MOTILE,,ADNATE
Planothidium apiculatum,Species,Planothidium,Planothidium apiculatum,5,6,FALSE,,,,,,,benthic,benthic (many possible substrates),MEDIUM,,,,,NON_N_FIXER,SLIGHTLY_MOTILE,,ADNATE
Planothidium biporomum,Species,Planothidium,Planothidium biporomum,2,2,FALSE,,,,,,,,,,,,,,,,,
Planothidium delicatulum,Species,Planothidium,Planothidium delicatulum,25,31,FALSE,,,,,,,benthic,benthic (many possible substrates),SMALL,,,,,NON_N_FIXER,SLIGHTLY_MOTILE,,ADNATE
Planothidium distinctum,Species,Planothidium,Planothidium distinctum,3,1,FALSE,,,,,,,benthic,benthic (many possible substrates),SMALL,,,,,NON_N_FIXER,SLIGHTLY_MOTILE,,ADNATE
Planothidium dubium,Species,Planothidium,Planothidium dubium,46,34,FALSE,,,,,,,benthic,benthic (many possible substrates),SMALL,,,,,NON_N_FIXER,SLIGHTLY_MOTILE,,ADNATE
Planothidium ellipticum,Species,Planothidium,Planothidium ellipticum,10,34,FALSE,,,,,,,benthic,benthic (many possible substrates),SMALL,,,,,NON_N_FIXER,SLIGHTLY_MOTILE,,ADNATE
Planothidium engelbrechtii,Species,Planothidium,Planothidium engelbrechtii,2,5,FALSE,,,,,,,benthic,benthic (many possible substrates),SMALL,,,,,NON_N_FIXER,SLIGHTLY_MOTILE,,ADNATE
Planothidium frequentissimum,Species,Planothidium,Planothidium frequentissimum,227,171,FALSE,4,4_worse,IV_worse,,hialkali,,benthic,benthic (many possible substrates),SMALL,indiff,TROPHIC_7,,HIGH_N,NON_N_FIXER,SLIGHTLY_MOTILE,,ADNATE
Planothidium gallicum,Species,Planothidium,Planothidium gallicum,1,2,FALSE,,,,,,,benthic,benthic (many possible substrates),SMALL,,,,,NON_N_FIXER,SLIGHTLY_MOTILE,,ADNATE
Planothidium granum,Species,Planothidium,Planothidium granum,7,9,FALSE,,,,,,,benthic,benthic (many possible substrates),SMALL,oligo-meso,TROPHIC_2,,,NON_N_FIXER,SLIGHTLY_MOTILE,,ADNATE
Planothidium hauckianum,Species,Planothidium,Planothidium hauckianum,3,5,FALSE,,,,,,,benthic,benthic (many possible substrates),SMALL,,,,,NON_N_FIXER,SLIGHTLY_MOTILE,,ADNATE
Planothidium haynaldii,Species,Planothidium,Planothidium haynaldii,4,3,FALSE,,,,,,,benthic,benthic (many possible substrates),MEDIUM,indiff,TROPHIC_7,,,NON_N_FIXER,SLIGHTLY_MOTILE,,ADNATE
Planothidium holstii,Species,Planothidium,Planothidium holstii,1,1,FALSE,,,,,,,benthic,benthic (many possible substrates),SMALL,,,,,NON_N_FIXER,SLIGHTLY_MOTILE,,ADNATE
Planothidium incuriatum,Species,Planothidium,Planothidium incuriatum,38,36,FALSE,,,,,,,benthic,benthic (many possible substrates),SMALL,,,,,NON_N_FIXER,SLIGHTLY_MOTILE,,ADNATE
Planothidium incuriatum/P. rostratum,Species/Slash,Planothidium,,23,23,FALSE,,,,,,,,,,,,,,,,,
Planothidium joursacense,Species,Planothidium,Planothidium joursacense,40,35,FALSE,,,,,,,benthic,benthic (many possible substrates),SMALL,oligo-meso,TROPHIC_2,,,NON_N_FIXER,SLIGHTLY_MOTILE,,ADNATE
Planothidium lanceolatoides,Species,Planothidium,Planothidium lanceolatoides,2,5,FALSE,,,,,,,,,,,,,,,,,
Planothidium lanceolatum,Species,Planothidium,Planothidium lanceolatum,336,443,FALSE,4,4_middle,IV_middle,,alkali,,benthic,benthic (many possible substrates),SMALL,eutra,TROPHIC_5,,HIGH_N,NON_N_FIXER,SLIGHTLY_MOTILE,,ADNATE
Planothidium lanceolatum var. omissum,Variety,Planothidium,Planothidium lanceolatum,1,2,FALSE,,,,,,,benthic,benthic (many possible substrates),,,,,,NON_N_FIXER,SLIGHTLY_MOTILE,,ADNATE
Planothidium minutissimum,Species,Planothidium,Planothidium minutissimum,3,3,FALSE,,,,,,,benthic,benthic (many possible substrates),SMALL,,,,,NON_N_FIXER,SLIGHTLY_MOTILE,,ADNATE
Planothidium oestrupii,Species,Planothidium,Planothidium oestrupii,12,9,FALSE,,,,,,,benthic,benthic (many possible substrates),SMALL,oligo-meso,TROPHIC_2,,,NON_N_FIXER,SLIGHTLY_MOTILE,,ADNATE
Planothidium peragalli,Species,Planothidium,Planothidium peragalli,120,11,FALSE,4,4_better,IV_better,,alkali,,benthic,benthic (many possible substrates),SMALL,oligo,TROPHIC_1,,,NON_N_FIXER,SLIGHTLY_MOTILE,,ADNATE
Planothidium robustius,Species,Planothidium,Planothidium robustius,1,1,FALSE,,,,,,,,,,,,,,,,,
Planothidium robustum,Species,Planothidium,Planothidium robustum,1,2,FALSE,,,,,,,benthic,benthic (many possible substrates),SMALL,,,HIGH_P,,NON_N_FIXER,SLIGHTLY_MOTILE,,ADNATE
Planothidium rostratoholarcticum,Species,Planothidium,Planothidium rostratoholarcticum,5,6,FALSE,,,,,,,benthic,benthic (many possible substrates),SMALL,,,,,NON_N_FIXER,SLIGHTLY_MOTILE,,ADNATE
Planothidium rostratoholarcticum/P. tuji,Species/Slash,Planothidium,,42,61,FALSE,,,,,,,,,,,,,,,,,
Planothidium rostratum,Species,Planothidium,Planothidium rostratum,134,238,FALSE,4,4_middle,IV_middle,,alkali,,benthic,benthic (many possible substrates),SMALL,eutra,TROPHIC_5,,,NON_N_FIXER,SLIGHTLY_MOTILE,,ADNATE
Planothidium sp. 1 NE Lakes,Species/Dataset,Planothidium,Planothidium sp. 1 NE Lakes,1,1,FALSE,,,,,,,benthic,benthic (many possible substrates),SMALL,,,,,NON_N_FIXER,SLIGHTLY_MOTILE,,ADNATE
Planothidium sp. 2 NE Lakes,Species/Dataset,Planothidium,Planothidium sp. 2 NE Lakes,1,2,FALSE,,,,,,,,,,,,,,,,,
Planothidium sp. 2 VTEC Lakes,Species/Dataset,Planothidium,Planothidium sp. 2 VTEC Lakes,1,2,FALSE,,,,,,,,,,,,,,,,,
Planothidium sp. 503,Species/Dataset,Planothidium,Planothidium sp. 503,1,2,FALSE,,,,,,,benthic,benthic (many possible substrates),SMALL,,,,,NON_N_FIXER,SLIGHTLY_MOTILE,,ADNATE
Platessa,Genera,Platessa,,1,1,FALSE,,,,,,,benthic,benthic (many possible substrates),,,,,,,,,
Platessa bahlsii,Species,Platessa,Platessa bahlsii,5,7,FALSE,,,,,,,benthic,benthic (many possible substrates),VERY SMALL,,,,,NON_N_FIXER,SLIGHTLY_MOTILE,,
Platessa conspicua,Species,Platessa,Platessa conspicua,72,28,FALSE,4,4_worse,IV_worse,,hialkali,,benthic,benthic (many possible substrates),VERY SMALL,indiff,TROPHIC_7,,HIGH_N,NON_N_FIXER,SLIGHTLY_MOTILE,,
Platessa hustedtii,Species,Platessa,Platessa hustedtii,9,29,FALSE,,,,,,,benthic,benthic (many possible substrates),VERY SMALL,,,,,NON_N_FIXER,SLIGHTLY_MOTILE,,
Platessa lutheri,Species,Platessa,Platessa lutheri,3,3,FALSE,,,,,,,benthic,benthic (many possible substrates),VERY SMALL,oligo,TROPHIC_1,,,NON_N_FIXER,SLIGHTLY_MOTILE,,
Platessa montana,Species,Platessa,Platessa montana,2,54,FALSE,,,,,,,benthic,benthic (many possible substrates),VERY SMALL,oligo,TROPHIC_1,,,NON_N_FIXER,SLIGHTLY_MOTILE,,
Platessa oblongella,Species,Platessa,Platessa oblongella,26,33,FALSE,,,,,,,benthic,benthic (many possible substrates),VERY SMALL,,,,,NON_N_FIXER,SLIGHTLY_MOTILE,,
Platessa saxonica,Species,Platessa,Platessa saxonica,4,9,FALSE,,,,,,,benthic,benthic (many possible substrates),VERY SMALL,,,,,NON_N_FIXER,SLIGHTLY_MOTILE,,
Platessa sp. 2 NE Lakes,Species/Dataset,Platessa,Platessa sp. 2 NE Lakes,2,1,FALSE,,,,,,,benthic,benthic (many possible substrates),VERY SMALL,,,,,NON_N_FIXER,SLIGHTLY_MOTILE,,
Platessa sp. 3 NE Lakes,Species/Dataset,Platessa,Platessa sp. 3 NE Lakes,2,6,FALSE,,,,,,,benthic,benthic (many possible substrates),VERY SMALL,,,,,NON_N_FIXER,SLIGHTLY_MOTILE,,
Platessa stewartii,Species,Platessa,Platessa stewartii,74,90,FALSE,,,,,,,benthic,benthic (many possible substrates),SMALL,,,,,NON_N_FIXER,SLIGHTLY_MOTILE,,ADNATE
Platessa strelnikovae,Species,Platessa,Platessa strelnikovae,28,127,FALSE,,,,,,,benthic,benthic (many possible substrates),VERY SMALL,,,,,NON_N_FIXER,SLIGHTLY_MOTILE,,
Pleurosigma salinarum,Species,Pleurosigma,Pleurosigma salinarum,2,3,FALSE,,,,,,,benthic,benthic (many possible substrates),VERY_BIG,,,HIGH_P,HIGH_N,NON_N_FIXER,HIGHLY_MOTILE,HIGHLY_MOTILE.1,
Pleurosira laevis,Species,Pleurosira,Pleurosira laevis,1,12,FALSE,,,,,,,benthic,benthic (many possible substrates),VERY_BIG,eutra,TROPHIC_5,HIGH_P,,NON_N_FIXER,NON_MOTILE,HIGHLY_MOTILE.1,
Prestauroneis integra,Species,Prestauroneis,Prestauroneis integra,5,6,FALSE,,,,,,,benthic,benthic (many possible substrates),MEDIUM,eutra,TROPHIC_5,,,NON_N_FIXER,MODERATELY_MOTILE,HIGHLY_MOTILE.1,
Prestauroneis protracta,Species,Prestauroneis,Prestauroneis protracta,18,10,FALSE,,,,,,,benthic,benthic (many possible substrates),MEDIUM,eutra,TROPHIC_5,,,NON_N_FIXER,MODERATELY_MOTILE,HIGHLY_MOTILE.1,
Proschkinia bulnheimii,Species,Proschkinia,Proschkinia bulnheimii,1,7,FALSE,,,,,,,benthic,benthic (many possible substrates),,,,,,,,,
Psammothidium,Genera,Psammothidium,,29,24,FALSE,4,4_better,IV_better,,acid,,benthic,benthic (many possible substrates),VERY SMALL,,,,,NON_N_FIXER,SLIGHTLY_MOTILE,,
Psammothidium acidoclinatum,Species,Psammothidium,Psammothidium acidoclinatum,8,20,FALSE,,,,,,,benthic,benthic (many possible substrates),VERY SMALL,,,,,NON_N_FIXER,SLIGHTLY_MOTILE,,ADNATE
Psammothidium alpinum,Species,Psammothidium,Psammothidium alpinum,1,1,FALSE,,,,,,,benthic,benthic (many possible substrates),VERY SMALL,,,,,NON_N_FIXER,SLIGHTLY_MOTILE,,ADNATE
Psammothidium altaicum,Species,Psammothidium,Psammothidium altaicum,148,58,FALSE,4,4_better,IV_better,,acid,,benthic,benthic (many possible substrates),VERY SMALL,meso,TROPHIC_3,,,NON_N_FIXER,SLIGHTLY_MOTILE,,
Psammothidium bioretii,Species,Psammothidium,Psammothidium bioretii,81,29,FALSE,4,4_better,IV_better,,alkali,,benthic,benthic (many possible substrates),VERY SMALL,meso,TROPHIC_3,,,NON_N_FIXER,SLIGHTLY_MOTILE,,ADNATE
Psammothidium chlidanos,Species,Psammothidium,Psammothidium chlidanos,59,36,FALSE,4,4_middle,IV_middle,,,,benthic,benthic (many possible substrates),VERY SMALL,,,,,NON_N_FIXER,SLIGHTLY_MOTILE,,ADNATE
Psammothidium curtissimum,Species,Psammothidium,Psammothidium curtissimum,33,47,FALSE,,,,,,,benthic,benthic (many possible substrates),VERY SMALL,,,,,NON_N_FIXER,SLIGHTLY_MOTILE,,ADNATE
Psammothidium daonense,Species,Psammothidium,Psammothidium daonense,177,134,FALSE,4,4_better,IV_better,,neutral,,benthic,benthic (many possible substrates),VERY SMALL,oligo,TROPHIC_1,,,NON_N_FIXER,SLIGHTLY_MOTILE,,ADNATE
Psammothidium didymum,Species,Psammothidium,Psammothidium didymum,265,72,FALSE,4,4_better,IV_better,,neutral,,benthic,benthic (many possible substrates),VERY SMALL,,,,,NON_N_FIXER,SLIGHTLY_MOTILE,,ADNATE
Psammothidium frigidum,Species,Psammothidium,Psammothidium frigidum,18,30,FALSE,,,,,,,benthic,benthic (many possible substrates),VERY SMALL,,,,,NON_N_FIXER,SLIGHTLY_MOTILE,,
Psammothidium grischunum,Species,Psammothidium,Psammothidium grischunum,1,2,FALSE,,,,,,,,,,,,,,,,,
Psammothidium harveyi,Species,Psammothidium,Psammothidium harveyi,2,5,FALSE,,,,,,,benthic,benthic (many possible substrates),SMALL,,,,,NON_N_FIXER,SLIGHTLY_MOTILE,,
Psammothidium helveticum,Species,Psammothidium,Psammothidium helveticum,433,268,FALSE,4,4_better,IV_better,,acid,,benthic,benthic (many possible substrates),VERY SMALL,meso,TROPHIC_3,,,NON_N_FIXER,SLIGHTLY_MOTILE,,ADNATE
Psammothidium kryophilum,Species,Psammothidium,Psammothidium kryophilum,1,2,FALSE,,,,,,,,,,,,,,,,,
Psammothidium lacus-vulcani,Species,Psammothidium,Psammothidium lacus-vulcani,39,36,FALSE,,,,,,,benthic,benthic (many possible substrates),VERY SMALL,,,,,NON_N_FIXER,SLIGHTLY_MOTILE,,
Psammothidium lauenburgianum,Species,Psammothidium,Psammothidium lauenburgianum,25,30,FALSE,,,,,,,benthic,benthic (many possible substrates),VERY SMALL,oligo-meso,TROPHIC_2,,,NON_N_FIXER,SLIGHTLY_MOTILE,,
Psammothidium levanderi,Species,Psammothidium,Psammothidium levanderi,344,215,FALSE,4,4_better,IV_better,,neutral,,benthic,benthic (many possible substrates),VERY SMALL,oligo,TROPHIC_1,,,NON_N_FIXER,SLIGHTLY_MOTILE,,ADNATE
Psammothidium marginulatum,Species,Psammothidium,Psammothidium marginulatum,437,1019,FALSE,3,,III,low,acid,,benthic,benthic (many possible substrates),VERY SMALL,oligo,TROPHIC_1,,LOW_N,NON_N_FIXER,SLIGHTLY_MOTILE,,
Psammothidium microscopicum,Species,Psammothidium,Psammothidium microscopicum,1,1,FALSE,,,,,,,,,,,,,,,,,
Psammothidium pseudoswazi,Species,Psammothidium,Psammothidium pseudoswazi,1,2,FALSE,,,,,,,,,,,,,,,,,
Psammothidium rossii,Species,Psammothidium,Psammothidium rossii,90,45,FALSE,4,4_better,IV_better,,acid,,benthic,benthic (many possible substrates),VERY SMALL,oligo,TROPHIC_1,,,NON_N_FIXER,WEAKLY_MOTILE,,
Psammothidium sacculum,Species,Psammothidium,Psammothidium sacculum,11,118,FALSE,,,,,,,,,,,,,,,,,
Psammothidium scoticum,Species,Psammothidium,Psammothidium scoticum,101,77,FALSE,4,4_better,IV_better,,neutral,,benthic,benthic (many possible substrates),VERY SMALL,,,,,NON_N_FIXER,SLIGHTLY_MOTILE,,ADNATE
Psammothidium sp. 2 NE Lakes,Species/Dataset,Psammothidium,Psammothidium sp. 2 NE Lakes,1,1,FALSE,,,,,,,benthic,benthic (many possible substrates),VERY SMALL,,,,,NON_N_FIXER,SLIGHTLY_MOTILE,,
Psammothidium subatomoides,Species,Psammothidium,Psammothidium subatomoides,844,897,FALSE,4,4_better,IV_better,,neutral,,benthic,benthic (many possible substrates),VERY SMALL,oligo-meso,TROPHIC_2,,,NON_N_FIXER,WEAKLY_MOTILE,,ADNATE
Psammothidium subsalsum,Species,Psammothidium,Psammothidium subsalsum,1,1,FALSE,,,,,,,benthic,benthic (many possible substrates),VERY SMALL,,,,,NON_N_FIXER,SLIGHTLY_MOTILE,,
Psammothidium ventrale,Species,Psammothidium,Psammothidium ventrale,45,55,FALSE,,,,,,,benthic,benthic (many possible substrates),VERY SMALL,,,,,NON_N_FIXER,SLIGHTLY_MOTILE,,
Pseudofallacia occulta,Species,Pseudofallacia,Pseudofallacia occulta,1,10,FALSE,,,,,,,,,,,,,,,,,
Pseudofallacia tenera,Species,Pseudofallacia,Pseudofallacia tenera,10,110,FALSE,,,,,,,benthic,benthic (many possible substrates),SMALL,,,HIGH_P,,NON_N_FIXER,MODERATELY_MOTILE,,
Pseudoplanothidium hauckianum,Species,Pseudoplanothidium,Pseudoplanothidium hauckianum,3,9,FALSE,,,,,,,benthic,benthic (many possible substrates),,,,,,NON_N_FIXER,SLIGHTLY_MOTILE,,ADNATE
Pseudostaurosira,Genera,Pseudostaurosira,,19,47,FALSE,4,4_middle,IV_middle,,alkali,,"benthic,sandmud",benthic (strong sand/mud indicator),,,,,,NON_N_FIXER,NON_MOTILE,ARAPHID,
Pseudostaurosira americana,Species,Pseudostaurosira,Pseudostaurosira americana,7,24,FALSE,,,,,,,"benthic,sandmud",benthic (strong sand/mud indicator),,,,,,NON_N_FIXER,NON_MOTILE,ARAPHID,
Pseudostaurosira brevistriata,Species,Pseudostaurosira,Pseudostaurosira brevistriata,1031,7803,FALSE,4,4_better,IV_better,,alkali,,"benthic,sandmud",benthic (strong sand/mud indicator),VERY SMALL,indiff,TROPHIC_7,,LOW_N,NON_N_FIXER,NON_MOTILE,ARAPHID,
Pseudostaurosira brevistriata var. capitata,Variety,Pseudostaurosira,Pseudostaurosira brevistriata,111,110,FALSE,4,4_better,IV_better,,alkali,,"benthic,sandmud",benthic (strong sand/mud indicator),VERY SMALL,,,,LOW_N,NON_N_FIXER,NON_MOTILE,ARAPHID,
Pseudostaurosira brevistriata var. inflata,Variety,Pseudostaurosira,Pseudostaurosira brevistriata,2,14,FALSE,,,,,,,"benthic,sandmud",benthic (strong sand/mud indicator),VERY SMALL,indiff,TROPHIC_7,,LOW_N,NON_N_FIXER,NON_MOTILE,ARAPHID,
Pseudostaurosira brevistriata/P. sp. 1 NE Lakes,Species/Slash/Dataset,Pseudostaurosira,Pseudostaurosira brevistriata/P. sp. 1 NE Lakes,3,46,FALSE,,,,,,,,,,,,,,,,,
Pseudostaurosira elliptica,Species,Pseudostaurosira,Pseudostaurosira elliptica,46,265,FALSE,,,,,,,"benthic,sandmud",benthic (strong sand/mud indicator),VERY SMALL,,,,,NON_N_FIXER,NON_MOTILE,ARAPHID,
Pseudostaurosira microstriata,Species,Pseudostaurosira,Pseudostaurosira microstriata,52,154,FALSE,,,,,,,"benthic,sandmud",benthic (strong sand/mud indicator),VERY SMALL,,,,,NON_N_FIXER,NON_MOTILE,ARAPHID,
Pseudostaurosira neoelliptica,Species,Pseudostaurosira,Pseudostaurosira neoelliptica,16,413,FALSE,,,,,,,"benthic,sandmud",benthic (strong sand/mud indicator),VERY SMALL,,,,,NON_N_FIXER,NON_MOTILE,ARAPHID,
Pseudostaurosira parasitica,Species,Pseudostaurosira,Pseudostaurosira parasitica,413,579,FALSE,4,4_middle,IV_middle,,alkali,,"benthic,sandmud",benthic (strong sand/mud indicator),VERY SMALL,meso-eutra,TROPHIC_4,,,NON_N_FIXER,NON_MOTILE,ARAPHID,
Pseudostaurosira parasitica var. subconstricta,Variety,Pseudostaurosira,Pseudostaurosira parasitica,10,51,FALSE,,,,,,,"benthic,sandmud",benthic (strong sand/mud indicator),VERY SMALL,meso-eutra,TROPHIC_4,,,NON_N_FIXER,NON_MOTILE,ARAPHID,
Pseudostaurosira polonica,Species,Pseudostaurosira,Pseudostaurosira polonica,3,67,FALSE,,,,,,,"benthic,sandmud",benthic (strong sand/mud indicator),,,,,,NON_N_FIXER,NON_MOTILE,ARAPHID,
Pseudostaurosira pseudoconstruens,Species,Pseudostaurosira,Pseudostaurosira pseudoconstruens,49,276,FALSE,,,,,,,"benthic,sandmud",benthic (strong sand/mud indicator),VERY SMALL,,,,,NON_N_FIXER,NON_MOTILE,ARAPHID,
Pseudostaurosira robusta,Species,Pseudostaurosira,Pseudostaurosira robusta,25,65,FALSE,,,,,,,"benthic,sandmud",benthic (strong sand/mud indicator),VERY SMALL,,,,,NON_N_FIXER,NON_MOTILE,ARAPHID,
Pseudostaurosira sp. 1 NE Lakes,Species/Dataset,Pseudostaurosira,Pseudostaurosira sp. 1 NE Lakes,82,459,FALSE,4,4_better,IV_better,,alkali,,"benthic,sandmud",benthic (strong sand/mud indicator),VERY SMALL,,,,,NON_N_FIXER,NON_MOTILE,ARAPHID,
Pseudostaurosira sp. 1 NLS DME,Species/Dataset,Pseudostaurosira,Pseudostaurosira sp. 1 NLS DME,14,120,FALSE,,,,,,,,,,,,,,,,,
Pseudostaurosira sp. 2 NAWQA EAM,Species/Dataset,Pseudostaurosira,Pseudostaurosira sp. 2 NAWQA EAM,1,2,FALSE,,,,,,,,,,,,,,,,,
Pseudostaurosira sp. 2 NE Lakes,Species/Dataset,Pseudostaurosira,Pseudostaurosira sp. 2 NE Lakes,40,297,FALSE,4,4_better,IV_better,,hialkali,,"benthic,sandmud",benthic (strong sand/mud indicator),VERY SMALL,,,,,NON_N_FIXER,NON_MOTILE,ARAPHID,
Pseudostaurosira sp. 2 VTEC Lakes,Species/Dataset,Pseudostaurosira,Pseudostaurosira sp. 2 VTEC Lakes,2,1,FALSE,,,,,,,,,,,,,,,,,
Pseudostaurosira sp. 3 NE Lakes,Species/Dataset,Pseudostaurosira,Pseudostaurosira sp. 3 NE Lakes,5,40,FALSE,,,,,,,"benthic,sandmud",benthic (strong sand/mud indicator),VERY SMALL,,,,,NON_N_FIXER,NON_MOTILE,ARAPHID,
Pseudostaurosira sp. 3 VTEC Lakes,Species/Dataset,Pseudostaurosira,Pseudostaurosira sp. 3 VTEC Lakes,1,21,FALSE,,,,,,,,,,,,,,,,,
Pseudostaurosira sp. 4 VTEC Lakes,Species/Dataset,Pseudostaurosira,Pseudostaurosira sp. 4 VTEC Lakes,1,15,FALSE,,,,,,,,,,,,,,,,,
Pseudostaurosira subsalina,Species,Pseudostaurosira,Pseudostaurosira subsalina,20,505,FALSE,,,,,,,"benthic,sandmud",benthic (strong sand/mud indicator),VERY SMALL,meso-eutra,TROPHIC_4,,,NON_N_FIXER,NON_MOTILE,ARAPHID,
Pseudostaurosira trainorii,Species,Pseudostaurosira,Pseudostaurosira trainorii,67,788,FALSE,,,,,,,"benthic,sandmud",benthic (strong sand/mud indicator),VERY SMALL,,,,,NON_N_FIXER,NON_MOTILE,ARAPHID,
Pseudostaurosira zeilleri,Species,Pseudostaurosira,Pseudostaurosira zeilleri,3,25,FALSE,,,,,,,"benthic,sandmud",benthic (strong sand/mud indicator),VERY SMALL,,,,,NON_N_FIXER,NON_MOTILE,ARAPHID,
Pseudostaurosiropsis,Genera,Pseudostaurosiropsis,,1,1,FALSE,,,,,,,"benthic,sandmud",benthic (strong sand/mud indicator),VERY SMALL,,,,,NON_N_FIXER,NON_MOTILE,ARAPHID,
Pseudostaurosiropsis connecticutensis,Species,Pseudostaurosiropsis,Pseudostaurosiropsis connecticutensis,6,25,FALSE,,,,,,,"benthic,sandmud",benthic (strong sand/mud indicator),VERY SMALL,,,,,NON_N_FIXER,NON_MOTILE,ARAPHID,
Pseudostaurosiropsis geocollegarum,Species,Pseudostaurosiropsis,Pseudostaurosiropsis geocollegarum,29,129,FALSE,,,,,,,"benthic,sandmud",benthic (strong sand/mud indicator),VERY SMALL,,,,,NON_N_FIXER,NON_MOTILE,ARAPHID,
Pseudostaurosiropsis sp. 1 NAWQA HAGAN,Species/Dataset,Pseudostaurosiropsis,Pseudostaurosiropsis sp. 1 NAWQA HAGAN,1,2,FALSE,,,,,,,,,,,,,,,,,
Pseudostaurosiropsis sp. 1 NLS EAM,Species/Dataset,Pseudostaurosiropsis,Pseudostaurosiropsis sp. 1 NLS EAM,4,3,FALSE,,,,,,,,,,,,,,,,,
Punctastriata lancettula,Species,Punctastriata,Punctastriata lancettula,122,326,FALSE,4,4_better,IV_better,,neutral,,"benthic,sandmud",benthic (strong sand/mud indicator),VERY SMALL,,,,,NON_N_FIXER,NON_MOTILE,ARAPHID,
Punctastriata mimetica,Species,Punctastriata,Punctastriata mimetica,68,259,FALSE,4,4_better,IV_better,,alkali,,"benthic,sandmud",benthic (strong sand/mud indicator),,,,,,,,,
Reimeria,Genera,Reimeria,,1,2,FALSE,4,4_worse,IV_worse,,alkali,,benthic,benthic (many possible substrates),,,,,,,,,
Reimeria sinuata,Species,Reimeria,Reimeria sinuata,62,41,FALSE,,,,,,,benthic,benthic (many possible substrates),SMALL,meso,TROPHIC_3,LOW_P,LOW_N,NON_N_FIXER,WEAKLY_MOTILE,HIGHLY_MOTILE.1,
Reimeria uniseriata,Species,Reimeria,Reimeria uniseriata,4,3,FALSE,,,,,,,benthic,benthic (many possible substrates),SMALL,,,,,NON_N_FIXER,MODERATELY_MOTILE,HIGHLY_MOTILE.1,
Rexlowea navicularis,Species,Rexlowea,Rexlowea navicularis,2,20,FALSE,,,,,,,,,,,,,,,,,
Rhaphoneis,Genera,Rhaphoneis,,2,3,FALSE,,,,,,,benthic,benthic (many possible substrates),,,,,,,,,
Rhizosolenia,Genera,Rhizosolenia,,20,25,FALSE,,,,,,,planktonic,planktonic,,,,,,,,,
Rhizosolenia longiseta,Species,Rhizosolenia,Rhizosolenia longiseta,1,43,FALSE,,,,,,,planktonic,planktonic,VERY SMALL,meso-eutra,TROPHIC_4,,,NON_N_FIXER,NON_MOTILE,,
Rhoicosphenia,Genera,Rhoicosphenia,,1,4,FALSE,4,4_worse,IV_worse,high,hialkali,,"benthic,macrophytic",benthic (strong macrophyte indicator),,,,,,,,,
Rhoicosphenia abbreviata,Species,Rhoicosphenia,Rhoicosphenia abbreviata,63,93,FALSE,4,4_worse,IV_worse,high,hialkali,,"benthic,macrophytic",benthic (strong macrophyte indicator),SMALL,eutra,TROPHIC_5,HIGH_P,HIGH_N,NON_N_FIXER,WEAKLY_MOTILE,,STALKED
Rhopalodia brebissonii,Species,Rhopalodia,Rhopalodia brebissonii,2,1,FALSE,,,,,,,,,,,,,,,,,
Rhopalodia gibba,Species,Rhopalodia,Rhopalodia gibba,63,32,FALSE,,,,,,,benthic,benthic (many possible substrates),MEDIUM,eutra,TROPHIC_5,HIGH_P,LOW_N,N_FIXER,MODERATELY_MOTILE,HIGHLY_MOTILE.1,
Rhopalodia gibberula,Species,Rhopalodia,Rhopalodia gibberula,1,1,FALSE,,,,,,,,,,,,,,,,,
Rhopalodia musculus,Species,Rhopalodia,Rhopalodia musculus,1,1,FALSE,,,,,,,,,,,,,,,,,
Rhopalodia parallela,Species,Rhopalodia,Rhopalodia parallela,46,32,FALSE,,,,,,,benthic,benthic (many possible substrates),MEDIUM,,,,LOW_N,N_FIXER,MODERATELY_MOTILE,HIGHLY_MOTILE.1,
Rossithidium,Genera,Rossithidium,,383,376,FALSE,4,4_better,IV_better,,alkali,,benthic,benthic (many possible substrates),,,,,,,,,
Rossithidium anastasiae,Species,Rossithidium,Rossithidium anastasiae,78,44,FALSE,4,4_better,IV_better,,neutral,,benthic,benthic (many possible substrates),VERY SMALL,,,,,NON_N_FIXER,SLIGHTLY_MOTILE,,ADNATE
Rossithidium linearis,Species,Rossithidium,Rossithidium linearis,36,66,FALSE,,,,,,,benthic,benthic (many possible substrates),VERY SMALL,,,,,NON_N_FIXER,SLIGHTLY_MOTILE,,ADNATE
Rossithidium nodosum,Species,Rossithidium,Rossithidium nodosum,28,12,FALSE,,,,,,,benthic,benthic (many possible substrates),VERY SMALL,,,,,NON_N_FIXER,SLIGHTLY_MOTILE,,ADNATE
Rossithidium petersennii,Species,Rossithidium,Rossithidium petersennii,10,13,FALSE,,,,,,,benthic,benthic (many possible substrates),VERY SMALL,oligo,TROPHIC_1,,,NON_N_FIXER,SLIGHTLY_MOTILE,,ADNATE
Rossithidium pusillum,Species,Rossithidium,Rossithidium pusillum,276,338,FALSE,4,4_better,IV_better,,alkali,,benthic,benthic (many possible substrates),VERY SMALL,oligo,TROPHIC_1,,,NON_N_FIXER,SLIGHTLY_MOTILE,,ADNATE
Sellaphora,Genera,Sellaphora,,175,85,FALSE,4,4_middle,IV_middle,,alkali,,benthic,benthic (many possible substrates),,,,,,NON_N_FIXER,MODERATELY_MOTILE,HIGHLY_MOTILE.1,
Sellaphora absoluta,Species,Sellaphora,Sellaphora absoluta,25,23,FALSE,,,,,,,benthic,benthic (many possible substrates),VERY SMALL,,,,,NON_N_FIXER,MODERATELY_MOTILE,HIGHLY_MOTILE.1,
Sellaphora alastos,Species,Sellaphora,Sellaphora alastos,1,2,FALSE,,,,,,,,,,,,,,,,,
Sellaphora americana,Species,Sellaphora,Sellaphora americana,29,6,FALSE,,,,,,,benthic,benthic (many possible substrates),BIG,oligo,TROPHIC_1,,,NON_N_FIXER,MODERATELY_MOTILE,HIGHLY_MOTILE.1,
Sellaphora arvensis,Species,Sellaphora,Sellaphora arvensis,204,197,FALSE,4,4_better,IV_better,,acid,,benthic,benthic (many possible substrates),,,,,,NON_N_FIXER,MODERATELY_MOTILE,HIGHLY_MOTILE.1,
Sellaphora atomoides,Species,Sellaphora,Sellaphora atomoides,808,766,FALSE,4,4_better,IV_better,,hialkali,,benthic,benthic (many possible substrates),VERY SMALL,,,,,NON_N_FIXER,SLIGHTLY_MOTILE,HIGHLY_MOTILE.1,
Sellaphora auldreekie,Species,Sellaphora,Sellaphora auldreekie,78,56,FALSE,4,4_better,IV_better,,alkali,,benthic,benthic (many possible substrates),VERY SMALL,,,,,NON_N_FIXER,MODERATELY_MOTILE,HIGHLY_MOTILE.1,
Sellaphora bacilloides,Species,Sellaphora,Sellaphora bacilloides,4,7,FALSE,,,,,,,benthic,benthic (many possible substrates),MEDIUM,,,,,NON_N_FIXER,MODERATELY_MOTILE,HIGHLY_MOTILE.1,
Sellaphora bacillum,Species,Sellaphora,Sellaphora bacillum,69,69,FALSE,4,4_middle,IV_middle,,,,benthic,benthic (many possible substrates),BIG,,,,,NON_N_FIXER,MODERATELY_MOTILE,HIGHLY_MOTILE.1,
Sellaphora blackfordensis,Species,Sellaphora,Sellaphora blackfordensis,66,57,FALSE,4,4_better,IV_better,,alkali,,benthic,benthic (many possible substrates),,,,,,NON_N_FIXER,MODERATELY_MOTILE,HIGHLY_MOTILE.1,
Sellaphora capitata,Species,Sellaphora,Sellaphora capitata,86,37,FALSE,4,4_better,IV_better,,alkali,,benthic,benthic (many possible substrates),SMALL,,,,,NON_N_FIXER,MODERATELY_MOTILE,HIGHLY_MOTILE.1,
Sellaphora crassulexigua,Species,Sellaphora,Sellaphora crassulexigua,125,238,FALSE,4,4_better,IV_better,,alkali,,benthic,benthic (many possible substrates),VERY SMALL,,,,,NON_N_FIXER,MODERATELY_MOTILE,HIGHLY_MOTILE.1,
Sellaphora davoutiana,Species,Sellaphora,Sellaphora davoutiana,6,6,FALSE,,,,,,,benthic,benthic (many possible substrates),,,,,,NON_N_FIXER,MODERATELY_MOTILE,HIGHLY_MOTILE.1,
Sellaphora difficillima,Species,Sellaphora,Sellaphora difficillima,36,42,FALSE,,,,,,,benthic,benthic (many possible substrates),SMALL,,,,,NON_N_FIXER,MODERATELY_MOTILE,HIGHLY_MOTILE.1,
Sellaphora disjuncta,Species,Sellaphora,Sellaphora disjuncta,312,237,FALSE,4,4_better,IV_better,,neutral,,benthic,benthic (many possible substrates),MEDIUM,meso-eutra,TROPHIC_4,,,NON_N_FIXER,MODERATELY_MOTILE,HIGHLY_MOTILE.1,
Sellaphora elorantana,Species,Sellaphora,Sellaphora elorantana,69,72,FALSE,4,4_better,IV_better,,neutral,,benthic,benthic (many possible substrates),SMALL,,,,,NON_N_FIXER,MODERATELY_MOTILE,HIGHLY_MOTILE.1,
Sellaphora hohnii,Species,Sellaphora,Sellaphora hohnii,3,9,FALSE,,,,,,,benthic,benthic (many possible substrates),,,,,,NON_N_FIXER,MODERATELY_MOTILE,HIGHLY_MOTILE.1,
Sellaphora hustedtii,Species,Sellaphora,Sellaphora hustedtii,25,43,FALSE,,,,,,,benthic,benthic (many possible substrates),,,,,,NON_N_FIXER,MODERATELY_MOTILE,HIGHLY_MOTILE.1,
Sellaphora laevissima,Species,Sellaphora,Sellaphora laevissima,307,412,FALSE,4,4_better,IV_better,,alkali,,benthic,benthic (many possible substrates),MEDIUM,meso,TROPHIC_3,,,NON_N_FIXER,MODERATELY_MOTILE,HIGHLY_MOTILE.1,
Sellaphora laevissima very coarse,Species/Size,Sellaphora,Sellaphora laevissima,23,23,FALSE,,,,,,,benthic,benthic (many possible substrates),MEDIUM,meso,TROPHIC_3,,,NON_N_FIXER,MODERATELY_MOTILE,HIGHLY_MOTILE.1,
Sellaphora laticeps,Species,Sellaphora,Sellaphora laticeps,2,5,FALSE,,,,,,,benthic,benthic (many possible substrates),,,,,,NON_N_FIXER,MODERATELY_MOTILE,HIGHLY_MOTILE.1,
Sellaphora medioconvexa,Species,Sellaphora,Sellaphora medioconvexa,3,16,FALSE,,,,,,,,,,,,,,,,,
Sellaphora mutata,Species,Sellaphora,Sellaphora mutata,8,12,FALSE,,,,,,,benthic,benthic (many possible substrates),SMALL,oligo-meso,TROPHIC_2,,,NON_N_FIXER,MODERATELY_MOTILE,HIGHLY_MOTILE.1,
Sellaphora nigri,Species,Sellaphora,Sellaphora nigri,13,31,FALSE,,,,,,,benthic,benthic (many possible substrates),VERY SMALL,,,,,NON_N_FIXER,MODERATELY_MOTILE,HIGHLY_MOTILE.1,
Sellaphora obdurata,Species,Sellaphora,Sellaphora obdurata,1,12,FALSE,,,,,,,,,,,,,,,,,
Sellaphora parapupula,Species,Sellaphora,Sellaphora parapupula,84,199,FALSE,4,4_better,IV_better,,alkali,,benthic,benthic (many possible substrates),,,,,,NON_N_FIXER,MODERATELY_MOTILE,HIGHLY_MOTILE.1,
Sellaphora pseudopupula,Species,Sellaphora,Sellaphora pseudopupula,1,2,FALSE,,,,,,,benthic,benthic (many possible substrates),SMALL,,,,,NON_N_FIXER,MODERATELY_MOTILE,HIGHLY_MOTILE.1,
Sellaphora pseudoventralis,Species,Sellaphora,Sellaphora pseudoventralis,199,340,FALSE,4,4_better,IV_better,,alkali,,benthic,benthic (many possible substrates),VERY SMALL,,,,,NON_N_FIXER,MODERATELY_MOTILE,HIGHLY_MOTILE.1,
Sellaphora pupula,Species,Sellaphora,Sellaphora pupula,812,628,FALSE,4,4_middle,IV_middle,,neutral,,benthic,benthic (many possible substrates),SMALL,meso-eutra,TROPHIC_4,,HIGH_N,NON_N_FIXER,MODERATELY_MOTILE,HIGHLY_MOTILE.1,
Sellaphora pupula var. mutata,Variety,Sellaphora,Sellaphora pupula,5,15,FALSE,,,,,,,,,,,,,,,,,
Sellaphora pupula var. rectangularis,Variety,Sellaphora,Sellaphora pupula,2,21,FALSE,,,,,,,benthic,benthic (many possible substrates),SMALL,meso-eutra,TROPHIC_4,,HIGH_N,NON_N_FIXER,MODERATELY_MOTILE,HIGHLY_MOTILE.1,
Sellaphora raederae,Species,Sellaphora,Sellaphora raederae,94,228,FALSE,4,4_better,IV_better,,alkali,,benthic,benthic (many possible substrates),SMALL,,,,,NON_N_FIXER,MODERATELY_MOTILE,HIGHLY_MOTILE.1,
Sellaphora rectangularis,Species,Sellaphora,Sellaphora rectangularis,97,138,FALSE,4,4_better,IV_better,,acid,,benthic,benthic (many possible substrates),MEDIUM,meso-eutra,TROPHIC_4,,,NON_N_FIXER,MODERATELY_MOTILE,HIGHLY_MOTILE.1,
Sellaphora rotunda,Species,Sellaphora,Sellaphora rotunda,4,1,FALSE,,,,,,,benthic,benthic (many possible substrates),,,,,,NON_N_FIXER,MODERATELY_MOTILE,HIGHLY_MOTILE.1,
Sellaphora rugula,Species,Sellaphora,Sellaphora rugula,32,25,FALSE,,,,,,,benthic,benthic (many possible substrates),SMALL,,,,,NON_N_FIXER,MODERATELY_MOTILE,HIGHLY_MOTILE.1,
Sellaphora saugerresii,Species,Sellaphora,Sellaphora saugerresii,126,161,FALSE,4,4_better,IV_better,,alkali,,benthic,benthic (many possible substrates),VERY SMALL,,,,,NON_N_FIXER,MODERATELY_MOTILE,HIGHLY_MOTILE.1,
Sellaphora schadei,Species,Sellaphora,Sellaphora schadei,82,95,FALSE,4,4_better,IV_better,,hialkali,,benthic,benthic (many possible substrates),,,,,,NON_N_FIXER,MODERATELY_MOTILE,HIGHLY_MOTILE.1,
Sellaphora seminuloides,Species,Sellaphora,Sellaphora seminuloides,366,1041,FALSE,,,,,,,,,,,,,,,,,
Sellaphora seminulum,Species,Sellaphora,Sellaphora seminulum,528,464,FALSE,4,4_better,IV_better,,neutral,,benthic,benthic (many possible substrates),VERY SMALL,,,HIGH_P,HIGH_N,NON_N_FIXER,MODERATELY_MOTILE,HIGHLY_MOTILE.1,
Sellaphora sp. 1 NE Lakes,Species/Dataset,Sellaphora,Sellaphora sp. 1 NE Lakes,4,1,FALSE,,,,,,,benthic,benthic (many possible substrates),,,,,,NON_N_FIXER,MODERATELY_MOTILE,HIGHLY_MOTILE.1,
Sellaphora sp. 1 VTEC Lakes,Species/Dataset,Sellaphora,Sellaphora sp. 1 VTEC Lakes,4,22,FALSE,,,,,,,,,,,,,,,,,
Sellaphora sp. 10 NE Lakes,Species/Dataset,Sellaphora,Sellaphora sp. 10 NE Lakes,2,2,FALSE,,,,,,,benthic,benthic (many possible substrates),,,,,,NON_N_FIXER,MODERATELY_MOTILE,HIGHLY_MOTILE.1,
Sellaphora sp. 11 NE Lakes,Species/Dataset,Sellaphora,Sellaphora sp. 11 NE Lakes,25,17,FALSE,,,,,,,benthic,benthic (many possible substrates),,,,,,NON_N_FIXER,MODERATELY_MOTILE,HIGHLY_MOTILE.1,
Sellaphora sp. 12 NE Lakes,Species/Dataset,Sellaphora,Sellaphora sp. 12 NE Lakes,4,8,FALSE,,,,,,,benthic,benthic (many possible substrates),,,,,,NON_N_FIXER,MODERATELY_MOTILE,HIGHLY_MOTILE.1,
Sellaphora sp. 13 NE Lakes,Species/Dataset,Sellaphora,Sellaphora sp. 13 NE Lakes,2,3,FALSE,,,,,,,benthic,benthic (many possible substrates),,,,,,NON_N_FIXER,MODERATELY_MOTILE,HIGHLY_MOTILE.1,
Sellaphora sp. 14 NE Lakes,Species/Dataset,Sellaphora,Sellaphora sp. 14 NE Lakes,7,7,FALSE,,,,,,,benthic,benthic (many possible substrates),,,,,,NON_N_FIXER,MODERATELY_MOTILE,HIGHLY_MOTILE.1,
Sellaphora sp. 15 NE Lakes,Species/Dataset,Sellaphora,Sellaphora sp. 15 NE Lakes,8,14,FALSE,,,,,,,benthic,benthic (many possible substrates),,,,,,NON_N_FIXER,MODERATELY_MOTILE,HIGHLY_MOTILE.1,
Sellaphora sp. 16 NE Lakes,Species/Dataset,Sellaphora,Sellaphora sp. 16 NE Lakes,8,3,FALSE,,,,,,,benthic,benthic (many possible substrates),,,,,,NON_N_FIXER,MODERATELY_MOTILE,HIGHLY_MOTILE.1,
Sellaphora sp. 17 NE Lakes,Species/Dataset,Sellaphora,Sellaphora sp. 17 NE Lakes,2,2,FALSE,,,,,,,benthic,benthic (many possible substrates),,,,,,NON_N_FIXER,MODERATELY_MOTILE,HIGHLY_MOTILE.1,
Sellaphora sp. 18 NE Lakes,Species/Dataset,Sellaphora,Sellaphora sp. 18 NE Lakes,1,5,FALSE,,,,,,,,,,,,,,,,,
Sellaphora sp. 19 NE Lakes,Species/Dataset,Sellaphora,Sellaphora sp. 19 NE Lakes,11,18,FALSE,,,,,,,benthic,benthic (many possible substrates),,,,,,NON_N_FIXER,MODERATELY_MOTILE,HIGHLY_MOTILE.1,
Sellaphora sp. 2 NE Lakes,Species/Dataset,Sellaphora,Sellaphora sp. 2 NE Lakes,18,33,FALSE,,,,,,,benthic,benthic (many possible substrates),,,,,,NON_N_FIXER,MODERATELY_MOTILE,HIGHLY_MOTILE.1,
Sellaphora sp. 20 NE Lakes,Species/Dataset,Sellaphora,Sellaphora sp. 20 NE Lakes,13,7,FALSE,,,,,,,benthic,benthic (many possible substrates),,,,,,NON_N_FIXER,MODERATELY_MOTILE,HIGHLY_MOTILE.1,
Sellaphora sp. 21 NE Lakes,Species/Dataset,Sellaphora,Sellaphora sp. 21 NE Lakes,1,1,FALSE,,,,,,,benthic,benthic (many possible substrates),,,,,,NON_N_FIXER,MODERATELY_MOTILE,HIGHLY_MOTILE.1,
Sellaphora sp. 23 NE Lakes,Species/Dataset,Sellaphora,Sellaphora sp. 23 NE Lakes,6,3,FALSE,,,,,,,benthic,benthic (many possible substrates),,,,,,NON_N_FIXER,MODERATELY_MOTILE,HIGHLY_MOTILE.1,
Sellaphora sp. 25 NE Lakes,Species/Dataset,Sellaphora,Sellaphora sp. 25 NE Lakes,26,29,FALSE,,,,,,,benthic,benthic (many possible substrates),,,,,,NON_N_FIXER,MODERATELY_MOTILE,HIGHLY_MOTILE.1,
Sellaphora sp. 26 NE Lakes,Species/Dataset,Sellaphora,Sellaphora sp. 26 NE Lakes,7,19,FALSE,,,,,,,benthic,benthic (many possible substrates),,,,,,NON_N_FIXER,MODERATELY_MOTILE,HIGHLY_MOTILE.1,
Sellaphora sp. 27 NE Lakes,Species/Dataset,Sellaphora,Sellaphora sp. 27 NE Lakes,1,2,FALSE,,,,,,,benthic,benthic (many possible substrates),,,,,,NON_N_FIXER,MODERATELY_MOTILE,HIGHLY_MOTILE.1,
Sellaphora sp. 28 NE Lakes,Species/Dataset,Sellaphora,Sellaphora sp. 28 NE Lakes,3,3,FALSE,,,,,,,benthic,benthic (many possible substrates),,,,,,NON_N_FIXER,MODERATELY_MOTILE,HIGHLY_MOTILE.1,
Sellaphora sp. 29 NE Lakes,Species/Dataset,Sellaphora,Sellaphora sp. 29 NE Lakes,4,3,FALSE,,,,,,,benthic,benthic (many possible substrates),,,,,,NON_N_FIXER,MODERATELY_MOTILE,HIGHLY_MOTILE.1,
Sellaphora sp. 3 NE Lakes,Species/Dataset,Sellaphora,Sellaphora sp. 3 NE Lakes,38,76,FALSE,,,,,,,benthic,benthic (many possible substrates),,,,,,NON_N_FIXER,MODERATELY_MOTILE,HIGHLY_MOTILE.1,
Sellaphora sp. 3 VTEC Lakes,Species/Dataset,Sellaphora,Sellaphora sp. 3 VTEC Lakes,1,2,FALSE,,,,,,,,,,,,,,,,,
Sellaphora sp. 30 NE Lakes,Species/Dataset,Sellaphora,Sellaphora sp. 30 NE Lakes,5,3,FALSE,,,,,,,benthic,benthic (many possible substrates),,,,,,NON_N_FIXER,MODERATELY_MOTILE,HIGHLY_MOTILE.1,
Sellaphora sp. 31 NE Lakes,Species/Dataset,Sellaphora,Sellaphora sp. 31 NE Lakes,3,8,FALSE,,,,,,,benthic,benthic (many possible substrates),,,,,,NON_N_FIXER,MODERATELY_MOTILE,HIGHLY_MOTILE.1,
Sellaphora sp. 32 NE Lakes,Species/Dataset,Sellaphora,Sellaphora sp. 32 NE Lakes,5,7,FALSE,,,,,,,benthic,benthic (many possible substrates),,,,,,NON_N_FIXER,MODERATELY_MOTILE,HIGHLY_MOTILE.1,
Sellaphora sp. 33 NE Lakes,Species/Dataset,Sellaphora,Sellaphora sp. 33 NE Lakes,1,1,FALSE,,,,,,,benthic,benthic (many possible substrates),,,,,,NON_N_FIXER,MODERATELY_MOTILE,HIGHLY_MOTILE.1,
Sellaphora sp. 34 NE Lakes,Species/Dataset,Sellaphora,Sellaphora sp. 34 NE Lakes,1,1,FALSE,,,,,,,,,,,,,,,,,
Sellaphora sp. 37 NE Lakes,Species/Dataset,Sellaphora,Sellaphora sp. 37 NE Lakes,1,1,FALSE,,,,,,,benthic,benthic (many possible substrates),,,,,,NON_N_FIXER,MODERATELY_MOTILE,HIGHLY_MOTILE.1,
Sellaphora sp. 38 NE Lakes,Species/Dataset,Sellaphora,Sellaphora sp. 38 NE Lakes,5,6,FALSE,,,,,,,benthic,benthic (many possible substrates),,,,,,NON_N_FIXER,MODERATELY_MOTILE,HIGHLY_MOTILE.1,
Sellaphora sp. 39 NE Lakes,Species/Dataset,Sellaphora,Sellaphora sp. 39 NE Lakes,4,25,FALSE,,,,,,,benthic,benthic (many possible substrates),,,,,,NON_N_FIXER,MODERATELY_MOTILE,HIGHLY_MOTILE.1,
Sellaphora sp. 4 NE Lakes,Species/Dataset,Sellaphora,Sellaphora sp. 4 NE Lakes,19,30,FALSE,,,,,,,benthic,benthic (many possible substrates),,,,,,NON_N_FIXER,MODERATELY_MOTILE,HIGHLY_MOTILE.1,
Sellaphora sp. 4 VTEC Lakes,Species/Dataset,Sellaphora,Sellaphora sp. 4 VTEC Lakes,1,7,FALSE,,,,,,,,,,,,,,,,,
Sellaphora sp. 40 NE Lakes,Species/Dataset,Sellaphora,Sellaphora sp. 40 NE Lakes,11,11,FALSE,,,,,,,benthic,benthic (many possible substrates),,,,,,NON_N_FIXER,MODERATELY_MOTILE,HIGHLY_MOTILE.1,
Sellaphora sp. 41 NE Lakes,Species/Dataset,Sellaphora,Sellaphora sp. 41 NE Lakes,6,10,FALSE,,,,,,,benthic,benthic (many possible substrates),,,,,,NON_N_FIXER,MODERATELY_MOTILE,HIGHLY_MOTILE.1,
Sellaphora sp. 5 NE Lakes,Species/Dataset,Sellaphora,Sellaphora sp. 5 NE Lakes,20,12,FALSE,,,,,,,benthic,benthic (many possible substrates),,,,,,NON_N_FIXER,MODERATELY_MOTILE,HIGHLY_MOTILE.1,
Sellaphora sp. 5 VTEC Lakes,Species/Dataset,Sellaphora,Sellaphora sp. 5 VTEC Lakes,1,1,FALSE,,,,,,,,,,,,,,,,,
Sellaphora sp. 504 NE Lakes,Species/Dataset,Sellaphora,Sellaphora sp. 504 NE Lakes,2,3,FALSE,,,,,,,benthic,benthic (many possible substrates),,,,,,NON_N_FIXER,MODERATELY_MOTILE,HIGHLY_MOTILE.1,
Sellaphora sp. 505 NE Lakes,Species/Dataset,Sellaphora,Sellaphora sp. 505 NE Lakes,1,2,FALSE,,,,,,,benthic,benthic (many possible substrates),,,,,,NON_N_FIXER,MODERATELY_MOTILE,HIGHLY_MOTILE.1,
Sellaphora sp. 507 NE Lakes,Species/Dataset,Sellaphora,Sellaphora sp. 507 NE Lakes,2,2,FALSE,,,,,,,benthic,benthic (many possible substrates),,,,,,NON_N_FIXER,MODERATELY_MOTILE,HIGHLY_MOTILE.1,
Sellaphora sp. 508 NE Lakes,Species/Dataset,Sellaphora,Sellaphora sp. 508 NE Lakes,2,6,FALSE,,,,,,,benthic,benthic (many possible substrates),,,,,,NON_N_FIXER,MODERATELY_MOTILE,HIGHLY_MOTILE.1,
Sellaphora sp. 6 NE Lakes,Species/Dataset,Sellaphora,Sellaphora sp. 6 NE Lakes,9,6,FALSE,,,,,,,benthic,benthic (many possible substrates),,,,,,NON_N_FIXER,MODERATELY_MOTILE,HIGHLY_MOTILE.1,
Sellaphora sp. 6 VTEC Lakes,Species/Dataset,Sellaphora,Sellaphora sp. 6 VTEC Lakes,1,2,FALSE,,,,,,,,,,,,,,,,,
Sellaphora sp. 7 NE Lakes,Species/Dataset,Sellaphora,Sellaphora sp. 7 NE Lakes,12,10,FALSE,,,,,,,benthic,benthic (many possible substrates),,,,,,NON_N_FIXER,MODERATELY_MOTILE,HIGHLY_MOTILE.1,
Sellaphora sp. 7 VTEC Lakes,Species/Dataset,Sellaphora,Sellaphora sp. 7 VTEC Lakes,1,2,FALSE,,,,,,,,,,,,,,,,,
Sellaphora sp. 8 NE Lakes,Species/Dataset,Sellaphora,Sellaphora sp. 8 NE Lakes,13,22,FALSE,,,,,,,benthic,benthic (many possible substrates),,,,,,NON_N_FIXER,MODERATELY_MOTILE,HIGHLY_MOTILE.1,
Sellaphora sp. 8 VTEC Lakes,Species/Dataset,Sellaphora,Sellaphora sp. 8 VTEC Lakes,1,2,FALSE,,,,,,,,,,,,,,,,,
Sellaphora sp. 9 NE Lakes,Species/Dataset,Sellaphora,Sellaphora sp. 9 NE Lakes,5,27,FALSE,,,,,,,benthic,benthic (many possible substrates),,,,,,NON_N_FIXER,MODERATELY_MOTILE,HIGHLY_MOTILE.1,
Sellaphora sp. 9 VTEC Lakes,Species/Dataset,Sellaphora,Sellaphora sp. 9 VTEC Lakes,1,3,FALSE,,,,,,,,,,,,,,,,,
Sellaphora sp.19 SESQA,Species/Dataset,Sellaphora,Sellaphora sp.19 SESQA,72,46,FALSE,4,4_better,IV_better,,alkali,,benthic,benthic (many possible substrates),,,,,,NON_N_FIXER,MODERATELY_MOTILE,HIGHLY_MOTILE.1,
Sellaphora stauroneioides,Species,Sellaphora,Sellaphora stauroneioides,5,3,FALSE,,,,,,,benthic,benthic (many possible substrates),SMALL,,,,,NON_N_FIXER,MODERATELY_MOTILE,HIGHLY_MOTILE.1,
Sellaphora stroemii,Species,Sellaphora,Sellaphora stroemii,10,10,FALSE,,,,,,,benthic,benthic (many possible substrates),VERY SMALL,,,,,NON_N_FIXER,MODERATELY_MOTILE,HIGHLY_MOTILE.1,
Sellaphora submuralis,Species,Sellaphora,Sellaphora submuralis,102,199,FALSE,4,4_better,IV_better,,,,benthic,benthic (many possible substrates),VERY SMALL,,,,HIGH_N,NON_N_FIXER,SLIGHTLY_MOTILE,HIGHLY_MOTILE.1,
Sellaphora subrotundata,Species,Sellaphora,Sellaphora subrotundata,31,72,FALSE,,,,,,,benthic,benthic (many possible substrates),,,,,,NON_N_FIXER,MODERATELY_MOTILE,HIGHLY_MOTILE.1,
Sellaphora tridentula,Species,Sellaphora,Sellaphora tridentula,28,13,FALSE,,,,,,,benthic,benthic (many possible substrates),,,,,,NON_N_FIXER,MODERATELY_MOTILE,HIGHLY_MOTILE.1,
Sellaphora utermoehlii,Species,Sellaphora,Sellaphora utermoehlii,5,13,FALSE,,,,,,,benthic,benthic (many possible substrates),,,,,,NON_N_FIXER,MODERATELY_MOTILE,HIGHLY_MOTILE.1,
Sellaphora verecundiae,Species,Sellaphora,Sellaphora verecundiae,69,204,FALSE,,,,,,,benthic,benthic (many possible substrates),,,,,,NON_N_FIXER,MODERATELY_MOTILE,HIGHLY_MOTILE.1,
Sellaphora vitabunda,Species,Sellaphora,Sellaphora vitabunda,49,345,FALSE,,,,,,,benthic,benthic (many possible substrates),SMALL,,,,,NON_N_FIXER,SLIGHTLY_MOTILE,HIGHLY_MOTILE.1,
Sellaphora wallacei,Species,Sellaphora,Sellaphora wallacei,22,14,FALSE,,,,,,,benthic,benthic (many possible substrates),,,,,,NON_N_FIXER,MODERATELY_MOTILE,HIGHLY_MOTILE.1,
Sellaphors alastos,Species,Sellaphors,Sellaphors alastos,1,1,FALSE,,,,,,,benthic,benthic (many possible substrates),,,,,,,,,
Semiorbis hemicyclus,Species,Semiorbis,Semiorbis hemicyclus,177,278,FALSE,3,,III,low,acid,,benthic,benthic (many possible substrates),SMALL,,,,,NON_N_FIXER,WEAKLY_MOTILE,,
Simonsenia delognei,Species,Simonsenia,Simonsenia delognei,1,2,FALSE,,,,,,,benthic,benthic (many possible substrates),VERY SMALL,,,HIGH_P,,NON_N_FIXER,SLIGHTLY_MOTILE,HIGHLY_MOTILE.1,
Skabitschewskia oestrupii,Species,Skabitschewskia,Skabitschewskia oestrupii,1,2,FALSE,,,,,,,benthic,benthic (many possible substrates),,,,,,,,,
Skabitschewskia peragalloi,Species,Skabitschewskia,Skabitschewskia peragalloi,4,6,FALSE,,,,,,,benthic,benthic (many possible substrates),,,,,,,,,
Skeletonema,Genera,Skeletonema,,1,14,FALSE,,,,,,,planktonic,planktonic,,,,,,,,,
Skeletonema potamos,Species,Skeletonema,Skeletonema potamos,1,21,FALSE,,,,,,,planktonic,planktonic,VERY SMALL,eutra,TROPHIC_5,,,NON_N_FIXER,NON_MOTILE,,
Stauroforma,Genera,Stauroforma,,5,121,FALSE,4,4_better,IV_better,,acid,,benthic,benthic (many possible substrates),,,,,,,,,
Stauroforma exiguiformis,Species,Stauroforma,Stauroforma exiguiformis,752,3940,FALSE,4,4_better,IV_better,,acid,,benthic,benthic (many possible substrates),,oligo,TROPHIC_1,,LOW_N,NON_N_FIXER,NON_MOTILE,ARAPHID,
Stauroforma inermis,Species,Stauroforma,Stauroforma inermis,1,2,FALSE,,,,,,,,,,,,,,,,,
Stauroneis,Genera,Stauroneis,,166,46,FALSE,4,4_better,IV_better,,acid,,benthic,benthic (many possible substrates),,,,,,NON_N_FIXER,MODERATELY_MOTILE,HIGHLY_MOTILE.1,
Stauroneis acuta,Species,Stauroneis,Stauroneis acuta,5,3,FALSE,,,,,,,benthic,benthic (many possible substrates),,,,,,NON_N_FIXER,MODERATELY_MOTILE,HIGHLY_MOTILE.1,
Stauroneis agrestis,Species,Stauroneis,Stauroneis agrestis,11,20,FALSE,,,,,,,benthic,benthic (many possible substrates),,,,,,NON_N_FIXER,MODERATELY_MOTILE,HIGHLY_MOTILE.1,
Stauroneis alabamae,Species,Stauroneis,Stauroneis alabamae,7,15,FALSE,,,,,,,benthic,benthic (many possible substrates),,,,,,NON_N_FIXER,MODERATELY_MOTILE,HIGHLY_MOTILE.1,
Stauroneis amphicephala,Species,Stauroneis,Stauroneis amphicephala,28,19,FALSE,,,,,,,benthic,benthic (many possible substrates),,,,,,NON_N_FIXER,MODERATELY_MOTILE,HIGHLY_MOTILE.1,
Stauroneis amphioxys,Species,Stauroneis,Stauroneis amphioxys,1,1,FALSE,,,,,,,benthic,benthic (many possible substrates),,,,,,NON_N_FIXER,MODERATELY_MOTILE,HIGHLY_MOTILE.1,
Stauroneis anceps,Species,Stauroneis,Stauroneis anceps,349,187,FALSE,3,,III,low,acid,,benthic,benthic (many possible substrates),MEDIUM,meso-eutra,TROPHIC_4,,,NON_N_FIXER,MODERATELY_MOTILE,HIGHLY_MOTILE.1,
Stauroneis anceps var. 1 PIRLA,Variety/Dataset,Stauroneis,Stauroneis anceps,44,64,FALSE,,,,,,,,,,,,,,,,,
Stauroneis anceps var. 2 PIRLA,Variety/Dataset,Stauroneis,Stauroneis anceps,52,80,FALSE,,,,,,,,,,,,,,,,,
Stauroneis anceps var. 3 PIRLA,Variety/Dataset,Stauroneis,Stauroneis anceps,19,27,FALSE,,,,,,,,,,,,,,,,,
Stauroneis anceps var. linearis,Variety,Stauroneis,Stauroneis anceps,3,3,FALSE,,,,,,,benthic,benthic (many possible substrates),MEDIUM,meso-eutra,TROPHIC_4,,,NON_N_FIXER,MODERATELY_MOTILE,HIGHLY_MOTILE.1,
Stauroneis angustilancea,Species,Stauroneis,Stauroneis angustilancea,1,2,FALSE,,,,,,,,,,,,,,,,,
Stauroneis baconiana,Species,Stauroneis,Stauroneis baconiana,119,129,FALSE,4,4_better,IV_better,,neutral,,benthic,benthic (many possible substrates),,,,,,NON_N_FIXER,MODERATELY_MOTILE,HIGHLY_MOTILE.1,
Stauroneis bryocola,Species,Stauroneis,Stauroneis bryocola,1,2,FALSE,,,,,,,,,,,,,,,,,
Stauroneis conspicua,Species,Stauroneis,Stauroneis conspicua,4,2,FALSE,,,,,,,benthic,benthic (many possible substrates),,,,,,NON_N_FIXER,MODERATELY_MOTILE,HIGHLY_MOTILE.1,
Stauroneis dilatata,Species,Stauroneis,Stauroneis dilatata,1,1,FALSE,,,,,,,benthic,benthic (many possible substrates),,,,,,NON_N_FIXER,MODERATELY_MOTILE,HIGHLY_MOTILE.1,
Stauroneis elegantula,Species,Stauroneis,Stauroneis elegantula,1,2,FALSE,,,,,,,,,,,,,,,,,
Stauroneis fluminea,Species,Stauroneis,Stauroneis fluminea,1,2,FALSE,,,,,,,benthic,benthic (many possible substrates),,,,,,NON_N_FIXER,MODERATELY_MOTILE,HIGHLY_MOTILE.1,
Stauroneis fluminopsis,Species,Stauroneis,Stauroneis fluminopsis,1,1,FALSE,,,,,,,benthic,benthic (many possible substrates),,,,,,NON_N_FIXER,MODERATELY_MOTILE,HIGHLY_MOTILE.1,
Stauroneis gracilior,Species,Stauroneis,Stauroneis gracilior,2,7,FALSE,,,,,,,,,,,,,,,,,
Stauroneis gracilis,Species,Stauroneis,Stauroneis gracilis,482,158,FALSE,4,4_middle,IV_middle,,acid,,benthic,benthic (many possible substrates),,,,,,NON_N_FIXER,MODERATELY_MOTILE,HIGHLY_MOTILE.1,
Stauroneis heinii,Species,Stauroneis,Stauroneis heinii,3,3,FALSE,,,,,,,benthic,benthic (many possible substrates),,,,,,NON_N_FIXER,MODERATELY_MOTILE,HIGHLY_MOTILE.1,
Stauroneis kootenai,Species,Stauroneis,Stauroneis kootenai,2,3,FALSE,,,,,,,benthic,benthic (many possible substrates),,,,,,NON_N_FIXER,MODERATELY_MOTILE,HIGHLY_MOTILE.1,
Stauroneis kriegeri,Species,Stauroneis,Stauroneis kriegeri,99,36,FALSE,4,4_middle,IV_middle,,neutral,,benthic,benthic (many possible substrates),SMALL,meso-eutra,TROPHIC_4,,,NON_N_FIXER,MODERATELY_MOTILE,HIGHLY_MOTILE.1,
Stauroneis lapponica,Species,Stauroneis,Stauroneis lapponica,2,4,FALSE,,,,,,,benthic,benthic (many possible substrates),,,,,,NON_N_FIXER,MODERATELY_MOTILE,HIGHLY_MOTILE.1,
Stauroneis lauenburgiana,Species,Stauroneis,Stauroneis lauenburgiana,2,1,FALSE,,,,,,,benthic,benthic (many possible substrates),,,,,,NON_N_FIXER,MODERATELY_MOTILE,HIGHLY_MOTILE.1,
Stauroneis leguminopsis,Species,Stauroneis,Stauroneis leguminopsis,1,1,FALSE,,,,,,,,,,,,,,,,,
Stauroneis livingstonii,Species,Stauroneis,Stauroneis livingstonii,111,16,FALSE,3,,III,low,acid,,benthic,benthic (many possible substrates),MEDIUM,,,,,NON_N_FIXER,MODERATELY_MOTILE,HIGHLY_MOTILE.1,
Stauroneis nana,Species,Stauroneis,Stauroneis nana,4,18,FALSE,,,,,,,benthic,benthic (many possible substrates),,,,,,NON_N_FIXER,MODERATELY_MOTILE,HIGHLY_MOTILE.1,
Stauroneis neohyalina,Species,Stauroneis,Stauroneis neohyalina,56,39,FALSE,4,4_better,IV_better,,neutral,,benthic,benthic (many possible substrates),,,,,,NON_N_FIXER,MODERATELY_MOTILE,HIGHLY_MOTILE.1,
Stauroneis nobilis,Species,Stauroneis,Stauroneis nobilis,9,17,FALSE,4,4_better,IV_better,,acid,,benthic,benthic (many possible substrates),BIG,,,,,NON_N_FIXER,MODERATELY_MOTILE,HIGHLY_MOTILE.1,
Stauroneis nobilis var. gracilis,Variety,Stauroneis,Stauroneis nobilis,57,123,FALSE,4,4_better,IV_better,,acid,,benthic,benthic (many possible substrates),BIG,,,,,NON_N_FIXER,MODERATELY_MOTILE,HIGHLY_MOTILE.1,
Stauroneis obtusa,Species,Stauroneis,Stauroneis obtusa,1,1,FALSE,,,,,,,,,,,,,,,,,
Stauroneis parathermicola,Species,Stauroneis,Stauroneis parathermicola,1,2,FALSE,,,,,,,,,,,,,,,,,
Stauroneis phoenicenteron,Species,Stauroneis,Stauroneis phoenicenteron,534,241,FALSE,4,4_middle,IV_middle,,acid,,benthic,benthic (many possible substrates),BIG,,,,,NON_N_FIXER,MODERATELY_MOTILE,HIGHLY_MOTILE.1,
Stauroneis phoenicenteron f. gracilis,Variety,Stauroneis,Stauroneis phoenicenteron,26,12,FALSE,,,,,,,benthic,benthic (many possible substrates),BIG,,,,,NON_N_FIXER,MODERATELY_MOTILE,HIGHLY_MOTILE.1,
Stauroneis phoenicenteron var. gracilis,Variety,Stauroneis,Stauroneis phoenicenteron,5,6,FALSE,,,,,,,,,,,,,,,,,
Stauroneis pikuni,Species,Stauroneis,Stauroneis pikuni,2,6,FALSE,,,,,,,benthic,benthic (many possible substrates),,,,,,NON_N_FIXER,MODERATELY_MOTILE,HIGHLY_MOTILE.1,
Stauroneis producta,Species,Stauroneis,Stauroneis producta,9,9,FALSE,,,,,,,benthic,benthic (many possible substrates),,,,,,NON_N_FIXER,MODERATELY_MOTILE,HIGHLY_MOTILE.1,
Stauroneis rex,Species,Stauroneis,Stauroneis rex,10,3,FALSE,,,,,,,benthic,benthic (many possible substrates),,,,,,NON_N_FIXER,MODERATELY_MOTILE,HIGHLY_MOTILE.1,
Stauroneis siberica,Species,Stauroneis,Stauroneis siberica,7,7,FALSE,,,,,,,benthic,benthic (many possible substrates),,,,,,NON_N_FIXER,MODERATELY_MOTILE,HIGHLY_MOTILE.1,
Stauroneis smithii,Species,Stauroneis,Stauroneis smithii,106,18,FALSE,4,4_better,IV_better,,neutral,,benthic,benthic (many possible substrates),VERY SMALL,indiff,TROPHIC_7,,,NON_N_FIXER,MODERATELY_MOTILE,HIGHLY_MOTILE.1,
Stauroneis smithii var. incisa,Variety,Stauroneis,Stauroneis smithii,5,1,FALSE,,,,,,,benthic,benthic (many possible substrates),VERY SMALL,,,,,NON_N_FIXER,MODERATELY_MOTILE,HIGHLY_MOTILE.1,
Stauroneis sp. 1 NE Lakes,Species/Dataset,Stauroneis,Stauroneis sp. 1 NE Lakes,6,10,FALSE,,,,,,,benthic,benthic (many possible substrates),,,,,,NON_N_FIXER,MODERATELY_MOTILE,HIGHLY_MOTILE.1,
Stauroneis sp. 1 VTEC Lakes,Species/Dataset,Stauroneis,Stauroneis sp. 1 VTEC Lakes,1,2,FALSE,,,,,,,,,,,,,,,,,
Stauroneis sp. 2 VTEC Lakes,Species/Dataset,Stauroneis,Stauroneis sp. 2 VTEC Lakes,1,2,FALSE,,,,,,,,,,,,,,,,,
Stauroneis sp. 3 NE Lakes,Species/Dataset,Stauroneis,Stauroneis sp. 3 NE Lakes,1,1,FALSE,,,,,,,,,,,,,,,,,
Stauroneis sp. 5 NE Lakes,Species/Dataset,Stauroneis,Stauroneis sp. 5 NE Lakes,43,233,FALSE,,,,,,,benthic,benthic (many possible substrates),,,,,,NON_N_FIXER,MODERATELY_MOTILE,HIGHLY_MOTILE.1,
Stauroneis sp. 6 NE Lakes,Species/Dataset,Stauroneis,Stauroneis sp. 6 NE Lakes,7,3,FALSE,,,,,,,benthic,benthic (many possible substrates),,,,,,NON_N_FIXER,MODERATELY_MOTILE,HIGHLY_MOTILE.1,
Stauroneis sp. 8 NAWQA DW,Species/Dataset,Stauroneis,Stauroneis sp. 8 NAWQA DW,12,12,FALSE,,,,,,,,,,,,,,,,,
Stauroneis staurolineata,Species,Stauroneis,Stauroneis staurolineata,28,3,FALSE,,,,,,,benthic,benthic (many possible substrates),,,,,,NON_N_FIXER,MODERATELY_MOTILE,HIGHLY_MOTILE.1,
Stauroneis stodderi,Species,Stauroneis,Stauroneis stodderi,21,7,FALSE,,,,,,,benthic,benthic (many possible substrates),,,,,,NON_N_FIXER,MODERATELY_MOTILE,HIGHLY_MOTILE.1,
Stauroneis subborealis,Species,Stauroneis,Stauroneis subborealis,1,4,FALSE,,,,,,,,,,,,,,,,,
Stauroneis subgracilis,Species,Stauroneis,Stauroneis subgracilis,2,1,FALSE,,,,,,,benthic,benthic (many possible substrates),,,,,,NON_N_FIXER,MODERATELY_MOTILE,HIGHLY_MOTILE.1,
Stauroneis supergracilis,Species,Stauroneis,Stauroneis supergracilis,2,5,FALSE,,,,,,,benthic,benthic (many possible substrates),,,,,,NON_N_FIXER,MODERATELY_MOTILE,HIGHLY_MOTILE.1,
Stauroneis thermicola,Species,Stauroneis,Stauroneis thermicola,8,6,FALSE,,,,,,,benthic,benthic (many possible substrates),,indiff,TROPHIC_7,,,NON_N_FIXER,MODERATELY_MOTILE,HIGHLY_MOTILE.1,
Staurophora sp. 1 NE Lakes,Species/Dataset,Staurophora,Staurophora sp. 1 NE Lakes,2,2,FALSE,,,,,,,benthic,benthic (many possible substrates),,,,,,,,,
Staurophora sp. 2 NE Lakes,Species/Dataset,Staurophora,Staurophora sp. 2 NE Lakes,7,3,FALSE,,,,,,,benthic,benthic (many possible substrates),,,,,,,,,
Staurosira,Genera,Staurosira,,12,25,FALSE,4,4_middle,IV_middle,,alkali,,"benthic,sandmud",benthic (strong sand/mud indicator),VERY SMALL,,,,,NON_N_FIXER,NON_MOTILE,ARAPHID,
Staurosira binodis,Species,Staurosira,Staurosira binodis,32,71,FALSE,,,,,,,,,,,,,,,,,
Staurosira construens,Species,Staurosira,Staurosira construens,731,10012,FALSE,4,4_middle,IV_middle,,alkali,,"benthic,sandmud",benthic (strong sand/mud indicator),VERY SMALL,meso-eutra,TROPHIC_4,,,NON_N_FIXER,NON_MOTILE,ARAPHID,
Staurosira construens var. binodis,Variety,Staurosira,Staurosira construens,295,512,FALSE,4,4_better,IV_better,,neutral,,"benthic,sandmud",benthic (strong sand/mud indicator),VERY SMALL,meso-eutra,TROPHIC_4,,,NON_N_FIXER,NON_MOTILE,ARAPHID,
Staurosira construens var. exigua,Variety,Staurosira,Staurosira construens,1,1,FALSE,,,,,,,,,,,,,,,,,
Staurosira construens var. pumila,Variety,Staurosira,Staurosira construens,52,395,FALSE,,,,,,,"benthic,sandmud",benthic (strong sand/mud indicator),VERY SMALL,,,,,NON_N_FIXER,NON_MOTILE,ARAPHID,
Staurosira construens var. subsalina,Variety,Staurosira,Staurosira construens,4,14,FALSE,,,,,,,"benthic,sandmud",benthic (strong sand/mud indicator),VERY SMALL,meso-eutra,TROPHIC_4,,,NON_N_FIXER,NON_MOTILE,ARAPHID,
Staurosira construens var. venter,Variety,Staurosira,Staurosira construens,823,12920,FALSE,4,4_middle,IV_middle,,alkali,,"benthic,sandmud",benthic (strong sand/mud indicator),VERY SMALL,meso-eutra,TROPHIC_4,,,NON_N_FIXER,NON_MOTILE,ARAPHID,
Staurosira neoproducta,Species,Staurosira,Staurosira neoproducta,3,109,FALSE,,,,,,,,,,,,,,,,,
Staurosira sp. 1 NE Lakes,Species/Dataset,Staurosira,Staurosira sp. 1 NE Lakes,9,4,FALSE,,,,,,,"benthic,sandmud",benthic (strong sand/mud indicator),VERY SMALL,,,,,NON_N_FIXER,NON_MOTILE,ARAPHID,
Staurosira sp. 2 NE Lakes,Species/Dataset,Staurosira,Staurosira sp. 2 NE Lakes,92,970,FALSE,4,4_middle,IV_middle,,alkali,,"benthic,sandmud",benthic (strong sand/mud indicator),VERY SMALL,,,,,NON_N_FIXER,NON_MOTILE,ARAPHID,
Staurosira sp. 3 NE Lakes,Species/Dataset,Staurosira,Staurosira sp. 3 NE Lakes,7,16,FALSE,,,,,,,"benthic,sandmud",benthic (strong sand/mud indicator),VERY SMALL,,,,,NON_N_FIXER,NON_MOTILE,ARAPHID,
Staurosira sp. 4 NE Lakes,Species/Dataset,Staurosira,Staurosira sp. 4 NE Lakes,3,3,FALSE,,,,,,,"benthic,sandmud",benthic (strong sand/mud indicator),VERY SMALL,,,,,NON_N_FIXER,NON_MOTILE,ARAPHID,
Staurosira sp. 5 NE Lakes,Species/Dataset,Staurosira,Staurosira sp. 5 NE Lakes,20,70,FALSE,,,,,,,"benthic,sandmud",benthic (strong sand/mud indicator),VERY SMALL,,,,,NON_N_FIXER,NON_MOTILE,ARAPHID,
Staurosira sp. 6 NE Lakes,Species/Dataset,Staurosira,Staurosira sp. 6 NE Lakes,23,23,FALSE,,,,,,,"benthic,sandmud",benthic (strong sand/mud indicator),VERY SMALL,,,,,NON_N_FIXER,NON_MOTILE,ARAPHID,
Staurosira sp. 7 NE Lakes,Species/Dataset,Staurosira,Staurosira sp. 7 NE Lakes,8,39,FALSE,,,,,,,"benthic,sandmud",benthic (strong sand/mud indicator),VERY SMALL,,,,,NON_N_FIXER,NON_MOTILE,ARAPHID,
Staurosirella,Genera,Staurosirella,,90,270,FALSE,4,4_middle,IV_middle,,alkali,,"benthic,sandmud",benthic (strong sand/mud indicator),VERY SMALL,,,,,NON_N_FIXER,NON_MOTILE,ARAPHID,
Staurosirella berolinensis,Species,Staurosirella,Staurosirella berolinensis,17,11,FALSE,,,,,,,"benthic,sandmud",benthic (strong sand/mud indicator),VERY SMALL,hypereutra,TROPHIC_6,,,NON_N_FIXER,NON_MOTILE,ARAPHID,
Staurosirella lapponica,Species,Staurosirella,Staurosirella lapponica,9,100,FALSE,,,,,,,,,,,,,,,,,
Staurosirella leptostauron,Species,Staurosirella,Staurosirella leptostauron,84,383,FALSE,4,4_better,IV_better,,alkali,,"benthic,sandmud",benthic (strong sand/mud indicator),VERY SMALL,meso-eutra,TROPHIC_4,LOW_P,LOW_N,NON_N_FIXER,NON_MOTILE,ARAPHID,
Staurosirella leptostauron var. dubia,Variety,Staurosirella,Staurosirella leptostauron,9,29,FALSE,,,,,,,"benthic,sandmud",benthic (strong sand/mud indicator),VERY SMALL,,,LOW_P,LOW_N,NON_N_FIXER,NON_MOTILE,ARAPHID,
Staurosirella martyi,Species,Staurosirella,Staurosirella martyi,39,141,FALSE,,,,,,,"benthic,sandmud",benthic (strong sand/mud indicator),VERY SMALL,,,,,NON_N_FIXER,NON_MOTILE,ARAPHID,
Staurosirella oldenburgiana,Species,Staurosirella,Staurosirella oldenburgiana,219,165,FALSE,4,4_better,IV_better,,neutral,,"benthic,sandmud",benthic (strong sand/mud indicator),VERY SMALL,oligo-meso,TROPHIC_2,,,NON_N_FIXER,NON_MOTILE,ARAPHID,
Staurosirella pinnata,Species,Staurosirella,Staurosirella pinnata,1287,14154,FALSE,4,4_middle,IV_middle,,alkali,,"benthic,sandmud",benthic (strong sand/mud indicator),VERY SMALL,indiff,TROPHIC_7,,LOW_N,NON_N_FIXER,NON_MOTILE,ARAPHID,
Staurosirella pinnata var. intercedens,Variety,Staurosirella,Staurosirella pinnata,45,127,FALSE,,,,,,,"benthic,sandmud",benthic (strong sand/mud indicator),VERY SMALL,,,,,NON_N_FIXER,NON_MOTILE,ARAPHID,
Staurosirella pinnata var. trigona,Variety,Staurosirella,Staurosirella pinnata,1,1,FALSE,,,,,,,"benthic,sandmud",benthic (strong sand/mud indicator),VERY SMALL,indiff,TROPHIC_7,,LOW_N,NON_N_FIXER,NON_MOTILE,ARAPHID,
Staurosirella rhomboides,Species,Staurosirella,Staurosirella rhomboides,11,26,FALSE,,,,,,,"benthic,sandmud",benthic (strong sand/mud indicator),VERY SMALL,,,,,NON_N_FIXER,NON_MOTILE,ARAPHID,
Staurosirella sp. 1 NE Lakes,Species/Dataset,Staurosirella,Staurosirella sp. 1 NE Lakes,147,756,FALSE,4,4_better,IV_better,,hialkali,,"benthic,sandmud",benthic (strong sand/mud indicator),VERY SMALL,,,,,NON_N_FIXER,NON_MOTILE,ARAPHID,
Staurosirella sp. 2 NE Lakes,Species/Dataset,Staurosirella,Staurosirella sp. 2 NE Lakes,137,1570,FALSE,4,4_better,IV_better,,alkali,,"benthic,sandmud",benthic (strong sand/mud indicator),VERY SMALL,,,,,NON_N_FIXER,NON_MOTILE,ARAPHID,
Staurosirella sp. 3 NE Lakes,Species/Dataset,Staurosirella,Staurosirella sp. 3 NE Lakes,2,1,FALSE,,,,,,,"benthic,sandmud",benthic (strong sand/mud indicator),VERY SMALL,,,,,NON_N_FIXER,NON_MOTILE,ARAPHID,
Staurosirella sp. 4 NE Lakes,Species/Dataset,Staurosirella,Staurosirella sp. 4 NE Lakes,28,92,FALSE,,,,,,,"benthic,sandmud",benthic (strong sand/mud indicator),VERY SMALL,,,,,NON_N_FIXER,NON_MOTILE,ARAPHID,
Staurosirella sp. 5 NE Lakes,Species/Dataset,Staurosirella,Staurosirella sp. 5 NE Lakes,3,108,FALSE,,,,,,,"benthic,sandmud",benthic (strong sand/mud indicator),VERY SMALL,,,,,NON_N_FIXER,NON_MOTILE,ARAPHID,
Staurosirella/Staurosira,Genus/Slash,Staurosirella/Staurosira,,6,24,FALSE,,,,,,,,,,,,,,,,,
Stenopterobia,Genera,Stenopterobia,,5,3,FALSE,3,,III,low,acid,,benthic,benthic (many possible substrates),MEDIUM,,,,,NON_N_FIXER,HIGHLY_MOTILE,HIGHLY_MOTILE.1,
Stenopterobia anceps,Species,Stenopterobia,Stenopterobia anceps,72,23,FALSE,3,,III,low,acid,,benthic,benthic (many possible substrates),MEDIUM,,,,,NON_N_FIXER,HIGHLY_MOTILE,HIGHLY_MOTILE.1,
Stenopterobia baileyi,Species,Stenopterobia,Stenopterobia baileyi,5,3,FALSE,,,,,,,benthic,benthic (many possible substrates),MEDIUM,,,,,NON_N_FIXER,HIGHLY_MOTILE,HIGHLY_MOTILE.1,
Stenopterobia densestriata,Species,Stenopterobia,Stenopterobia densestriata,19,28,FALSE,,,,,,,benthic,benthic (many possible substrates),MEDIUM,oligo,TROPHIC_1,,,NON_N_FIXER,HIGHLY_MOTILE,HIGHLY_MOTILE.1,
Stenopterobia intermedia,Species,Stenopterobia,Stenopterobia intermedia,377,146,FALSE,3,,III,low,acid,,benthic,benthic (many possible substrates),MEDIUM,,,,,NON_N_FIXER,HIGHLY_MOTILE,HIGHLY_MOTILE.1,
Stenopterobia intermedia fo. subacuta,Variety,Stenopterobia,Stenopterobia intermedia,29,10,FALSE,,,,,,,benthic,benthic (many possible substrates),MEDIUM,,,,,NON_N_FIXER,HIGHLY_MOTILE,HIGHLY_MOTILE.1,
Stenopterobia planctonica,Species,Stenopterobia,Stenopterobia planctonica,22,16,FALSE,,,,,,,benthic,benthic (many possible substrates),MEDIUM,,,,,NON_N_FIXER,HIGHLY_MOTILE,HIGHLY_MOTILE.1,
Stenopterobia sp. 1 NE Lakes,Species/Dataset,Stenopterobia,Stenopterobia sp. 1 NE Lakes,6,10,FALSE,,,,,,,benthic,benthic (many possible substrates),MEDIUM,,,,,NON_N_FIXER,HIGHLY_MOTILE,HIGHLY_MOTILE.1,
Stenopterobia sp. 2 NE Lakes,Species/Dataset,Stenopterobia,Stenopterobia sp. 2 NE Lakes,5,9,FALSE,,,,,,,benthic,benthic (many possible substrates),MEDIUM,,,,,NON_N_FIXER,HIGHLY_MOTILE,HIGHLY_MOTILE.1,
Stenopterobia sp. 5 NE Lakes,Species/Dataset,Stenopterobia,Stenopterobia sp. 5 NE Lakes,1,2,FALSE,,,,,,,benthic,benthic (many possible substrates),MEDIUM,,,,,NON_N_FIXER,HIGHLY_MOTILE,HIGHLY_MOTILE.1,
Stephanoarcus vestibulis,Species,Stephanoarcus,Stephanoarcus vestibulis,5,84,FALSE,,,,,,,planktonic,planktonic,,,,,,NON_N_FIXER,NON_MOTILE,,
Stephanocyclus meneghinianus,Species,Stephanocyclus,Stephanocyclus meneghinianus,208,1033,FALSE,5,,V,high,hialkali,,planktonic,planktonic,SMALL,eutra,TROPHIC_5,HIGH_P,HIGH_N,NON_N_FIXER,NON_MOTILE,,
Stephanodiscus,Genera,Stephanodiscus,,37,243,FALSE,5,,V,,hialkali,,planktonic,planktonic,MEDIUM,,,,,NON_N_FIXER,NON_MOTILE,,
Stephanodiscus agassizensis,Species,Stephanodiscus,Stephanodiscus agassizensis,8,115,FALSE,,,,,,,planktonic,planktonic,MEDIUM,,,,,NON_N_FIXER,NON_MOTILE,,
Stephanodiscus alpinus,Species,Stephanodiscus,Stephanodiscus alpinus,46,81,FALSE,,,,,,,planktonic,planktonic,MEDIUM,,,,,NON_N_FIXER,NON_MOTILE,,
Stephanodiscus astraea,Species,Stephanodiscus,Stephanodiscus astraea,2,4,FALSE,,,,,,,planktonic,planktonic,MEDIUM,,,,,NON_N_FIXER,NON_MOTILE,,
Stephanodiscus binatus,Species,Stephanodiscus,Stephanodiscus binatus,1,1,FALSE,,,,,,,,,,,,,,,,,
Stephanodiscus binderanus var. oestrupii,Variety,Stephanodiscus,Stephanodiscus binderanus,19,413,FALSE,,,,,,,planktonic,planktonic,SMALL,,,,,NON_N_FIXER,NON_MOTILE,,
Stephanodiscus hantzschii,Species,Stephanodiscus,Stephanodiscus hantzschii,110,2367,FALSE,5,,V,,hialkali,,planktonic,planktonic,SMALL,hypereutra,TROPHIC_6,HIGH_P,HIGH_N,NON_N_FIXER,NON_MOTILE,,
Stephanodiscus hantzschii f. tenuis,Variety,Stephanodiscus,Stephanodiscus hantzschii,20,47,FALSE,,,,,,,planktonic,planktonic,SMALL,hypereutra,TROPHIC_6,HIGH_P,HIGH_N,NON_N_FIXER,NON_MOTILE,,
Stephanodiscus medius,Species,Stephanodiscus,Stephanodiscus medius,47,118,FALSE,,,,,,,planktonic,planktonic,SMALL,,,,,NON_N_FIXER,NON_MOTILE,,
Stephanodiscus minutulus,Species,Stephanodiscus,Stephanodiscus minutulus,55,434,FALSE,,,,,,,planktonic,planktonic,SMALL,hypereutra,TROPHIC_6,,,NON_N_FIXER,NON_MOTILE,,
Stephanodiscus niagarae,Species,Stephanodiscus,Stephanodiscus niagarae,193,573,FALSE,4,4_middle,IV_middle,,hialkali,,planktonic,planktonic,BIG,,,,,NON_N_FIXER,NON_MOTILE,,
Stephanodiscus oregonica,Species,Stephanodiscus,Stephanodiscus oregonica,2,12,FALSE,,,,,,,planktonic,planktonic,MEDIUM,,,,,NON_N_FIXER,NON_MOTILE,,
Stephanodiscus parvus,Species,Stephanodiscus,Stephanodiscus parvus,31,578,FALSE,5,,V,high,,,planktonic,planktonic,SMALL,hypereutra,TROPHIC_6,,,NON_N_FIXER,NON_MOTILE,,
Stephanodiscus sp. 1 VTEC Lakes,Species/Dataset,Stephanodiscus,Stephanodiscus sp. 1 VTEC Lakes,3,6,FALSE,,,,,,,,,,,,,,,,,
Stephanodiscus sp. 2 NE Lakes,Species/Dataset,Stephanodiscus,Stephanodiscus sp. 2 NE Lakes,41,247,FALSE,,,,,,,planktonic,planktonic,MEDIUM,,,,,NON_N_FIXER,NON_MOTILE,,
Stephanodiscus sp. 501 NE Lakes,Species/Dataset,Stephanodiscus,Stephanodiscus sp. 501 NE Lakes,1,1,FALSE,,,,,,,planktonic,planktonic,MEDIUM,,,,,NON_N_FIXER,NON_MOTILE,,
Surirella,Genera,Surirella,,182,28,FALSE,4,4_better,IV_better,,neutral,,benthic,benthic (many possible substrates),,,,,,NON_N_FIXER,HIGHLY_MOTILE,HIGHLY_MOTILE.1,
Surirella adumbratus,Species,Surirella,Surirella adumbratus,3,3,FALSE,,,,,,,benthic,benthic (many possible substrates),,,,,,NON_N_FIXER,HIGHLY_MOTILE,HIGHLY_MOTILE.1,
Surirella amphioxys,Species,Surirella,Surirella amphioxys,11,10,FALSE,,,,,,,benthic,benthic (many possible substrates),MEDIUM,eutra,TROPHIC_5,,,NON_N_FIXER,HIGHLY_MOTILE,HIGHLY_MOTILE.1,
Surirella angusta,Species,Surirella,Surirella angusta,190,28,FALSE,4,4_better,IV_better,,neutral,,benthic,benthic (many possible substrates),MEDIUM,eutra,TROPHIC_5,,,NON_N_FIXER,HIGHLY_MOTILE,HIGHLY_MOTILE.1,
Surirella angustiformis,Species,Surirella,Surirella angustiformis,3,6,FALSE,,,,,,,benthic,benthic (many possible substrates),,,,,,NON_N_FIXER,HIGHLY_MOTILE,HIGHLY_MOTILE.1,
Surirella bohemica,Species,Surirella,Surirella bohemica,1,1,FALSE,,,,,,,benthic,benthic (many possible substrates),BIG,,,,,NON_N_FIXER,HIGHLY_MOTILE,HIGHLY_MOTILE.1,
Surirella brebissonii,Species,Surirella,Surirella brebissonii,15,15,FALSE,,,,,,,benthic,benthic (many possible substrates),MEDIUM,,,HIGH_P,HIGH_N,NON_N_FIXER,HIGHLY_MOTILE,HIGHLY_MOTILE.1,
Surirella brebissonii var. kuetzingii,Variety,Surirella,Surirella brebissonii,8,12,FALSE,,,,,,,benthic,benthic (many possible substrates),MEDIUM,eutra,TROPHIC_5,HIGH_P,HIGH_N,NON_N_FIXER,HIGHLY_MOTILE,HIGHLY_MOTILE.1,
Surirella brightwellii,Species,Surirella,Surirella brightwellii,2,9,FALSE,,,,,,,benthic,benthic (many possible substrates),MEDIUM,,,,,NON_N_FIXER,HIGHLY_MOTILE,HIGHLY_MOTILE.1,
Surirella cruciata,Species,Surirella,Surirella cruciata,3,1,FALSE,,,,,,,benthic,benthic (many possible substrates),,,,,,NON_N_FIXER,HIGHLY_MOTILE,HIGHLY_MOTILE.1,
Surirella crumena,Species,Surirella,Surirella crumena,1,1,FALSE,,,,,,,,,,,,,,,,,
Surirella cuspidata,Species,Surirella,Surirella cuspidata,6,3,FALSE,,,,,,,benthic,benthic (many possible substrates),,,,,,NON_N_FIXER,HIGHLY_MOTILE,HIGHLY_MOTILE.1,
Surirella delicatissima f. tenuissima,Variety,Surirella,Surirella delicatissima,15,7,FALSE,,,,,,,benthic,benthic (many possible substrates),,,,,,NON_N_FIXER,HIGHLY_MOTILE,HIGHLY_MOTILE.1,
Surirella delicatissima var. 1 PIRLA,Variety/Dataset,Surirella,Surirella delicatissima,39,102,FALSE,,,,,,,,,,,,,,,,,
Surirella elegans,Species,Surirella,Surirella elegans,3,1,FALSE,,,,,,,benthic,benthic (many possible substrates),,meso-eutra,TROPHIC_4,,,NON_N_FIXER,HIGHLY_MOTILE,HIGHLY_MOTILE.1,
Surirella helvetica,Species,Surirella,Surirella helvetica,1,1,FALSE,,,,,,,benthic,benthic (many possible substrates),,oligo,TROPHIC_1,,,NON_N_FIXER,HIGHLY_MOTILE,HIGHLY_MOTILE.1,
Surirella lacrimula,Species,Surirella,Surirella lacrimula,1,2,FALSE,,,,,,,benthic,benthic (many possible substrates),,,,,,NON_N_FIXER,HIGHLY_MOTILE,HIGHLY_MOTILE.1,
Surirella linearis var. constricta,Variety,Surirella,Surirella linearis,76,26,FALSE,,,,,,,benthic,benthic (many possible substrates),BIG,,,,,NON_N_FIXER,HIGHLY_MOTILE,HIGHLY_MOTILE.1,
Surirella linearis var. helvetica,Variety,Surirella,Surirella linearis,2,1,FALSE,,,,,,,benthic,benthic (many possible substrates),,,,,,NON_N_FIXER,HIGHLY_MOTILE,HIGHLY_MOTILE.1,
Surirella minuta,Species,Surirella,Surirella minuta,28,32,FALSE,,,,,,,benthic,benthic (many possible substrates),SMALL,,,HIGH_P,HIGH_N,NON_N_FIXER,HIGHLY_MOTILE,HIGHLY_MOTILE.1,
Surirella nana,Species,Surirella,Surirella nana,1,24,FALSE,,,,,,,benthic,benthic (many possible substrates),,,,,,NON_N_FIXER,HIGHLY_MOTILE,HIGHLY_MOTILE.1,
Surirella ovalis,Species,Surirella,Surirella ovalis,2,1,FALSE,,,,,,,benthic,benthic (many possible substrates),MEDIUM,eutra,TROPHIC_5,,,NON_N_FIXER,HIGHLY_MOTILE,HIGHLY_MOTILE.1,
Surirella ovata,Species,Surirella,Surirella ovata,25,19,FALSE,,,,,,,benthic,benthic (many possible substrates),MEDIUM,,,,,NON_N_FIXER,HIGHLY_MOTILE,HIGHLY_MOTILE.1,
Surirella papillifera,Species,Surirella,Surirella papillifera,1,1,FALSE,,,,,,,benthic,benthic (many possible substrates),,,,,,NON_N_FIXER,HIGHLY_MOTILE,HIGHLY_MOTILE.1,
Surirella roba,Species,Surirella,Surirella roba,10,3,FALSE,,,,,,,benthic,benthic (many possible substrates),,oligo,TROPHIC_1,,,NON_N_FIXER,HIGHLY_MOTILE,HIGHLY_MOTILE.1,
Surirella robusta,Species,Surirella,Surirella robusta,19,12,FALSE,,,,,,,benthic,benthic (many possible substrates),BIG,indiff,TROPHIC_7,,,NON_N_FIXER,HIGHLY_MOTILE,HIGHLY_MOTILE.1,
Surirella sp. 1 NE Lakes,Species/Dataset,Surirella,Surirella sp. 1 NE Lakes,2,3,FALSE,,,,,,,benthic,benthic (many possible substrates),,,,,,NON_N_FIXER,HIGHLY_MOTILE,HIGHLY_MOTILE.1,
Surirella sp. 10 NE Lakes,Species/Dataset,Surirella,Surirella sp. 10 NE Lakes,2,5,FALSE,,,,,,,benthic,benthic (many possible substrates),,,,,,NON_N_FIXER,HIGHLY_MOTILE,HIGHLY_MOTILE.1,
Surirella sp. 11 NE Lakes,Species/Dataset,Surirella,Surirella sp. 11 NE Lakes,1,1,FALSE,,,,,,,,,,,,,,,,,
Surirella sp. 2 NE Lakes,Species/Dataset,Surirella,Surirella sp. 2 NE Lakes,6,3,FALSE,,,,,,,benthic,benthic (many possible substrates),,,,,,NON_N_FIXER,HIGHLY_MOTILE,HIGHLY_MOTILE.1,
Surirella sp. 2 PIRLA,Species/Dataset,Surirella,Surirella sp. 2 PIRLA,25,54,FALSE,,,,,,,,,,,,,,,,,
Surirella sp. 3 NE Lakes,Species/Dataset,Surirella,Surirella sp. 3 NE Lakes,28,3,FALSE,,,,,,,benthic,benthic (many possible substrates),,,,,,NON_N_FIXER,HIGHLY_MOTILE,HIGHLY_MOTILE.1,
Surirella sp. 3 PIRLA,Species/Dataset,Surirella,Surirella sp. 3 PIRLA,1,1,FALSE,,,,,,,,,,,,,,,,,
Surirella sp. 4 NE Lakes,Species/Dataset,Surirella,Surirella sp. 4 NE Lakes,2,1,FALSE,,,,,,,benthic,benthic (many possible substrates),,,,,,NON_N_FIXER,HIGHLY_MOTILE,HIGHLY_MOTILE.1,
Surirella sp. 4 PIRLA,Species/Dataset,Surirella,Surirella sp. 4 PIRLA,4,3,FALSE,,,,,,,,,,,,,,,,,
Surirella sp. 6 NE Lakes,Species/Dataset,Surirella,Surirella sp. 6 NE Lakes,5,3,FALSE,,,,,,,benthic,benthic (many possible substrates),,,,,,NON_N_FIXER,HIGHLY_MOTILE,HIGHLY_MOTILE.1,
Surirella sp. 8 NE Lakes,Species/Dataset,Surirella,Surirella sp. 8 NE Lakes,1,1,FALSE,,,,,,,,,,,,,,,,,
Surirella stoermerii,Species,Surirella,Surirella stoermerii,1,1,FALSE,,,,,,,benthic,benthic (many possible substrates),,,,,,NON_N_FIXER,HIGHLY_MOTILE,HIGHLY_MOTILE.1,
Surirella tenuis,Species,Surirella,Surirella tenuis,3,7,FALSE,,,,,,,benthic,benthic (many possible substrates),,,,,,NON_N_FIXER,HIGHLY_MOTILE,HIGHLY_MOTILE.1,
Surirella tenuissima,Species,Surirella,Surirella tenuissima,1,2,FALSE,,,,,,,benthic,benthic (many possible substrates),,,,,,NON_N_FIXER,HIGHLY_MOTILE,HIGHLY_MOTILE.1,
Surirella undulata,Species,Surirella,Surirella undulata,2,3,FALSE,,,,,,,benthic,benthic (many possible substrates),,,,,,NON_N_FIXER,HIGHLY_MOTILE,HIGHLY_MOTILE.1,
Synedra,Genera,Synedra,,148,351,FALSE,4,4_middle,IV_middle,,neutral,,"benthic,planktonic",planktonic and benthic,,,,,,NON_N_FIXER,NON_MOTILE,ARAPHID,
Synedra familiaris,Variety,Synedra,Synedra familiaris,214,368,FALSE,4,4_middle,IV_middle,,neutral,,"benthic,planktonic",planktonic and benthic,SMALL,,,,,NON_N_FIXER,NON_MOTILE,ARAPHID,
Synedra filiformis var. capitata,Variety,Synedra,Synedra filiformis,2,3,FALSE,,,,,,,"benthic,planktonic",planktonic and benthic,,,,,,NON_N_FIXER,NON_MOTILE,ARAPHID,
Synedra filiformis var. exilis,Variety,Synedra,Synedra filiformis,84,83,FALSE,4,4_better,IV_better,,,,"benthic,planktonic",planktonic and benthic,SMALL,,,,,NON_N_FIXER,NON_MOTILE,ARAPHID,
Synedra minuscula,Species,Synedra,Synedra minuscula,15,31,FALSE,,,,,,,,,,,,,,,NON_MOTILE,,
Synedra nana,Species,Synedra,Synedra nana,22,194,FALSE,,,,,,,"benthic,planktonic",planktonic and benthic,,,,,,NON_N_FIXER,NON_MOTILE,ARAPHID,
Synedra planktonica,Species,Synedra,Synedra planktonica,29,273,FALSE,,,,,,,,,,,,,,,NON_MOTILE,,
Synedra sp. 1 NAWQA MORALES,Species/Dataset,Synedra,Synedra sp. 1 NAWQA MORALES,3,3,FALSE,,,,,,,,,,,,,,,,,
Synedra sp. 1 PIRLA,Species/Dataset,Synedra,Synedra sp. 1 PIRLA,32,104,FALSE,,,,,,,,,,,,,,,,,
Synedra sp. 2 MONTANA HAGAN,Species/Dataset,Synedra,Synedra sp. 2 MONTANA HAGAN,1,1,FALSE,,,,,,,,,,,,,,,,,
Synedra sp. 2 NAWQA,Species/Dataset,Synedra,Synedra sp. 2 NAWQA,16,65,FALSE,,,,,,,,,,,,,,,,,
Synedra sp. 2 NAWQA MORALES,Species/Dataset,Synedra,Synedra sp. 2 NAWQA MORALES,27,60,FALSE,,,,,,,,,,,,,,,,,
Synedra sp. 5 PIRLA,Species/Dataset,Synedra,Synedra sp. 5 PIRLA,1,1,FALSE,,,,,,,,,,,,,,,,,
Synedra sp. 7 NAWQA MORALES,Species/Dataset,Synedra,Synedra sp. 7 NAWQA MORALES,1,4,FALSE,,,,,,,,,,,,,,,,,
Synedra sp. 8 NAWQA,Species/Dataset,Synedra,Synedra sp. 8 NAWQA,5,17,FALSE,,,,,,,,,,,,,,,,,
Synedra sp. 8 NAWQA MORALES,Species/Dataset,Synedra,Synedra sp. 8 NAWQA MORALES,8,14,FALSE,,,,,,,,,,,,,,,,,
Synedra subrhombica,Species,Synedra,Synedra subrhombica,192,958,FALSE,3,,III,low,acid,,"benthic,planktonic",planktonic and benthic,,,,,,NON_N_FIXER,NON_MOTILE,ARAPHID,
Synedra ulna var. oxyrhynchus fo. mediocontracta,Variety,Synedra,Synedra ulna,1,2,FALSE,,,,,,,"benthic,planktonic",planktonic and benthic,MEDIUM,eutra,TROPHIC_5,LOW_P,LOW_N,NON_N_FIXER,NON_MOTILE,ARAPHID,
Tabellaria,Genera,Tabellaria,,128,215,FALSE,4,4_better,IV_better,,neutral,,planktonic,planktonic,MEDIUM,,,,,NON_N_FIXER,NON_MOTILE,ARAPHID,
Tabellaria fenestrata,Species,Tabellaria,Tabellaria fenestrata,617,1229,FALSE,4,4_better,IV_better,,neutral,,planktonic,planktonic,MEDIUM,oligo-meso,TROPHIC_2,,,NON_N_FIXER,NON_MOTILE,ARAPHID,
Tabellaria flocculosa,Species,Tabellaria,Tabellaria flocculosa,448,5004,FALSE,4,4_better,IV_better,,acid,,planktonic,planktonic,MEDIUM,meso,TROPHIC_3,LOW_P,,NON_N_FIXER,NON_MOTILE,ARAPHID,
Tabellaria flocculosa strain III,Species/Strain,Tabellaria,Tabellaria flocculosa,803,1754,FALSE,4,4_better,IV_better,,neutral,,planktonic,planktonic,MEDIUM,meso,TROPHIC_3,LOW_P,,NON_N_FIXER,NON_MOTILE,ARAPHID,
Tabellaria flocculosa strain IIIp,Species/Strain,Tabellaria,Tabellaria flocculosa,815,9371,FALSE,3,,III,,acid,,planktonic,planktonic,MEDIUM,meso,TROPHIC_3,LOW_P,,NON_N_FIXER,NON_MOTILE,ARAPHID,
Tabellaria flocculosa strain IV,Species/Strain,Tabellaria,Tabellaria flocculosa,571,508,FALSE,3,,III,low,acid,,planktonic,planktonic,MEDIUM,meso,TROPHIC_3,LOW_P,,NON_N_FIXER,NON_MOTILE,ARAPHID,
Tabellaria flocculosa var. fenestrata,Variety,Tabellaria,Tabellaria flocculosa,1,1,FALSE,,,,,,,planktonic,planktonic,MEDIUM,meso,TROPHIC_3,LOW_P,,NON_N_FIXER,NON_MOTILE,ARAPHID,
Tabellaria flocculosa var. linearis,Variety,Tabellaria,Tabellaria flocculosa,608,1433,FALSE,4,4_better,IV_better,,acid,,planktonic,planktonic,MEDIUM,,,,,NON_N_FIXER,NON_MOTILE,ARAPHID,
Tabellaria quadriseptata,Species,Tabellaria,Tabellaria quadriseptata,353,2129,FALSE,3,,III,low,acid,,planktonic,planktonic,SMALL,oligo,TROPHIC_1,,,NON_N_FIXER,NON_MOTILE,ARAPHID,
Tabellaria ventricosa,Species,Tabellaria,Tabellaria ventricosa,40,111,FALSE,,,,,,,planktonic,planktonic,MEDIUM,,,LOW_P,,NON_N_FIXER,NON_MOTILE,ARAPHID,
Tabularia affinis var. acuminata,Variety,Tabularia,Tabularia affinis,4,1,FALSE,,,,,,,"benthic,planktonic",planktonic and benthic,,,,,,NON_N_FIXER,NON_MOTILE,ARAPHID,
Tabularia fasciculata,Species,Tabularia,Tabularia fasciculata,27,44,FALSE,,,,,,,"benthic,planktonic",planktonic and benthic,BIG,eutra,TROPHIC_5,,,NON_N_FIXER,NON_MOTILE,ARAPHID,
Tabularia tabulata,Species,Tabularia,Tabularia tabulata,12,16,FALSE,,,,,,,"benthic,planktonic",planktonic and benthic,BIG,,,,,NON_N_FIXER,NON_MOTILE,ARAPHID,
Tetracyclus sp. 1 VTEC Lakes,Species/Dataset,Tetracyclus,Tetracyclus sp. 1 VTEC Lakes,1,2,FALSE,,,,,,,,,,,,,,,,,
Thalassiosira,Genera,Thalassiosira,,1,3,FALSE,,,,,,,planktonic,planktonic,,,,,,,,,
Thalassiosira baltica,Species,Thalassiosira,Thalassiosira baltica,2,11,FALSE,,,,,,,planktonic,planktonic,MEDIUM,,,,,NON_N_FIXER,NON_MOTILE,,
Thalassiosira bramaputrae,Species,Thalassiosira,Thalassiosira bramaputrae,1,1,FALSE,,,,,,,,,,,,,,,,,
Thalassiosira fluviatilis,Species,Thalassiosira,Thalassiosira fluviatilis,1,1,FALSE,,,,,,,planktonic,planktonic,,,,,,NON_N_FIXER,NON_MOTILE,,
Thalassiosira lacustris,Species,Thalassiosira,Thalassiosira lacustris,1,1,FALSE,,,,,,,planktonic,planktonic,MEDIUM,,,,,NON_N_FIXER,NON_MOTILE,,
Thalassiosira pseudonana,Species,Thalassiosira,Thalassiosira pseudonana,13,27,FALSE,,,,,,,planktonic,planktonic,VERY SMALL,hypereutra,TROPHIC_6,,,NON_N_FIXER,NON_MOTILE,,
Thalassiosira visurgis,Species,Thalassiosira,Thalassiosira visurgis,4,38,FALSE,,,,,,,planktonic,planktonic,MEDIUM,,,,,NON_N_FIXER,NON_MOTILE,,
Tryblionella,Genera,Tryblionella,,3,9,FALSE,4,4_worse,IV_worse,,,,benthic,benthic (many possible substrates),,,,,,NON_N_FIXER,HIGHLY_MOTILE,HIGHLY_MOTILE.1,
Tryblionella acuminata,Species,Tryblionella,Tryblionella acuminata,3,17,FALSE,,,,,,,benthic,benthic (many possible substrates),,,,,,NON_N_FIXER,HIGHLY_MOTILE,HIGHLY_MOTILE.1,
Tryblionella aerophila,Species,Tryblionella,Tryblionella aerophila,2,2,FALSE,,,,,,,benthic,benthic (many possible substrates),,,,,,NON_N_FIXER,HIGHLY_MOTILE,HIGHLY_MOTILE.1,
Tryblionella apiculata,Species,Tryblionella,Tryblionella apiculata,6,1,FALSE,,,,,,,benthic,benthic (many possible substrates),MEDIUM,,,HIGH_P,HIGH_N,NON_N_FIXER,MODERATELY_MOTILE,HIGHLY_MOTILE.1,
Tryblionella brunoi,Species,Tryblionella,Tryblionella brunoi,1,2,FALSE,,,,,,,benthic,benthic (many possible substrates),,,,,,NON_N_FIXER,HIGHLY_MOTILE,HIGHLY_MOTILE.1,
Tryblionella calida,Species,Tryblionella,Tryblionella calida,9,6,FALSE,,,,,,,benthic,benthic (many possible substrates),BIG,eutra,TROPHIC_5,HIGH_P,HIGH_N,NON_N_FIXER,MODERATELY_MOTILE,HIGHLY_MOTILE.1,
Tryblionella coarctata,Species,Tryblionella,Tryblionella coarctata,1,1,FALSE,,,,,,,benthic,benthic (many possible substrates),,,,,,NON_N_FIXER,HIGHLY_MOTILE,HIGHLY_MOTILE.1,
Tryblionella debilis,Species,Tryblionella,Tryblionella debilis,13,26,FALSE,,,,,,,benthic,benthic (many possible substrates),,,,,,NON_N_FIXER,HIGHLY_MOTILE,HIGHLY_MOTILE.1,
Tryblionella gracilis,Species,Tryblionella,Tryblionella gracilis,3,9,FALSE,,,,,,,benthic,benthic (many possible substrates),,,,,,NON_N_FIXER,MODERATELY_MOTILE,HIGHLY_MOTILE.1,
Tryblionella hungarica,Species,Tryblionella,Tryblionella hungarica,6,10,FALSE,,,,,,,benthic,benthic (many possible substrates),,eutra,TROPHIC_5,HIGH_P,HIGH_N,NON_N_FIXER,HIGHLY_MOTILE,HIGHLY_MOTILE.1,
Tryblionella levidensis,Species,Tryblionella,Tryblionella levidensis,3,6,FALSE,,,,,,,,,,,,,,,,,
Tryblionella littoralis,Species,Tryblionella,Tryblionella littoralis,3,3,FALSE,,,,,,,benthic,benthic (many possible substrates),,,,HIGH_P,HIGH_N,NON_N_FIXER,HIGHLY_MOTILE,HIGHLY_MOTILE.1,
Tryblionella plana,Species,Tryblionella,Tryblionella plana,1,2,FALSE,,,,,,,benthic,benthic (many possible substrates),,,,,,NON_N_FIXER,HIGHLY_MOTILE,HIGHLY_MOTILE.1,
Tryblionella plana var. fennica,Variety,Tryblionella,Tryblionella plana,4,11,FALSE,,,,,,,benthic,benthic (many possible substrates),,,,,,NON_N_FIXER,HIGHLY_MOTILE,HIGHLY_MOTILE.1,
Tryblionella salinarum,Species,Tryblionella,Tryblionella salinarum,2,4,FALSE,,,,,,,benthic,benthic (many possible substrates),,eutra,TROPHIC_5,,,NON_N_FIXER,HIGHLY_MOTILE,HIGHLY_MOTILE.1,
Tryblionella scalaris,Species,Tryblionella,Tryblionella scalaris,24,86,FALSE,,,,,,,benthic,benthic (many possible substrates),VERY_BIG,eutra,TROPHIC_5,,,NON_N_FIXER,HIGHLY_MOTILE,HIGHLY_MOTILE.1,
Tryblionella sp. 502 NE Lakes,Species/Dataset,Tryblionella,Tryblionella sp. 502 NE Lakes,1,2,FALSE,,,,,,,benthic,benthic (many possible substrates),,,,,,NON_N_FIXER,HIGHLY_MOTILE,HIGHLY_MOTILE.1,
Ulnaria,Genera,Ulnaria,,43,28,FALSE,4,4_middle,IV_middle,,alkali,,mostlyplanktonic,mostly planktonic,MEDIUM,,,LOW_P,LOW_N,NON_N_FIXER,NON_MOTILE,ARAPHID,
Ulnaria acus,Species,Ulnaria,Ulnaria acus,124,364,FALSE,4,4_worse,IV_worse,,alkali,,mostlyplanktonic,mostly planktonic,SMALL,,,LOW_P,LOW_N,NON_N_FIXER,NON_MOTILE,ARAPHID,
Ulnaria amphirhynchus,Variety,Ulnaria,Ulnaria amphirhynchus,1,1,FALSE,,,,,,,mostlyplanktonic,mostly planktonic,SMALL,indiff,TROPHIC_7,LOW_P,LOW_N,NON_N_FIXER,NON_MOTILE,ARAPHID,
Ulnaria biceps,Species,Ulnaria,Ulnaria biceps,8,6,FALSE,,,,,,,mostlyplanktonic,mostly planktonic,MEDIUM,,,LOW_P,LOW_N,NON_N_FIXER,NON_MOTILE,ARAPHID,
Ulnaria capitata,Species,Ulnaria,Ulnaria capitata,3,3,FALSE,,,,,,,mostlyplanktonic,mostly planktonic,SMALL,,,,,NON_N_FIXER,NON_MOTILE,ARAPHID,
Ulnaria contracta,Species,Ulnaria,Ulnaria contracta,16,24,FALSE,,,,,,,mostlyplanktonic,mostly planktonic,MEDIUM,,,LOW_P,LOW_N,NON_N_FIXER,NON_MOTILE,ARAPHID,
Ulnaria danica,Species,Ulnaria,Ulnaria danica,3,1,FALSE,,,,,,,mostlyplanktonic,mostly planktonic,MEDIUM,,,LOW_P,LOW_N,NON_N_FIXER,NON_MOTILE,ARAPHID,
Ulnaria delicatissima,Species,Ulnaria,Ulnaria delicatissima,178,1167,FALSE,4,4_middle,IV_middle,,hialkali,,mostlyplanktonic,mostly planktonic,SMALL,,,LOW_P,LOW_N,NON_N_FIXER,NON_MOTILE,ARAPHID,
Ulnaria delicatissima var. angustissima,Variety,Ulnaria,Ulnaria delicatissima,156,384,FALSE,4,4_worse,IV_worse,,hialkali,,mostlyplanktonic,mostly planktonic,SMALL,,,LOW_P,LOW_N,NON_N_FIXER,NON_MOTILE,ARAPHID,
Ulnaria goulardii,Species,Ulnaria,Ulnaria goulardii,3,7,FALSE,,,,,,,mostlyplanktonic,mostly planktonic,MEDIUM,,,,,NON_N_FIXER,NON_MOTILE,ARAPHID,
Ulnaria grunowii,Species,Ulnaria,Ulnaria grunowii,83,173,FALSE,4,4_middle,IV_middle,,hialkali,,mostlyplanktonic,mostly planktonic,MEDIUM,,,LOW_P,LOW_N,NON_N_FIXER,NON_MOTILE,ARAPHID,
Ulnaria lanceolata,Species,Ulnaria,Ulnaria lanceolata,2,2,FALSE,,,,,,,,,,,,,,,,,
Ulnaria ramesi,Species,Ulnaria,Ulnaria ramesi,3,16,FALSE,,,,,,,mostlyplanktonic,mostly planktonic,MEDIUM,,,LOW_P,LOW_N,NON_N_FIXER,NON_MOTILE,ARAPHID,
Ulnaria sp. 1 NE Lakes,Species/Dataset,Ulnaria,Ulnaria sp. 1 NE Lakes,12,23,FALSE,,,,,,,mostlyplanktonic,mostly planktonic,MEDIUM,,,LOW_P,LOW_N,NON_N_FIXER,NON_MOTILE,ARAPHID,
Ulnaria sp. 2 NE Lakes,Species/Dataset,Ulnaria,Ulnaria sp. 2 NE Lakes,6,3,FALSE,,,,,,,mostlyplanktonic,mostly planktonic,MEDIUM,,,LOW_P,LOW_N,NON_N_FIXER,NON_MOTILE,ARAPHID,
Ulnaria ulna,Species,Ulnaria,Ulnaria ulna,493,209,FALSE,4,4_middle,IV_middle,,alkali,,mostlyplanktonic,mostly planktonic,MEDIUM,,,LOW_P,LOW_N,NON_N_FIXER,NON_MOTILE,ARAPHID,
Ulnaria ulna forme 1 sensu Lavoie et al,Variety,Ulnaria,Ulnaria ulna,2,4,FALSE,,,,,,,mostlyplanktonic,mostly planktonic,MEDIUM,,,LOW_P,LOW_N,NON_N_FIXER,NON_MOTILE,ARAPHID,
Ulnaria ulna forme 2 sensu Lavoie et al,Variety,Ulnaria,Ulnaria ulna,21,50,FALSE,,,,,,,mostlyplanktonic,mostly planktonic,MEDIUM,,,LOW_P,LOW_N,NON_N_FIXER,NON_MOTILE,ARAPHID,
Ulnaria ulna var. chaseana,Variety,Ulnaria,Ulnaria ulna,7,18,FALSE,,,,,,,mostlyplanktonic,mostly planktonic,MEDIUM,,,LOW_P,LOW_N,NON_N_FIXER,NON_MOTILE,ARAPHID,
Ulnaria ulna var. constricta,Variety,Ulnaria,Ulnaria ulna,3,11,FALSE,,,,,,,mostlyplanktonic,mostly planktonic,MEDIUM,,,LOW_P,LOW_N,NON_N_FIXER,NON_MOTILE,ARAPHID,
Undetermined,,,,92,401,TRUE,,,,,,,,,,,,,,,,,
Undetermined centric,,,,54,39,TRUE,,,,,,,,,,,,,,,,,
Undetermined pennate,,,,599,1639,TRUE,,,,,,,,,,,,,,,,,
Urosolenia,Genera,Urosolenia,,8,15,FALSE,,,,,,,planktonic,planktonic,,,,,,,,,
Urosolenia eriensis,Species,Urosolenia,Urosolenia eriensis,8,38,FALSE,,,,,,,planktonic,planktonic,,,,,,,,,
